Date,HSI,SI,PI,CI,DTI,HSI_target_7d,HSI_target_30d,HSI_target_60d,HSI_target_90d,SI_target_7d,SI_target_30d,SI_target_60d,SI_target_90d,PI_target_7d,PI_target_30d,PI_target_60d,PI_target_90d,CI_target_7d,CI_target_30d,CI_target_60d,CI_target_90d
2012-08-01,570,1047,954,1181,642,538.0,459.0,467.0,430.0,982.0,858.0,836.0,699.0,840.0,735.0,439.0,792.0,1204.0,1172.0,1660.0,2458.0
2012-08-02,558,1032,931,1178,638,535.0,458.0,467.0,429.0,966.0,855.0,836.0,693.0,823.0,714.0,439.0,782.0,1192.0,1180.0,1660.0,2419.0
2012-08-03,552,1023,910,1200,634,531.0,458.0,454.0,426.0,946.0,855.0,830.0,689.0,814.0,714.0,463.0,770.0,1169.0,1180.0,1676.0,2355.0
2012-08-06,544,1010,890,1214,626,523.0,455.0,444.0,419.0,906.0,852.0,810.0,671.0,804.0,647.0,598.0,757.0,1158.0,1188.0,1932.0,2261.0
2012-08-07,539,995,868,1237,623,512.0,457.0,444.0,419.0,886.0,849.0,802.0,671.0,803.0,617.0,647.0,757.0,1147.0,1186.0,1921.0,2261.0
2012-08-08,538,982,840,1204,619,506.0,458.0,444.0,416.0,877.0,845.0,802.0,669.0,801.0,599.0,647.0,747.0,1120.0,1186.0,1921.0,2186.0
2012-08-09,535,966,823,1192,615,502.0,461.0,444.0,412.0,865.0,837.0,802.0,662.0,801.0,582.0,647.0,737.0,1105.0,1188.0,1921.0,2098.0
2012-08-10,531,946,814,1169,613,496.0,461.0,442.0,409.0,856.0,837.0,795.0,654.0,806.0,582.0,712.0,726.0,1095.0,1188.0,1829.0,2119.0
2012-08-13,523,906,804,1158,612,490.0,471.0,444.0,405.0,847.0,827.0,787.0,644.0,819.0,545.0,871.0,720.0,1087.0,1186.0,1914.0,2283.0
2012-08-14,512,886,803,1147,608,485.0,475.0,444.0,405.0,841.0,821.0,783.0,644.0,833.0,527.0,885.0,720.0,1082.0,1198.0,1960.0,2283.0
2012-08-15,506,877,801,1120,604,481.0,477.0,444.0,405.0,838.0,825.0,783.0,649.0,843.0,502.0,885.0,732.0,1091.0,1204.0,1960.0,2327.0
2012-08-16,502,865,801,1105,604,477.0,479.0,444.0,402.0,833.0,828.0,783.0,652.0,840.0,483.0,885.0,774.0,1103.0,1219.0,1960.0,2375.0
2012-08-17,496,856,806,1095,606,474.0,479.0,443.0,403.0,833.0,828.0,776.0,653.0,828.0,483.0,904.0,846.0,1124.0,1219.0,2103.0,2350.0
2012-08-20,490,847,819,1087,608,472.0,480.0,445.0,407.0,845.0,839.0,746.0,664.0,812.0,468.0,879.0,902.0,1182.0,1421.0,2217.0,2369.0
2012-08-21,485,841,833,1082,610,472.0,482.0,445.0,407.0,845.0,843.0,740.0,664.0,812.0,468.0,861.0,902.0,1182.0,1531.0,2332.0,2369.0
2012-08-22,481,838,843,1091,614,466.0,484.0,445.0,409.0,853.0,845.0,740.0,674.0,788.0,467.0,861.0,933.0,1177.0,1584.0,2332.0,2367.0
2012-08-23,477,833,840,1103,617,463.0,486.0,445.0,416.0,857.0,850.0,740.0,687.0,758.0,461.0,861.0,963.0,1169.0,1578.0,2332.0,2335.0
2012-08-24,474,833,828,1124,617,459.0,486.0,442.0,424.0,858.0,850.0,732.0,695.0,735.0,461.0,843.0,991.0,1172.0,1578.0,2587.0,2318.0
2012-08-28,472,845,812,1182,618,456.0,476.0,432.0,434.0,857.0,847.0,706.0,716.0,686.0,418.0,799.0,1021.0,1186.0,1548.0,2460.0,2277.0
2012-08-29,466,853,788,1177,620,455.0,472.0,432.0,438.0,852.0,844.0,706.0,724.0,647.0,425.0,799.0,1023.0,1188.0,1621.0,2460.0,2275.0
2012-08-30,463,857,758,1169,622,457.0,467.0,432.0,442.0,849.0,836.0,706.0,732.0,617.0,439.0,799.0,1009.0,1186.0,1660.0,2460.0,2275.0
2012-08-31,459,858,735,1172,626,458.0,467.0,430.0,446.0,845.0,836.0,699.0,742.0,599.0,439.0,792.0,994.0,1186.0,1660.0,2458.0,2241.0
2012-09-03,458,855,714,1180,627,461.0,448.0,422.0,448.0,837.0,825.0,678.0,760.0,582.0,496.0,766.0,973.0,1188.0,1738.0,2304.0,2166.0
2012-09-04,456,857,686,1186,628,466.0,445.0,419.0,448.0,832.0,818.0,671.0,760.0,566.0,544.0,757.0,973.0,1187.0,1873.0,2261.0,2166.0
2012-09-05,455,852,647,1188,626,471.0,444.0,419.0,447.0,827.0,810.0,671.0,766.0,545.0,598.0,757.0,962.0,1186.0,1932.0,2261.0,2095.0
2012-09-06,457,849,617,1186,628,475.0,444.0,419.0,446.0,821.0,802.0,671.0,772.0,527.0,647.0,757.0,949.0,1198.0,1921.0,2261.0,2000.0
2012-09-07,458,845,599,1186,631,477.0,444.0,416.0,446.0,825.0,802.0,669.0,771.0,502.0,647.0,747.0,940.0,1204.0,1921.0,2186.0,1897.0
2012-09-10,461,837,582,1188,634,479.0,442.0,407.0,447.0,828.0,791.0,647.0,765.0,483.0,784.0,722.0,928.0,1219.0,1775.0,2203.0,1762.0
2012-09-11,466,832,566,1187,637,480.0,444.0,405.0,447.0,834.0,789.0,644.0,765.0,474.0,843.0,720.0,928.0,1326.0,1833.0,2283.0,1762.0
2012-09-12,471,827,545,1186,635,480.0,444.0,405.0,447.0,839.0,787.0,644.0,760.0,468.0,871.0,720.0,914.0,1421.0,1914.0,2283.0,1652.0
2012-09-13,475,821,527,1198,634,482.0,444.0,405.0,444.0,843.0,783.0,644.0,751.0,468.0,885.0,720.0,894.0,1531.0,1960.0,2283.0,1446.0
2012-09-14,477,825,502,1204,633,484.0,444.0,405.0,443.0,845.0,783.0,649.0,751.0,467.0,885.0,732.0,871.0,1584.0,1960.0,2327.0,1407.0
2012-09-17,479,828,483,1219,634,486.0,443.0,405.0,444.0,850.0,768.0,655.0,746.0,461.0,904.0,886.0,815.0,1578.0,2162.0,2347.0,1403.0
2012-09-18,480,834,474,1326,635,483.0,444.0,407.0,444.0,847.0,754.0,664.0,746.0,441.0,895.0,902.0,815.0,1568.0,2135.0,2369.0,1403.0
2012-09-19,480,839,468,1421,637,479.0,445.0,407.0,444.0,847.0,746.0,664.0,745.0,426.0,879.0,902.0,793.0,1549.0,2217.0,2369.0,1315.0
2012-09-20,482,843,468,1531,642,476.0,445.0,407.0,444.0,847.0,740.0,664.0,742.0,418.0,861.0,902.0,765.0,1548.0,2332.0,2369.0,1233.0
2012-09-21,484,845,467,1584,643,472.0,445.0,409.0,445.0,844.0,740.0,674.0,738.0,425.0,861.0,933.0,734.0,1621.0,2332.0,2367.0,1226.0
2012-09-24,486,850,461,1578,642,467.0,440.0,431.0,447.0,836.0,721.0,706.0,735.0,439.0,825.0,1013.0,699.0,1660.0,2530.0,2288.0,1235.0
2012-09-25,483,847,441,1568,640,454.0,437.0,434.0,447.0,830.0,716.0,716.0,735.0,463.0,811.0,1021.0,699.0,1676.0,2432.0,2277.0,1235.0
2012-09-26,479,847,426,1549,638,448.0,434.0,434.0,446.0,825.0,712.0,716.0,732.0,496.0,804.0,1021.0,685.0,1738.0,2451.0,2277.0,1237.0
2012-09-27,476,847,418,1548,640,445.0,432.0,434.0,446.0,818.0,706.0,716.0,732.0,544.0,799.0,1021.0,685.0,1873.0,2460.0,2277.0,1237.0
2012-09-28,472,844,425,1621,646,444.0,432.0,438.0,446.0,810.0,706.0,724.0,732.0,598.0,799.0,1023.0,685.0,1932.0,2460.0,2275.0,1237.0
2012-10-01,467,836,439,1660,649,444.0,429.0,448.0,446.0,802.0,693.0,751.0,732.0,647.0,782.0,980.0,685.0,1921.0,2419.0,2199.0,1237.0
2012-10-02,454,830,463,1676,652,442.0,426.0,448.0,446.0,795.0,689.0,760.0,732.0,712.0,770.0,973.0,685.0,1829.0,2355.0,2166.0,1237.0
2012-10-03,448,825,496,1738,656,442.0,422.0,448.0,446.0,791.0,678.0,760.0,732.0,784.0,766.0,973.0,685.0,1775.0,2304.0,2166.0,1237.0
2012-10-04,445,818,544,1873,660,444.0,419.0,448.0,446.0,789.0,671.0,760.0,732.0,843.0,757.0,973.0,685.0,1833.0,2261.0,2166.0,1237.0
2012-10-05,444,810,598,1932,664,444.0,419.0,447.0,447.0,787.0,671.0,766.0,737.0,871.0,757.0,962.0,675.0,1914.0,2261.0,2095.0,1254.0
2012-10-08,444,802,647,1921,664,444.0,412.0,447.0,443.0,783.0,662.0,768.0,739.0,885.0,737.0,936.0,670.0,1960.0,2098.0,1832.0,1319.0
2012-10-09,442,795,712,1829,662,443.0,409.0,447.0,443.0,776.0,654.0,765.0,739.0,904.0,726.0,928.0,670.0,2103.0,2119.0,1762.0,1319.0
2012-10-10,442,791,784,1775,662,443.0,407.0,447.0,442.0,768.0,647.0,765.0,739.0,904.0,722.0,928.0,682.0,2162.0,2203.0,1762.0,1386.0
2012-10-11,444,789,843,1833,663,444.0,405.0,447.0,443.0,754.0,644.0,765.0,740.0,895.0,720.0,928.0,717.0,2135.0,2283.0,1762.0,1384.0
2012-10-12,444,787,871,1914,665,445.0,405.0,447.0,443.0,746.0,644.0,760.0,741.0,879.0,720.0,914.0,754.0,2217.0,2283.0,1652.0,1367.0
2012-10-15,444,783,885,1960,667,445.0,402.0,443.0,451.0,740.0,652.0,748.0,745.0,861.0,774.0,839.0,774.0,2332.0,2375.0,1440.0,1370.0
2012-10-16,443,776,904,2103,668,442.0,403.0,444.0,451.0,732.0,653.0,746.0,745.0,843.0,846.0,815.0,774.0,2587.0,2350.0,1403.0,1370.0
2012-10-17,443,768,904,2162,668,440.0,405.0,444.0,454.0,721.0,655.0,746.0,743.0,825.0,886.0,815.0,768.0,2530.0,2347.0,1403.0,1365.0
2012-10-18,444,754,895,2135,670,437.0,407.0,444.0,457.0,716.0,664.0,746.0,740.0,811.0,902.0,815.0,754.0,2432.0,2369.0,1403.0,1431.0
2012-10-19,445,746,879,2217,672,434.0,407.0,444.0,464.0,712.0,664.0,745.0,738.0,804.0,902.0,793.0,743.0,2451.0,2369.0,1315.0,1573.0
2012-10-22,445,740,861,2332,676,432.0,416.0,446.0,474.0,706.0,687.0,738.0,730.0,799.0,963.0,710.0,736.0,2460.0,2335.0,1228.0,1604.0
2012-10-23,442,732,843,2587,680,430.0,424.0,447.0,474.0,699.0,695.0,735.0,730.0,792.0,991.0,699.0,736.0,2458.0,2318.0,1235.0,1604.0
2012-10-24,440,721,825,2530,681,429.0,431.0,447.0,477.0,693.0,706.0,735.0,728.0,782.0,1013.0,699.0,729.0,2419.0,2288.0,1235.0,1577.0
2012-10-25,437,716,811,2432,683,426.0,434.0,447.0,478.0,689.0,716.0,735.0,721.0,770.0,1021.0,699.0,727.0,2355.0,2277.0,1235.0,1564.0
2012-10-26,434,712,804,2451,681,422.0,434.0,446.0,478.0,678.0,716.0,732.0,713.0,766.0,1021.0,685.0,723.0,2304.0,2277.0,1237.0,1541.0
2012-10-29,432,706,799,2460,678,419.0,442.0,446.0,472.0,671.0,732.0,732.0,711.0,757.0,1009.0,685.0,713.0,2261.0,2275.0,1237.0,1507.0
2012-10-30,430,699,792,2458,675,416.0,446.0,446.0,472.0,669.0,742.0,732.0,711.0,747.0,994.0,685.0,713.0,2186.0,2241.0,1237.0,1507.0
2012-10-31,429,693,782,2419,672,412.0,448.0,446.0,467.0,662.0,751.0,732.0,710.0,737.0,980.0,685.0,703.0,2098.0,2199.0,1237.0,1491.0
2012-11-01,426,689,770,2355,674,409.0,448.0,446.0,461.0,654.0,760.0,732.0,695.0,726.0,973.0,685.0,690.0,2119.0,2166.0,1237.0,1477.0
2012-11-02,422,678,766,2304,672,407.0,448.0,446.0,455.0,647.0,760.0,732.0,688.0,722.0,973.0,685.0,677.0,2203.0,2166.0,1237.0,1468.0
2012-11-05,419,671,757,2261,667,405.0,446.0,446.0,444.0,644.0,772.0,739.0,682.0,720.0,949.0,670.0,653.0,2283.0,2000.0,1285.0,1461.0
2012-11-06,416,669,747,2186,659,405.0,446.0,443.0,444.0,649.0,771.0,739.0,682.0,732.0,940.0,670.0,653.0,2327.0,1897.0,1319.0,1461.0
2012-11-07,412,662,737,2098,655,402.0,447.0,443.0,438.0,652.0,768.0,739.0,681.0,774.0,936.0,670.0,651.0,2375.0,1832.0,1319.0,1466.0
2012-11-08,409,654,726,2119,662,403.0,447.0,443.0,431.0,653.0,765.0,739.0,677.0,846.0,928.0,670.0,657.0,2350.0,1762.0,1319.0,1484.0
2012-11-09,407,647,722,2203,667,405.0,447.0,442.0,425.0,655.0,765.0,739.0,674.0,886.0,928.0,682.0,695.0,2347.0,1762.0,1386.0,1481.0
2012-11-12,405,644,720,2283,680,407.0,444.0,448.0,418.0,664.0,751.0,743.0,669.0,902.0,894.0,772.0,737.0,2369.0,1446.0,1367.0,1453.0
2012-11-13,405,649,732,2327,687,409.0,443.0,451.0,418.0,674.0,751.0,745.0,669.0,933.0,871.0,774.0,737.0,2367.0,1407.0,1370.0,1453.0
2012-11-14,402,652,774,2375,700,416.0,443.0,451.0,417.0,687.0,748.0,745.0,666.0,963.0,839.0,774.0,749.0,2335.0,1440.0,1370.0,1448.0
2012-11-15,403,653,846,2350,713,424.0,444.0,451.0,414.0,695.0,746.0,745.0,668.0,991.0,815.0,774.0,782.0,2318.0,1403.0,1370.0,1448.0
2012-11-16,405,655,886,2347,715,431.0,444.0,454.0,412.0,706.0,746.0,743.0,664.0,1013.0,815.0,768.0,808.0,2288.0,1403.0,1365.0,1429.0
2012-11-19,407,664,902,2369,715,434.0,444.0,470.0,411.0,716.0,742.0,735.0,672.0,1021.0,765.0,740.0,845.0,2277.0,1233.0,1605.0,1408.0
2012-11-20,409,674,933,2367,723,438.0,445.0,474.0,411.0,724.0,738.0,730.0,672.0,1023.0,734.0,736.0,845.0,2275.0,1226.0,1604.0,1408.0
2012-11-21,416,687,963,2335,723,442.0,446.0,474.0,411.0,732.0,738.0,730.0,679.0,1009.0,710.0,736.0,859.0,2275.0,1228.0,1604.0,1377.0
2012-11-22,424,695,991,2318,725,446.0,447.0,474.0,410.0,742.0,735.0,730.0,687.0,994.0,699.0,736.0,875.0,2241.0,1235.0,1604.0,1355.0
2012-11-23,431,706,1013,2288,723,448.0,447.0,477.0,411.0,751.0,735.0,728.0,695.0,980.0,699.0,729.0,892.0,2199.0,1235.0,1577.0,1344.0
2012-11-26,434,716,1021,2277,723,448.0,446.0,475.0,414.0,760.0,732.0,712.0,717.0,973.0,685.0,718.0,922.0,2166.0,1237.0,1520.0,1323.0
2012-11-27,438,724,1023,2275,721,447.0,446.0,472.0,414.0,766.0,732.0,711.0,717.0,962.0,685.0,713.0,922.0,2095.0,1237.0,1507.0,1323.0
2012-11-28,442,732,1009,2275,719,446.0,446.0,472.0,419.0,772.0,732.0,711.0,724.0,949.0,685.0,713.0,939.0,2000.0,1237.0,1507.0,1291.0
2012-11-29,446,742,994,2241,708,446.0,446.0,472.0,426.0,771.0,732.0,711.0,734.0,940.0,685.0,713.0,961.0,1897.0,1237.0,1507.0,1264.0
2012-11-30,448,751,980,2199,705,447.0,446.0,467.0,436.0,768.0,732.0,710.0,745.0,936.0,685.0,703.0,990.0,1832.0,1237.0,1491.0,1249.0
2012-12-03,448,760,973,2166,705,447.0,446.0,449.0,454.0,765.0,732.0,684.0,781.0,928.0,685.0,664.0,1058.0,1762.0,1237.0,1454.0,1239.0
2012-12-04,447,766,962,2095,703,447.0,447.0,444.0,454.0,760.0,737.0,682.0,781.0,914.0,675.0,653.0,1058.0,1652.0,1254.0,1461.0,1239.0
2012-12-05,446,772,949,2000,701,444.0,446.0,444.0,466.0,751.0,739.0,682.0,801.0,894.0,670.0,653.0,1080.0,1446.0,1285.0,1461.0,1246.0
2012-12-06,446,771,940,1897,702,443.0,443.0,444.0,472.0,751.0,739.0,682.0,818.0,871.0,670.0,653.0,1090.0,1407.0,1319.0,1461.0,1251.0
2012-12-07,447,768,936,1832,706,443.0,443.0,438.0,478.0,748.0,739.0,681.0,837.0,839.0,670.0,651.0,1112.0,1440.0,1319.0,1466.0,1260.0
2012-12-10,447,765,928,1762,707,444.0,443.0,421.0,485.0,746.0,740.0,671.0,864.0,815.0,717.0,723.0,1128.0,1403.0,1384.0,1461.0,1260.0
2012-12-11,447,760,914,1652,711,444.0,443.0,418.0,485.0,745.0,741.0,669.0,864.0,793.0,754.0,737.0,1128.0,1315.0,1367.0,1453.0,1260.0
2012-12-12,444,751,894,1446,724,444.0,448.0,418.0,486.0,742.0,743.0,669.0,876.0,765.0,772.0,737.0,1131.0,1233.0,1367.0,1453.0,1314.0
2012-12-13,443,751,871,1407,730,445.0,451.0,418.0,490.0,738.0,745.0,669.0,889.0,734.0,774.0,737.0,1138.0,1226.0,1370.0,1453.0,1314.0
2012-12-14,443,748,839,1440,741,446.0,451.0,417.0,494.0,738.0,745.0,666.0,903.0,710.0,774.0,749.0,1147.0,1228.0,1370.0,1448.0,1302.0
2012-12-17,444,746,815,1403,746,447.0,457.0,412.0,513.0,735.0,740.0,667.0,925.0,699.0,754.0,832.0,1172.0,1235.0,1431.0,1434.0,1295.0
2012-12-18,444,745,793,1315,754,446.0,464.0,411.0,513.0,732.0,738.0,672.0,925.0,685.0,743.0,845.0,1172.0,1237.0,1573.0,1408.0,1295.0
2012-12-19,444,742,765,1233,774,446.0,470.0,411.0,522.0,732.0,735.0,672.0,937.0,685.0,740.0,845.0,1184.0,1237.0,1605.0,1408.0,1290.0
2012-12-20,445,738,734,1226,779,446.0,474.0,411.0,532.0,732.0,730.0,672.0,950.0,685.0,736.0,845.0,1190.0,1237.0,1604.0,1408.0,1294.0
2012-12-21,446,738,710,1228,778,446.0,474.0,411.0,539.0,732.0,730.0,679.0,959.0,685.0,736.0,859.0,1202.0,1237.0,1604.0,1377.0,1290.0
2012-12-24,447,735,699,1235,774,446.0,478.0,412.0,543.0,732.0,721.0,705.0,978.0,685.0,727.0,909.0,1210.0,1237.0,1564.0,1335.0,1284.0
2013-01-02,446,732,685,1237,764,443.0,449.0,454.0,543.0,740.0,684.0,781.0,944.0,717.0,664.0,1058.0,1155.0,1384.0,1454.0,1239.0,1229.0
2013-01-03,447,737,675,1254,696,443.0,444.0,454.0,537.0,741.0,682.0,781.0,933.0,754.0,653.0,1058.0,1129.0,1367.0,1461.0,1239.0,1209.0
2013-01-04,446,739,670,1285,689,448.0,444.0,466.0,529.0,743.0,682.0,801.0,924.0,772.0,653.0,1080.0,1106.0,1367.0,1461.0,1246.0,1209.0
2013-01-07,443,739,670,1319,679,451.0,431.0,483.0,523.0,745.0,677.0,852.0,912.0,774.0,657.0,1124.0,1084.0,1370.0,1484.0,1262.0,1223.0
2013-01-08,442,739,682,1386,671,454.0,425.0,485.0,523.0,743.0,674.0,864.0,912.0,768.0,695.0,1128.0,1084.0,1365.0,1481.0,1260.0,1223.0
2013-01-09,443,740,717,1384,663,457.0,421.0,485.0,518.0,740.0,671.0,864.0,907.0,754.0,723.0,1128.0,1077.0,1431.0,1461.0,1260.0,1236.0
2013-01-10,443,741,754,1367,654,464.0,418.0,485.0,518.0,738.0,669.0,864.0,902.0,743.0,737.0,1128.0,1080.0,1573.0,1453.0,1260.0,1250.0
2013-01-11,448,743,772,1367,646,470.0,418.0,486.0,521.0,735.0,669.0,876.0,900.0,740.0,737.0,1131.0,1095.0,1605.0,1453.0,1314.0,1257.0
2013-01-14,451,745,774,1370,641,474.0,414.0,506.0,528.0,730.0,668.0,913.0,902.0,736.0,782.0,1162.0,1125.0,1604.0,1448.0,1299.0,1257.0
2013-01-15,454,743,768,1365,637,477.0,412.0,513.0,528.0,728.0,664.0,925.0,902.0,729.0,808.0,1172.0,1125.0,1577.0,1429.0,1295.0,1257.0
2013-01-16,457,740,754,1431,633,478.0,412.0,513.0,531.0,721.0,667.0,925.0,902.0,727.0,832.0,1172.0,1143.0,1564.0,1434.0,1295.0,1251.0
2013-01-17,464,738,743,1573,631,478.0,411.0,513.0,537.0,713.0,672.0,925.0,900.0,723.0,845.0,1172.0,1167.0,1541.0,1408.0,1295.0,1245.0
2013-01-18,470,735,740,1605,630,475.0,411.0,522.0,538.0,712.0,672.0,937.0,899.0,718.0,845.0,1184.0,1180.0,1520.0,1408.0,1290.0,1238.0
2013-01-21,474,730,736,1604,630,472.0,410.0,542.0,540.0,711.0,687.0,968.0,902.0,713.0,875.0,1208.0,1202.0,1507.0,1355.0,1284.0,1230.0
2013-01-22,477,728,729,1577,633,467.0,411.0,543.0,540.0,710.0,695.0,978.0,902.0,703.0,892.0,1210.0,1202.0,1491.0,1344.0,1284.0,1230.0
2013-01-23,478,721,727,1564,632,461.0,412.0,543.0,540.0,695.0,705.0,978.0,902.0,690.0,909.0,1210.0,1193.0,1477.0,1335.0,1284.0,1220.0
2013-01-24,478,713,723,1541,636,455.0,414.0,543.0,543.0,688.0,717.0,978.0,903.0,677.0,922.0,1210.0,1165.0,1468.0,1323.0,1284.0,1214.0
2013-01-25,475,712,718,1520,647,449.0,414.0,545.0,544.0,684.0,717.0,981.0,905.0,664.0,922.0,1204.0,1121.0,1454.0,1323.0,1275.0,1220.0
2013-01-28,472,711,713,1507,646,444.0,426.0,543.0,545.0,682.0,734.0,944.0,900.0,653.0,961.0,1155.0,1058.0,1461.0,1264.0,1229.0,1260.0
2013-01-29,467,710,703,1491,637,438.0,436.0,543.0,545.0,681.0,745.0,944.0,900.0,651.0,990.0,1155.0,1058.0,1466.0,1249.0,1229.0,1260.0
2013-01-30,461,695,690,1477,632,431.0,447.0,543.0,544.0,677.0,764.0,944.0,895.0,657.0,1036.0,1155.0,1028.0,1484.0,1243.0,1229.0,1273.0
2013-01-31,455,688,677,1468,636,425.0,454.0,543.0,545.0,674.0,781.0,944.0,888.0,695.0,1058.0,1155.0,1018.0,1481.0,1239.0,1229.0,1279.0
2013-02-01,449,684,664,1454,636,421.0,454.0,543.0,546.0,671.0,781.0,944.0,884.0,723.0,1058.0,1155.0,1010.0,1461.0,1239.0,1229.0,1322.0
2013-02-04,444,682,653,1461,635,418.0,472.0,525.0,546.0,669.0,818.0,915.0,876.0,737.0,1090.0,1094.0,999.0,1453.0,1251.0,1215.0,1393.0
2013-02-05,438,681,651,1466,634,417.0,478.0,523.0,546.0,666.0,837.0,912.0,876.0,749.0,1112.0,1084.0,999.0,1448.0,1260.0,1223.0,1393.0
2013-02-06,431,677,657,1484,632,414.0,483.0,523.0,546.0,668.0,852.0,912.0,876.0,782.0,1124.0,1084.0,999.0,1448.0,1262.0,1223.0,1393.0
2013-02-07,425,674,695,1481,636,412.0,485.0,523.0,548.0,664.0,864.0,912.0,874.0,808.0,1128.0,1084.0,995.0,1429.0,1260.0,1223.0,1408.0
2013-02-08,421,671,723,1461,638,412.0,485.0,518.0,551.0,667.0,864.0,907.0,872.0,832.0,1128.0,1077.0,995.0,1434.0,1260.0,1236.0,1398.0
2013-02-11,418,669,737,1453,640,411.0,490.0,526.0,553.0,672.0,889.0,901.0,866.0,845.0,1138.0,1112.0,993.0,1408.0,1314.0,1265.0,1370.0
2013-02-12,417,666,749,1448,643,411.0,494.0,528.0,553.0,679.0,903.0,902.0,866.0,859.0,1147.0,1125.0,993.0,1377.0,1302.0,1257.0,1370.0
2013-02-13,414,668,782,1448,647,410.0,506.0,528.0,555.0,687.0,913.0,902.0,861.0,875.0,1162.0,1125.0,988.0,1355.0,1299.0,1257.0,1360.0
2013-02-14,412,664,808,1429,655,411.0,513.0,528.0,555.0,695.0,925.0,902.0,857.0,892.0,1172.0,1125.0,974.0,1344.0,1295.0,1257.0,1338.0
2013-02-15,412,667,832,1434,657,412.0,513.0,531.0,554.0,705.0,925.0,902.0,854.0,909.0,1172.0,1143.0,951.0,1335.0,1295.0,1251.0,1334.0
2013-02-18,411,672,845,1408,661,414.0,532.0,539.0,555.0,717.0,950.0,898.0,851.0,922.0,1190.0,1196.0,917.0,1323.0,1294.0,1234.0,1317.0
2013-02-19,411,679,859,1377,659,419.0,539.0,540.0,555.0,724.0,959.0,902.0,851.0,939.0,1202.0,1202.0,917.0,1291.0,1290.0,1230.0,1317.0
2013-02-20,410,687,875,1355,658,426.0,542.0,540.0,554.0,734.0,968.0,902.0,852.0,961.0,1208.0,1202.0,899.0,1264.0,1284.0,1230.0,1321.0
2013-02-21,411,695,892,1344,669,436.0,543.0,540.0,552.0,745.0,978.0,902.0,851.0,990.0,1210.0,1202.0,880.0,1249.0,1284.0,1230.0,1333.0
2013-02-22,412,705,909,1335,673,447.0,543.0,540.0,551.0,764.0,978.0,902.0,853.0,1036.0,1210.0,1193.0,863.0,1243.0,1284.0,1220.0,1339.0
2013-02-25,414,717,922,1323,677,454.0,547.0,545.0,545.0,781.0,977.0,904.0,857.0,1058.0,1191.0,1082.0,838.0,1239.0,1258.0,1246.0,1346.0
2013-02-26,419,724,939,1291,683,466.0,547.0,545.0,545.0,801.0,965.0,900.0,857.0,1080.0,1176.0,1058.0,838.0,1246.0,1249.0,1260.0,1346.0
2013-02-27,426,734,961,1264,686,472.0,543.0,545.0,545.0,818.0,944.0,900.0,857.0,1090.0,1155.0,1058.0,838.0,1251.0,1229.0,1260.0,1346.0
2013-02-28,436,745,990,1249,692,478.0,543.0,545.0,543.0,837.0,944.0,900.0,858.0,1112.0,1155.0,1058.0,821.0,1260.0,1229.0,1260.0,1348.0
2013-03-01,447,764,1036,1243,697,483.0,543.0,544.0,537.0,852.0,944.0,895.0,859.0,1124.0,1155.0,1028.0,806.0,1262.0,1229.0,1273.0,1339.0
2013-03-04,454,781,1058,1239,700,485.0,537.0,546.0,529.0,864.0,933.0,880.0,871.0,1128.0,1129.0,1006.0,786.0,1260.0,1209.0,1344.0,1333.0
2013-03-05,466,801,1080,1246,696,486.0,529.0,546.0,529.0,876.0,924.0,876.0,871.0,1131.0,1106.0,999.0,786.0,1314.0,1209.0,1393.0,1333.0
2013-03-06,472,818,1090,1251,690,490.0,525.0,546.0,526.0,889.0,915.0,876.0,873.0,1138.0,1094.0,999.0,776.0,1314.0,1215.0,1393.0,1338.0
2013-03-07,478,837,1112,1260,686,494.0,523.0,546.0,521.0,903.0,912.0,876.0,877.0,1147.0,1084.0,999.0,768.0,1302.0,1223.0,1393.0,1335.0
2013-03-08,483,852,1124,1262,681,506.0,523.0,546.0,521.0,913.0,912.0,876.0,880.0,1162.0,1084.0,999.0,764.0,1299.0,1223.0,1393.0,1344.0
2013-03-11,485,864,1128,1260,674,513.0,518.0,551.0,525.0,925.0,902.0,869.0,889.0,1172.0,1080.0,994.0,766.0,1295.0,1250.0,1382.0,1359.0
2013-03-12,486,876,1131,1314,666,522.0,521.0,553.0,525.0,937.0,900.0,866.0,889.0,1184.0,1095.0,993.0,766.0,1290.0,1257.0,1370.0,1359.0
2013-03-13,490,889,1138,1314,661,532.0,526.0,553.0,525.0,950.0,901.0,866.0,890.0,1190.0,1112.0,993.0,777.0,1294.0,1265.0,1370.0,1379.0
2013-03-14,494,903,1147,1302,661,539.0,528.0,553.0,525.0,959.0,902.0,866.0,892.0,1202.0,1125.0,993.0,808.0,1290.0,1257.0,1370.0,1427.0
2013-03-15,506,913,1162,1299,669,542.0,528.0,555.0,528.0,968.0,902.0,861.0,895.0,1208.0,1125.0,988.0,833.0,1284.0,1257.0,1360.0,1484.0
2013-03-18,513,925,1172,1295,663,543.0,537.0,553.0,539.0,978.0,900.0,853.0,900.0,1210.0,1167.0,930.0,878.0,1284.0,1245.0,1326.0,1588.0
2013-03-19,522,937,1184,1290,662,545.0,538.0,555.0,539.0,981.0,899.0,851.0,900.0,1204.0,1180.0,917.0,878.0,1275.0,1238.0,1317.0,1588.0
2013-03-20,532,950,1190,1294,659,547.0,539.0,555.0,544.0,977.0,898.0,851.0,900.0,1191.0,1196.0,917.0,892.0,1258.0,1234.0,1317.0,1674.0
2013-03-21,539,959,1202,1290,664,547.0,540.0,555.0,547.0,965.0,902.0,851.0,903.0,1176.0,1202.0,917.0,909.0,1249.0,1230.0,1317.0,1757.0
2013-03-22,542,968,1208,1284,671,543.0,540.0,554.0,548.0,944.0,902.0,852.0,909.0,1155.0,1202.0,899.0,920.0,1229.0,1230.0,1321.0,1792.0
2013-03-25,543,978,1210,1284,677,543.0,543.0,546.0,552.0,944.0,903.0,855.0,923.0,1155.0,1165.0,854.0,937.0,1229.0,1214.0,1350.0,1912.0
2013-03-26,545,981,1204,1275,675,543.0,544.0,545.0,552.0,944.0,905.0,857.0,923.0,1155.0,1121.0,838.0,937.0,1229.0,1220.0,1346.0,1912.0
2013-03-27,547,977,1191,1258,669,537.0,545.0,545.0,552.0,933.0,904.0,857.0,930.0,1129.0,1082.0,838.0,959.0,1209.0,1246.0,1346.0,1959.0
2013-03-28,547,965,1176,1249,663,529.0,545.0,545.0,554.0,924.0,900.0,857.0,937.0,1106.0,1058.0,838.0,976.0,1209.0,1260.0,1346.0,2061.0
2013-04-02,543,944,1155,1229,661,518.0,546.0,529.0,566.0,907.0,884.0,871.0,954.0,1077.0,1010.0,786.0,1014.0,1236.0,1322.0,1333.0,2176.0
2013-04-03,537,933,1129,1209,658,518.0,546.0,529.0,569.0,902.0,880.0,871.0,954.0,1080.0,1006.0,786.0,1016.0,1250.0,1344.0,1333.0,2134.0
2013-04-04,529,924,1106,1209,659,521.0,546.0,529.0,569.0,900.0,876.0,871.0,952.0,1095.0,999.0,786.0,1017.0,1257.0,1393.0,1333.0,2020.0
2013-04-05,525,915,1094,1215,677,526.0,546.0,526.0,568.0,901.0,876.0,873.0,943.0,1112.0,999.0,776.0,1012.0,1265.0,1393.0,1338.0,1936.0
2013-04-08,523,912,1084,1223,707,528.0,548.0,524.0,568.0,902.0,874.0,885.0,924.0,1125.0,995.0,764.0,1002.0,1257.0,1408.0,1352.0,1977.0
2013-04-09,518,907,1077,1236,712,531.0,551.0,525.0,568.0,902.0,872.0,889.0,924.0,1143.0,995.0,766.0,1002.0,1251.0,1398.0,1359.0,1977.0
2013-04-10,518,902,1080,1250,709,537.0,551.0,525.0,566.0,900.0,869.0,889.0,920.0,1167.0,994.0,766.0,1006.0,1245.0,1382.0,1359.0,2012.0
2013-04-11,521,900,1095,1257,702,538.0,553.0,525.0,564.0,899.0,866.0,889.0,911.0,1180.0,993.0,766.0,1024.0,1238.0,1370.0,1359.0,2037.0
2013-04-12,526,901,1112,1265,682,539.0,553.0,525.0,561.0,898.0,866.0,890.0,904.0,1196.0,993.0,777.0,1062.0,1234.0,1370.0,1379.0,2047.0
2013-04-15,528,902,1125,1257,674,540.0,555.0,533.0,560.0,902.0,857.0,895.0,897.0,1202.0,974.0,859.0,1118.0,1230.0,1338.0,1537.0,2052.0
2013-04-16,531,902,1143,1251,663,540.0,554.0,539.0,560.0,902.0,854.0,900.0,897.0,1193.0,951.0,878.0,1118.0,1220.0,1334.0,1588.0,2052.0
2013-04-17,537,900,1167,1245,638,543.0,553.0,539.0,559.0,903.0,853.0,900.0,894.0,1165.0,930.0,878.0,1136.0,1214.0,1326.0,1588.0,2044.0
2013-04-18,538,899,1180,1238,630,544.0,555.0,539.0,556.0,905.0,851.0,900.0,895.0,1121.0,917.0,878.0,1153.0,1220.0,1317.0,1588.0,2034.0
2013-04-19,539,898,1196,1234,632,545.0,555.0,544.0,550.0,904.0,851.0,900.0,894.0,1082.0,917.0,892.0,1165.0,1246.0,1317.0,1674.0,2006.0
2013-04-22,540,902,1202,1230,634,545.0,552.0,552.0,541.0,900.0,851.0,916.0,898.0,1058.0,880.0,927.0,1170.0,1260.0,1333.0,1822.0,1978.0
2013-04-23,540,902,1193,1220,638,544.0,551.0,552.0,541.0,895.0,853.0,923.0,898.0,1028.0,863.0,937.0,1170.0,1273.0,1339.0,1912.0,1978.0
2013-04-24,543,903,1165,1214,638,545.0,546.0,552.0,539.0,888.0,855.0,923.0,902.0,1018.0,854.0,937.0,1159.0,1279.0,1350.0,1912.0,1956.0
2013-04-25,544,905,1121,1220,626,546.0,545.0,552.0,539.0,884.0,857.0,923.0,907.0,1010.0,838.0,937.0,1145.0,1322.0,1346.0,1912.0,1936.0
2013-04-26,545,904,1082,1246,622,546.0,545.0,552.0,535.0,880.0,857.0,930.0,914.0,1006.0,838.0,959.0,1123.0,1344.0,1346.0,1959.0,1890.0
2013-04-29,545,900,1058,1260,623,546.0,543.0,564.0,534.0,876.0,858.0,950.0,917.0,999.0,821.0,1007.0,1090.0,1393.0,1348.0,2165.0,1864.0
2013-04-30,544,895,1028,1273,621,546.0,537.0,566.0,534.0,876.0,859.0,954.0,917.0,999.0,806.0,1014.0,1090.0,1393.0,1339.0,2176.0,1864.0
2013-05-01,545,888,1018,1279,619,548.0,533.0,566.0,532.0,874.0,865.0,954.0,919.0,995.0,795.0,1014.0,1075.0,1408.0,1336.0,2176.0,1856.0
2013-05-02,546,884,1010,1322,623,551.0,529.0,566.0,531.0,872.0,871.0,954.0,916.0,995.0,786.0,1014.0,1057.0,1398.0,1333.0,2176.0,1881.0
2013-05-03,546,880,1006,1344,623,551.0,529.0,569.0,530.0,869.0,871.0,954.0,912.0,994.0,786.0,1016.0,1041.0,1382.0,1333.0,2134.0,1935.0
2013-05-07,546,876,999,1393,622,555.0,521.0,568.0,527.0,861.0,880.0,924.0,908.0,988.0,764.0,1002.0,1009.0,1360.0,1344.0,1977.0,1939.0
2013-05-08,548,874,995,1408,620,555.0,524.0,568.0,526.0,857.0,885.0,924.0,908.0,974.0,764.0,1002.0,992.0,1338.0,1352.0,1977.0,1907.0
2013-05-09,551,872,995,1398,616,554.0,525.0,568.0,525.0,854.0,889.0,924.0,907.0,951.0,766.0,1002.0,977.0,1334.0,1359.0,1977.0,1853.0
2013-05-10,551,869,994,1382,620,553.0,525.0,566.0,522.0,853.0,889.0,920.0,911.0,930.0,766.0,1006.0,962.0,1326.0,1359.0,2012.0,1829.0
2013-05-13,553,866,993,1370,617,555.0,525.0,561.0,518.0,851.0,892.0,901.0,911.0,917.0,808.0,1097.0,940.0,1317.0,1427.0,2058.0,1805.0
2013-05-14,555,861,988,1360,615,554.0,528.0,560.0,518.0,852.0,895.0,897.0,911.0,899.0,833.0,1118.0,940.0,1321.0,1484.0,2052.0,1805.0
2013-05-15,555,857,974,1338,615,552.0,533.0,560.0,516.0,851.0,895.0,897.0,910.0,880.0,859.0,1118.0,933.0,1333.0,1537.0,2052.0,1846.0
2013-05-16,554,854,951,1334,614,551.0,539.0,560.0,518.0,853.0,900.0,897.0,909.0,863.0,878.0,1118.0,928.0,1339.0,1588.0,2052.0,2021.0
2013-05-17,553,853,930,1326,611,546.0,539.0,559.0,517.0,855.0,900.0,894.0,910.0,854.0,878.0,1136.0,926.0,1350.0,1588.0,2044.0,2099.0
2013-05-20,555,851,917,1317,612,545.0,547.0,544.0,519.0,857.0,903.0,897.0,916.0,838.0,909.0,1172.0,917.0,1346.0,1757.0,1987.0,2140.0
2013-05-21,554,852,899,1321,609,545.0,548.0,541.0,519.0,857.0,909.0,898.0,916.0,838.0,920.0,1170.0,917.0,1346.0,1792.0,1978.0,2140.0
2013-05-22,552,851,880,1333,605,543.0,552.0,541.0,520.0,858.0,916.0,898.0,917.0,821.0,927.0,1170.0,912.0,1348.0,1822.0,1978.0,2218.0
2013-05-23,551,853,863,1339,603,537.0,552.0,541.0,522.0,859.0,923.0,898.0,919.0,806.0,937.0,1170.0,905.0,1339.0,1912.0,1978.0,2268.0
2013-05-24,546,855,854,1350,604,533.0,552.0,539.0,525.0,865.0,923.0,902.0,920.0,795.0,937.0,1159.0,904.0,1336.0,1912.0,1956.0,2284.0
2013-05-28,545,857,838,1346,606,526.0,558.0,534.0,531.0,873.0,944.0,917.0,927.0,776.0,994.0,1090.0,904.0,1338.0,2120.0,1864.0,2335.0
2013-05-29,543,858,821,1348,609,521.0,564.0,534.0,531.0,877.0,950.0,917.0,927.0,768.0,1007.0,1090.0,904.0,1335.0,2165.0,1864.0,2335.0
2013-05-30,537,859,806,1339,614,521.0,566.0,534.0,531.0,880.0,954.0,917.0,929.0,764.0,1014.0,1090.0,901.0,1344.0,2176.0,1864.0,2284.0
2013-05-31,533,865,795,1336,614,524.0,566.0,532.0,530.0,885.0,954.0,919.0,934.0,764.0,1014.0,1075.0,904.0,1352.0,2176.0,1856.0,2256.0
2013-06-03,529,871,786,1333,612,525.0,569.0,529.0,534.0,889.0,952.0,909.0,939.0,766.0,1017.0,1021.0,912.0,1359.0,2020.0,1950.0,2263.0
2013-06-04,526,873,776,1338,610,525.0,568.0,527.0,534.0,890.0,943.0,908.0,939.0,777.0,1012.0,1009.0,912.0,1379.0,1936.0,1939.0,2263.0
2013-06-05,521,877,768,1335,609,525.0,568.0,527.0,534.0,892.0,932.0,908.0,939.0,808.0,1008.0,1009.0,921.0,1427.0,1929.0,1939.0,2344.0
2013-06-06,521,880,764,1344,608,528.0,568.0,527.0,535.0,895.0,924.0,908.0,939.0,833.0,1002.0,1009.0,933.0,1484.0,1977.0,1939.0,2445.0
2013-06-07,524,885,764,1352,605,533.0,568.0,526.0,534.0,895.0,924.0,908.0,943.0,859.0,1002.0,992.0,961.0,1537.0,1977.0,1907.0,2660.0
2013-06-10,525,889,766,1359,602,539.0,564.0,521.0,540.0,900.0,911.0,913.0,959.0,878.0,1024.0,948.0,1105.0,1588.0,2037.0,1813.0,3113.0
2013-06-11,525,890,777,1379,603,544.0,561.0,518.0,540.0,900.0,904.0,911.0,959.0,892.0,1062.0,940.0,1105.0,1674.0,2047.0,1805.0,3113.0
2013-06-12,525,892,808,1427,601,547.0,561.0,518.0,542.0,903.0,901.0,911.0,965.0,909.0,1097.0,940.0,1186.0,1757.0,2058.0,1805.0,3255.0
2013-06-13,528,895,833,1484,594,548.0,560.0,518.0,543.0,909.0,897.0,911.0,958.0,920.0,1118.0,940.0,1241.0,1792.0,2052.0,1805.0,3431.0
2013-06-14,533,895,859,1537,590,552.0,560.0,516.0,545.0,916.0,897.0,910.0,954.0,927.0,1118.0,933.0,1278.0,1822.0,2052.0,1846.0,3397.0
2013-06-17,539,900,878,1588,587,552.0,556.0,517.0,547.0,923.0,895.0,913.0,940.0,937.0,1153.0,923.0,1321.0,1912.0,2034.0,2112.0,3480.0
2013-06-18,544,900,892,1674,586,552.0,550.0,519.0,547.0,930.0,894.0,916.0,940.0,959.0,1165.0,917.0,1321.0,1959.0,2006.0,2140.0,3480.0
2013-06-19,547,903,909,1757,583,554.0,544.0,519.0,548.0,937.0,897.0,916.0,936.0,976.0,1172.0,917.0,1349.0,2061.0,1987.0,2140.0,3691.0
2013-06-20,548,909,920,1792,580,558.0,541.0,519.0,549.0,944.0,898.0,916.0,934.0,994.0,1170.0,917.0,1385.0,2120.0,1978.0,2140.0,3838.0
2013-06-21,552,916,927,1822,580,564.0,541.0,520.0,554.0,950.0,898.0,917.0,942.0,1007.0,1170.0,912.0,1415.0,2165.0,1978.0,2218.0,3924.0
2013-06-24,552,923,937,1912,584,566.0,539.0,528.0,561.0,954.0,907.0,925.0,964.0,1014.0,1145.0,903.0,1509.0,2176.0,1936.0,2312.0,4111.0
2013-06-25,552,930,959,1959,583,569.0,535.0,531.0,561.0,954.0,914.0,927.0,964.0,1016.0,1123.0,904.0,1509.0,2134.0,1890.0,2335.0,4111.0
2013-06-26,554,937,976,2061,580,569.0,534.0,531.0,567.0,952.0,917.0,927.0,971.0,1017.0,1104.0,904.0,1602.0,2020.0,1873.0,2335.0,4253.0
2013-06-27,558,944,994,2120,577,568.0,534.0,531.0,576.0,943.0,917.0,927.0,986.0,1012.0,1090.0,904.0,1745.0,1936.0,1864.0,2335.0,4329.0
2013-06-28,564,950,1007,2165,577,568.0,534.0,531.0,585.0,932.0,917.0,927.0,1012.0,1008.0,1090.0,904.0,1794.0,1929.0,1864.0,2335.0,4193.0
2013-07-01,566,954,1014,2176,577,568.0,531.0,531.0,597.0,924.0,916.0,937.0,1069.0,1002.0,1057.0,907.0,1795.0,1977.0,1881.0,2243.0,3853.0
2013-07-02,569,954,1016,2134,580,566.0,530.0,534.0,597.0,920.0,912.0,939.0,1069.0,1006.0,1041.0,912.0,1795.0,2012.0,1935.0,2263.0,3853.0
2013-07-03,569,952,1017,2020,587,564.0,529.0,534.0,597.0,911.0,909.0,939.0,1079.0,1024.0,1021.0,912.0,1786.0,2037.0,1950.0,2263.0,3816.0
2013-07-04,568,943,1012,1936,589,561.0,527.0,534.0,599.0,904.0,908.0,939.0,1087.0,1062.0,1009.0,912.0,1813.0,2047.0,1939.0,2263.0,3810.0
2013-07-05,568,932,1008,1929,598,561.0,527.0,534.0,602.0,901.0,908.0,939.0,1093.0,1097.0,1009.0,921.0,1862.0,2058.0,1939.0,2344.0,3878.0
2013-07-08,568,924,1002,1977,603,560.0,525.0,537.0,618.0,897.0,907.0,952.0,1113.0,1118.0,977.0,1020.0,1947.0,2052.0,1853.0,2799.0,4020.0
2013-07-09,566,920,1006,2012,606,559.0,522.0,540.0,618.0,894.0,911.0,959.0,1113.0,1136.0,962.0,1105.0,1947.0,2044.0,1829.0,3113.0,4020.0
2013-07-10,564,911,1024,2037,609,556.0,521.0,540.0,622.0,895.0,913.0,959.0,1127.0,1153.0,948.0,1105.0,1989.0,2034.0,1813.0,3113.0,4085.0
2013-07-11,561,904,1062,2047,611,550.0,518.0,540.0,629.0,894.0,911.0,959.0,1145.0,1165.0,940.0,1105.0,2016.0,2006.0,1805.0,3113.0,3959.0
2013-07-12,561,901,1097,2058,613,544.0,518.0,542.0,630.0,897.0,911.0,965.0,1162.0,1172.0,940.0,1186.0,2027.0,1987.0,1805.0,3255.0,3621.0
2013-07-15,560,897,1118,2052,612,541.0,518.0,544.0,634.0,898.0,909.0,946.0,1182.0,1170.0,928.0,1306.0,2020.0,1978.0,2021.0,3446.0,3455.0
2013-07-16,559,894,1136,2044,611,539.0,517.0,547.0,634.0,902.0,910.0,940.0,1182.0,1159.0,926.0,1321.0,2020.0,1956.0,2099.0,3480.0,3455.0
2013-07-17,556,895,1153,2034,609,539.0,517.0,547.0,637.0,907.0,913.0,940.0,1185.0,1145.0,923.0,1321.0,2021.0,1936.0,2112.0,3480.0,3469.0
2013-07-18,550,894,1165,2006,617,535.0,519.0,547.0,634.0,914.0,916.0,940.0,1186.0,1123.0,917.0,1321.0,2030.0,1890.0,2140.0,3480.0,3478.0
2013-07-19,544,897,1172,1987,630,534.0,519.0,548.0,632.0,917.0,916.0,936.0,1199.0,1104.0,917.0,1349.0,2059.0,1873.0,2140.0,3691.0,3451.0
2013-07-22,541,898,1170,1978,650,534.0,522.0,558.0,635.0,917.0,919.0,951.0,1213.0,1090.0,905.0,1453.0,2054.0,1864.0,2268.0,4018.0,3200.0
2013-07-23,539,902,1159,1956,650,532.0,525.0,561.0,635.0,919.0,920.0,964.0,1213.0,1075.0,904.0,1509.0,2054.0,1856.0,2284.0,4111.0,3200.0
2013-07-24,539,907,1145,1936,649,531.0,528.0,561.0,636.0,916.0,925.0,964.0,1221.0,1057.0,903.0,1509.0,2038.0,1881.0,2312.0,4111.0,3110.0
2013-07-25,535,914,1123,1890,646,530.0,531.0,561.0,639.0,912.0,927.0,964.0,1228.0,1041.0,904.0,1509.0,2010.0,1935.0,2335.0,4111.0,2943.0
2013-07-26,534,917,1104,1873,650,529.0,531.0,567.0,644.0,909.0,927.0,971.0,1243.0,1021.0,904.0,1602.0,1959.0,1950.0,2335.0,4253.0,2775.0
2013-07-29,534,917,1090,1864,653,527.0,531.0,594.0,653.0,908.0,929.0,1046.0,1258.0,1009.0,901.0,1800.0,1855.0,1939.0,2284.0,3967.0,2526.0
2013-07-30,532,919,1075,1856,650,526.0,530.0,597.0,653.0,908.0,934.0,1069.0,1258.0,992.0,904.0,1795.0,1855.0,1907.0,2256.0,3853.0,2526.0
2013-07-31,531,916,1057,1881,638,525.0,531.0,597.0,656.0,907.0,937.0,1069.0,1260.0,977.0,907.0,1795.0,1790.0,1853.0,2243.0,3853.0,2340.0
2013-08-01,530,912,1041,1935,624,522.0,534.0,597.0,660.0,911.0,939.0,1069.0,1266.0,962.0,912.0,1795.0,1716.0,1829.0,2263.0,3853.0,2164.0
2013-08-02,529,909,1021,1950,618,521.0,534.0,597.0,665.0,913.0,939.0,1079.0,1268.0,948.0,912.0,1786.0,1667.0,1813.0,2263.0,3816.0,2245.0
2013-08-05,527,908,1009,1939,618,518.0,535.0,609.0,673.0,911.0,939.0,1101.0,1273.0,940.0,933.0,1914.0,1612.0,1805.0,2445.0,3943.0,2400.0
2013-08-06,526,908,992,1907,618,516.0,534.0,618.0,673.0,910.0,943.0,1113.0,1273.0,933.0,961.0,1947.0,1612.0,1846.0,2660.0,4020.0,2400.0
2013-08-07,525,907,977,1853,618,518.0,537.0,618.0,678.0,909.0,952.0,1113.0,1280.0,928.0,1020.0,1947.0,1617.0,2021.0,2799.0,4020.0,2553.0
2013-08-08,522,911,962,1829,621,517.0,540.0,618.0,681.0,910.0,959.0,1113.0,1285.0,926.0,1105.0,1947.0,1614.0,2099.0,3113.0,4020.0,2554.0
2013-08-09,521,913,948,1813,629,517.0,540.0,622.0,685.0,913.0,959.0,1127.0,1291.0,923.0,1105.0,1989.0,1594.0,2112.0,3113.0,4085.0,2533.0
2013-08-12,518,911,940,1805,632,519.0,543.0,632.0,692.0,916.0,958.0,1175.0,1315.0,917.0,1241.0,2024.0,1542.0,2140.0,3431.0,3527.0,2506.0
2013-08-13,516,910,933,1846,631,520.0,545.0,634.0,692.0,917.0,954.0,1182.0,1315.0,912.0,1278.0,2020.0,1542.0,2218.0,3397.0,3455.0,2506.0
2013-08-14,518,909,928,2021,631,522.0,544.0,634.0,693.0,919.0,946.0,1182.0,1320.0,905.0,1306.0,2020.0,1510.0,2268.0,3446.0,3455.0,2473.0
2013-08-15,517,910,926,2099,642,525.0,547.0,634.0,696.0,920.0,940.0,1182.0,1321.0,904.0,1321.0,2020.0,1474.0,2284.0,3480.0,3455.0,2455.0
2013-08-16,517,913,923,2112,645,528.0,547.0,637.0,699.0,925.0,940.0,1185.0,1325.0,903.0,1321.0,2021.0,1438.0,2312.0,3480.0,3469.0,2397.0
2013-08-19,519,916,917,2140,644,531.0,549.0,634.0,705.0,927.0,934.0,1206.0,1354.0,904.0,1385.0,2060.0,1382.0,2335.0,3838.0,3264.0,2366.0
2013-08-20,520,917,912,2218,647,531.0,554.0,635.0,705.0,927.0,942.0,1213.0,1354.0,904.0,1415.0,2054.0,1382.0,2335.0,3924.0,3200.0,2366.0
2013-08-21,522,919,905,2268,653,531.0,558.0,635.0,708.0,929.0,951.0,1213.0,1360.0,901.0,1453.0,2054.0,1353.0,2284.0,4018.0,3200.0,2366.0
2013-08-22,525,920,904,2284,663,530.0,561.0,635.0,715.0,934.0,964.0,1213.0,1363.0,904.0,1509.0,2054.0,1346.0,2256.0,4111.0,3200.0,2511.0
2013-08-23,528,925,903,2312,663,531.0,561.0,636.0,721.0,937.0,964.0,1221.0,1371.0,907.0,1509.0,2038.0,1345.0,2243.0,4111.0,3110.0,2447.0
2013-08-27,531,927,904,2335,658,534.0,585.0,653.0,732.0,939.0,1012.0,1258.0,1393.0,921.0,1794.0,1855.0,1387.0,2344.0,4193.0,2526.0,2391.0
2013-08-28,531,929,901,2284,645,535.0,594.0,653.0,737.0,939.0,1046.0,1258.0,1404.0,933.0,1800.0,1855.0,1427.0,2445.0,3967.0,2526.0,2399.0
2013-08-29,530,934,904,2256,642,534.0,597.0,653.0,745.0,943.0,1069.0,1258.0,1418.0,961.0,1795.0,1855.0,1510.0,2660.0,3853.0,2526.0,2496.0
2013-08-30,531,937,907,2243,630,537.0,597.0,656.0,757.0,952.0,1069.0,1260.0,1441.0,1020.0,1795.0,1790.0,1613.0,2799.0,3853.0,2340.0,2848.0
2013-09-02,534,939,912,2263,622,540.0,599.0,669.0,771.0,959.0,1087.0,1269.0,1475.0,1105.0,1813.0,1631.0,1695.0,3113.0,3810.0,2316.0,3194.0
2013-09-03,534,939,921,2344,618,542.0,602.0,673.0,771.0,965.0,1093.0,1273.0,1475.0,1186.0,1862.0,1612.0,1695.0,3255.0,3878.0,2400.0,3194.0
2013-09-04,535,939,933,2445,608,543.0,609.0,673.0,776.0,958.0,1101.0,1273.0,1488.0,1241.0,1914.0,1612.0,1741.0,3431.0,3943.0,2400.0,3316.0
2013-09-05,534,943,961,2660,604,545.0,618.0,673.0,782.0,954.0,1113.0,1273.0,1507.0,1278.0,1947.0,1612.0,1795.0,3397.0,4020.0,2400.0,3481.0
2013-09-06,537,952,1020,2799,598,544.0,618.0,678.0,786.0,946.0,1113.0,1280.0,1522.0,1306.0,1947.0,1617.0,1867.0,3446.0,4020.0,2553.0,3843.0
2013-09-09,540,959,1105,3113,593,547.0,629.0,690.0,792.0,940.0,1145.0,1305.0,1552.0,1321.0,2016.0,1565.0,1955.0,3480.0,3959.0,2514.0,3831.0
2013-09-10,542,965,1186,3255,587,548.0,630.0,692.0,792.0,936.0,1162.0,1315.0,1552.0,1349.0,2027.0,1542.0,1955.0,3691.0,3621.0,2506.0,3831.0
2013-09-11,543,958,1241,3431,583,549.0,632.0,692.0,796.0,934.0,1175.0,1315.0,1557.0,1385.0,2024.0,1542.0,1997.0,3838.0,3527.0,2506.0,4011.0
2013-09-12,545,954,1278,3397,583,554.0,634.0,692.0,803.0,942.0,1182.0,1315.0,1554.0,1415.0,2020.0,1542.0,2050.0,3924.0,3455.0,2506.0,4210.0
2013-09-13,544,946,1306,3446,585,558.0,634.0,693.0,810.0,951.0,1182.0,1320.0,1560.0,1453.0,2020.0,1510.0,2085.0,4018.0,3455.0,2473.0,4291.0
2013-09-16,547,940,1321,3480,583,561.0,634.0,703.0,817.0,964.0,1186.0,1339.0,1553.0,1509.0,2030.0,1409.0,2082.0,4111.0,3478.0,2377.0,4065.0
2013-09-17,548,936,1349,3691,582,567.0,632.0,705.0,817.0,971.0,1199.0,1354.0,1553.0,1602.0,2059.0,1382.0,2082.0,4253.0,3451.0,2366.0,4065.0
2013-09-18,549,934,1385,3838,582,576.0,634.0,705.0,821.0,986.0,1206.0,1354.0,1546.0,1745.0,2060.0,1382.0,2025.0,4329.0,3264.0,2366.0,3818.0
2013-09-19,554,942,1415,3924,580,585.0,635.0,705.0,820.0,1012.0,1213.0,1354.0,1541.0,1794.0,2054.0,1382.0,1946.0,4193.0,3200.0,2366.0,3638.0
2013-09-20,558,951,1453,4018,580,594.0,635.0,708.0,818.0,1046.0,1213.0,1360.0,1517.0,1800.0,2054.0,1353.0,1883.0,3967.0,3200.0,2366.0,3596.0
2013-09-23,561,964,1509,4111,589,597.0,639.0,728.0,805.0,1069.0,1228.0,1378.0,1482.0,1795.0,2010.0,1362.0,1835.0,3853.0,2943.0,2390.0,3996.0
2013-09-24,567,971,1602,4253,585,597.0,644.0,732.0,805.0,1079.0,1243.0,1393.0,1482.0,1786.0,1959.0,1387.0,1835.0,3816.0,2775.0,2391.0,3996.0
2013-09-25,576,986,1745,4329,586,599.0,649.0,732.0,801.0,1087.0,1252.0,1393.0,1468.0,1813.0,1904.0,1387.0,1825.0,3810.0,2681.0,2391.0,4078.0
2013-09-26,585,1012,1794,4193,588,602.0,653.0,732.0,773.0,1093.0,1258.0,1393.0,1453.0,1862.0,1855.0,1387.0,1780.0,3878.0,2526.0,2391.0,3733.0
2013-09-27,594,1046,1800,3967,587,609.0,653.0,737.0,773.0,1101.0,1258.0,1404.0,1453.0,1914.0,1855.0,1427.0,1780.0,3943.0,2526.0,2399.0,3733.0
2013-09-30,597,1069,1795,3853,586,618.0,660.0,764.0,773.0,1113.0,1266.0,1458.0,1453.0,1947.0,1716.0,1665.0,1780.0,4020.0,2164.0,3089.0,3733.0
2013-10-01,597,1079,1786,3816,584,622.0,665.0,771.0,773.0,1127.0,1268.0,1475.0,1453.0,1989.0,1667.0,1695.0,1780.0,4085.0,2245.0,3194.0,3733.0
2013-10-02,599,1087,1813,3810,586,629.0,669.0,771.0,773.0,1145.0,1269.0,1475.0,1453.0,2016.0,1631.0,1695.0,1780.0,3959.0,2316.0,3194.0,3733.0
2013-10-03,602,1093,1862,3878,587,630.0,673.0,771.0,773.0,1162.0,1273.0,1475.0,1453.0,2027.0,1612.0,1695.0,1780.0,3621.0,2400.0,3194.0,3733.0
2013-10-04,609,1101,1914,3943,594,632.0,673.0,776.0,773.0,1175.0,1273.0,1488.0,1453.0,2024.0,1612.0,1741.0,1780.0,3527.0,2400.0,3316.0,3733.0
2013-10-07,618,1113,1947,4020,601,634.0,681.0,789.0,750.0,1182.0,1285.0,1531.0,1276.0,2020.0,1614.0,1923.0,1724.0,3455.0,2554.0,3842.0,3287.0
2013-10-08,622,1127,1989,4085,599,637.0,685.0,792.0,750.0,1185.0,1291.0,1552.0,1276.0,2021.0,1594.0,1955.0,1724.0,3469.0,2533.0,3831.0,3287.0
2013-10-09,629,1145,2016,3959,601,634.0,690.0,792.0,744.0,1186.0,1305.0,1552.0,1239.0,2030.0,1565.0,1955.0,1692.0,3478.0,2514.0,3831.0,3017.0
2013-10-10,630,1162,2027,3621,595,632.0,692.0,792.0,741.0,1199.0,1315.0,1552.0,1204.0,2059.0,1542.0,1955.0,1672.0,3451.0,2506.0,3831.0,2818.0
2013-10-11,632,1175,2024,3527,591,634.0,692.0,796.0,735.0,1206.0,1315.0,1557.0,1191.0,2060.0,1542.0,1997.0,1645.0,3264.0,2506.0,4011.0,2500.0
2013-10-14,634,1182,2020,3455,587,635.0,696.0,814.0,726.0,1213.0,1321.0,1562.0,1190.0,2054.0,1474.0,2096.0,1598.0,3200.0,2455.0,4246.0,1857.0
2013-10-15,637,1185,2021,3469,586,636.0,699.0,817.0,726.0,1221.0,1325.0,1553.0,1190.0,2038.0,1438.0,2082.0,1598.0,3110.0,2397.0,4065.0,1857.0
2013-10-16,634,1186,2030,3478,589,639.0,703.0,817.0,725.0,1228.0,1339.0,1553.0,1191.0,2010.0,1409.0,2082.0,1580.0,2943.0,2377.0,4065.0,1832.0
2013-10-17,632,1199,2059,3451,607,644.0,705.0,817.0,724.0,1243.0,1354.0,1553.0,1189.0,1959.0,1382.0,2082.0,1572.0,2775.0,2366.0,4065.0,1862.0
2013-10-18,634,1206,2060,3264,617,649.0,705.0,821.0,722.0,1252.0,1354.0,1546.0,1182.0,1904.0,1382.0,2025.0,1570.0,2681.0,2366.0,3818.0,1929.0
2013-10-21,635,1213,2054,3200,621,653.0,715.0,811.0,719.0,1258.0,1363.0,1499.0,1165.0,1855.0,1346.0,1858.0,1552.0,2526.0,2511.0,3875.0,2082.0
2013-10-22,636,1221,2038,3110,621,656.0,721.0,805.0,719.0,1260.0,1371.0,1482.0,1165.0,1790.0,1345.0,1835.0,1552.0,2340.0,2447.0,3996.0,2082.0
2013-10-23,639,1228,2010,2943,617,660.0,728.0,805.0,715.0,1266.0,1378.0,1482.0,1154.0,1716.0,1362.0,1835.0,1530.0,2164.0,2390.0,3996.0,1973.0
2013-10-24,644,1243,1959,2775,614,665.0,732.0,805.0,715.0,1268.0,1393.0,1482.0,1141.0,1667.0,1387.0,1835.0,1496.0,2245.0,2391.0,3996.0,1880.0
2013-10-25,649,1252,1904,2681,596,669.0,732.0,801.0,715.0,1269.0,1393.0,1468.0,1130.0,1631.0,1387.0,1825.0,1468.0,2316.0,2391.0,4078.0,1775.0
2013-10-28,653,1258,1855,2526,600,673.0,745.0,773.0,708.0,1273.0,1418.0,1453.0,1112.0,1612.0,1510.0,1780.0,1413.0,2400.0,2496.0,3733.0,1673.0
2013-10-29,656,1260,1790,2340,599,678.0,757.0,773.0,708.0,1280.0,1441.0,1453.0,1112.0,1617.0,1613.0,1780.0,1413.0,2553.0,2848.0,3733.0,1673.0
2013-10-30,660,1266,1716,2164,596,681.0,764.0,773.0,705.0,1285.0,1458.0,1453.0,1098.0,1614.0,1665.0,1780.0,1387.0,2554.0,3089.0,3733.0,1577.0
2013-10-31,665,1268,1667,2245,591,685.0,771.0,773.0,700.0,1291.0,1475.0,1453.0,1079.0,1594.0,1695.0,1780.0,1369.0,2533.0,3194.0,3733.0,1531.0
2013-11-01,669,1269,1631,2316,595,690.0,771.0,773.0,691.0,1305.0,1475.0,1453.0,1056.0,1565.0,1695.0,1780.0,1347.0,2514.0,3194.0,3733.0,1527.0
2013-11-04,673,1273,1612,2400,604,692.0,782.0,763.0,682.0,1315.0,1507.0,1330.0,996.0,1542.0,1795.0,1750.0,1326.0,2506.0,3481.0,3531.0,1516.0
2013-11-05,678,1280,1617,2553,608,693.0,786.0,750.0,682.0,1320.0,1522.0,1276.0,996.0,1510.0,1867.0,1724.0,1326.0,2473.0,3843.0,3287.0,1516.0
2013-11-06,681,1285,1614,2554,615,696.0,789.0,750.0,681.0,1321.0,1531.0,1276.0,975.0,1474.0,1923.0,1724.0,1313.0,2455.0,3842.0,3287.0,1513.0
2013-11-07,685,1291,1594,2533,623,699.0,792.0,750.0,677.0,1325.0,1552.0,1276.0,961.0,1438.0,1955.0,1724.0,1307.0,2397.0,3831.0,3287.0,1544.0
2013-11-08,690,1305,1565,2514,631,703.0,792.0,744.0,676.0,1339.0,1552.0,1239.0,948.0,1409.0,1955.0,1692.0,1307.0,2377.0,3831.0,3017.0,1575.0
2013-11-11,692,1315,1542,2506,635,705.0,803.0,730.0,669.0,1354.0,1554.0,1188.0,929.0,1382.0,2050.0,1621.0,1305.0,2366.0,4210.0,2101.0,1611.0
2013-11-12,693,1320,1510,2473,635,708.0,810.0,726.0,669.0,1360.0,1560.0,1190.0,929.0,1353.0,2085.0,1598.0,1305.0,2366.0,4291.0,1857.0,1611.0
2013-11-13,696,1321,1474,2455,639,715.0,814.0,726.0,667.0,1363.0,1562.0,1190.0,929.0,1346.0,2096.0,1598.0,1322.0,2511.0,4246.0,1857.0,1581.0
2013-11-14,699,1325,1438,2397,643,721.0,817.0,726.0,665.0,1371.0,1553.0,1190.0,928.0,1345.0,2082.0,1598.0,1324.0,2447.0,4065.0,1857.0,1548.0
2013-11-15,703,1339,1409,2377,647,728.0,817.0,725.0,668.0,1378.0,1553.0,1191.0,938.0,1362.0,2082.0,1580.0,1313.0,2390.0,4065.0,1832.0,1557.0
2013-11-18,705,1354,1382,2366,642,732.0,820.0,719.0,676.0,1393.0,1541.0,1175.0,998.0,1387.0,1946.0,1564.0,1308.0,2391.0,3638.0,2026.0,1625.0
2013-11-19,708,1360,1353,2366,647,737.0,818.0,719.0,676.0,1404.0,1517.0,1165.0,998.0,1427.0,1883.0,1552.0,1308.0,2399.0,3596.0,2082.0,1625.0
2013-11-20,715,1363,1346,2511,650,745.0,811.0,719.0,677.0,1418.0,1499.0,1165.0,1026.0,1510.0,1858.0,1552.0,1298.0,2496.0,3875.0,2082.0,1667.0
2013-11-21,721,1371,1345,2447,655,757.0,805.0,719.0,678.0,1441.0,1482.0,1165.0,1049.0,1613.0,1835.0,1552.0,1282.0,2848.0,3996.0,2082.0,1690.0
2013-11-22,728,1378,1362,2390,652,764.0,805.0,715.0,676.0,1458.0,1482.0,1154.0,1068.0,1665.0,1835.0,1530.0,1261.0,3089.0,3996.0,1973.0,1680.0
2013-11-25,732,1393,1387,2391,652,771.0,773.0,712.0,679.0,1475.0,1453.0,1121.0,1098.0,1695.0,1780.0,1437.0,1222.0,3194.0,3733.0,1723.0,1707.0
2013-11-26,737,1404,1427,2399,652,776.0,773.0,708.0,679.0,1488.0,1453.0,1112.0,1098.0,1741.0,1780.0,1413.0,1222.0,3316.0,3733.0,1673.0,1707.0
2013-11-27,745,1418,1510,2496,653,782.0,773.0,708.0,679.0,1507.0,1453.0,1112.0,1096.0,1795.0,1780.0,1413.0,1187.0,3481.0,3733.0,1673.0,1775.0
2013-11-28,757,1441,1613,2848,666,786.0,773.0,708.0,674.0,1522.0,1453.0,1112.0,1096.0,1867.0,1780.0,1413.0,1154.0,3843.0,3733.0,1673.0,1912.0
2013-11-29,764,1458,1665,3089,673,789.0,773.0,705.0,673.0,1531.0,1453.0,1098.0,1097.0,1923.0,1780.0,1387.0,1123.0,3842.0,3733.0,1577.0,2049.0
2013-12-02,771,1475,1695,3194,674,792.0,773.0,684.0,666.0,1552.0,1453.0,1018.0,1103.0,1955.0,1780.0,1337.0,1080.0,3831.0,3733.0,1524.0,2180.0
2013-12-03,776,1488,1741,3316,680,796.0,773.0,682.0,666.0,1557.0,1453.0,996.0,1103.0,1997.0,1780.0,1326.0,1080.0,4011.0,3733.0,1516.0,2180.0
2013-12-04,782,1507,1795,3481,694,803.0,763.0,682.0,662.0,1554.0,1330.0,996.0,1107.0,2050.0,1750.0,1326.0,1062.0,4210.0,3531.0,1516.0,2326.0
2013-12-05,786,1522,1867,3843,699,810.0,750.0,682.0,661.0,1560.0,1276.0,996.0,1115.0,2085.0,1724.0,1326.0,1053.0,4291.0,3287.0,1516.0,2596.0
2013-12-06,789,1531,1923,3842,709,814.0,750.0,681.0,663.0,1562.0,1276.0,975.0,1116.0,2096.0,1724.0,1313.0,1056.0,4246.0,3287.0,1513.0,2830.0
2013-12-09,792,1552,1955,3831,740,817.0,741.0,674.0,663.0,1553.0,1204.0,937.0,1131.0,2082.0,1672.0,1304.0,1088.0,4065.0,2818.0,1588.0,3023.0
2013-12-10,796,1557,1997,4011,759,821.0,735.0,669.0,663.0,1546.0,1191.0,929.0,1131.0,2025.0,1645.0,1305.0,1088.0,3818.0,2500.0,1611.0,3023.0
2013-12-11,803,1554,2050,4210,780,820.0,730.0,669.0,666.0,1541.0,1188.0,929.0,1137.0,1946.0,1621.0,1305.0,1104.0,3638.0,2101.0,1611.0,3045.0
2013-12-12,810,1560,2085,4291,795,818.0,726.0,669.0,668.0,1517.0,1190.0,929.0,1149.0,1883.0,1598.0,1305.0,1102.0,3596.0,1857.0,1611.0,2600.0
2013-12-13,814,1562,2096,4246,804,811.0,726.0,667.0,668.0,1499.0,1190.0,929.0,1159.0,1858.0,1598.0,1322.0,1106.0,3875.0,1857.0,1581.0,2654.0
2013-12-16,817,1553,2082,4065,823,805.0,724.0,671.0,671.0,1482.0,1189.0,965.0,1183.0,1835.0,1572.0,1311.0,1116.0,3996.0,1862.0,1554.0,2691.0
2013-12-17,821,1546,2025,3818,829,801.0,722.0,676.0,671.0,1468.0,1182.0,998.0,1183.0,1825.0,1570.0,1308.0,1116.0,4078.0,1929.0,1625.0,2691.0
2013-12-18,820,1541,1946,3638,853,773.0,719.0,676.0,668.0,1453.0,1175.0,998.0,1191.0,1780.0,1564.0,1308.0,1118.0,3733.0,2026.0,1625.0,2818.0
2013-12-19,818,1517,1883,3596,870,773.0,719.0,676.0,667.0,1453.0,1165.0,998.0,1198.0,1780.0,1552.0,1308.0,1120.0,3733.0,2082.0,1625.0,2982.0
2013-12-20,811,1499,1858,3875,897,773.0,719.0,677.0,671.0,1453.0,1165.0,1026.0,1200.0,1780.0,1552.0,1298.0,1120.0,3733.0,2082.0,1667.0,3129.0
2013-12-23,805,1482,1835,3996,932,773.0,715.0,677.0,676.0,1453.0,1141.0,1087.0,1209.0,1780.0,1496.0,1244.0,1107.0,3733.0,1880.0,1701.0,3055.0
2013-12-24,801,1468,1825,4078,997,773.0,715.0,679.0,676.0,1453.0,1130.0,1098.0,1209.0,1780.0,1468.0,1222.0,1107.0,3733.0,1775.0,1707.0,3055.0
2014-01-02,773,1453,1780,3733,997,735.0,682.0,666.0,621.0,1191.0,996.0,1103.0,1068.0,1645.0,1326.0,1080.0,867.0,2500.0,1516.0,2180.0,2418.0
2014-01-03,763,1330,1750,3531,1021,730.0,682.0,662.0,610.0,1188.0,996.0,1107.0,1047.0,1621.0,1326.0,1062.0,836.0,2101.0,1516.0,2326.0,2343.0
2014-01-06,750,1276,1724,3287,1026,726.0,677.0,663.0,588.0,1190.0,961.0,1122.0,1003.0,1598.0,1307.0,1075.0,812.0,1857.0,1544.0,2980.0,2293.0
2014-01-07,744,1239,1692,3017,1006,725.0,676.0,663.0,588.0,1191.0,948.0,1131.0,1003.0,1580.0,1307.0,1088.0,812.0,1832.0,1575.0,3023.0,2293.0
2014-01-08,741,1204,1672,2818,1014,724.0,674.0,663.0,580.0,1189.0,937.0,1131.0,982.0,1572.0,1304.0,1088.0,801.0,1862.0,1588.0,3023.0,2029.0
2014-01-09,735,1191,1645,2500,1026,722.0,669.0,663.0,571.0,1182.0,929.0,1131.0,965.0,1570.0,1305.0,1088.0,794.0,1929.0,1611.0,3023.0,1946.0
2014-01-10,730,1188,1621,2101,1041,719.0,669.0,666.0,562.0,1175.0,929.0,1137.0,949.0,1564.0,1305.0,1104.0,787.0,2026.0,1611.0,3045.0,1865.0
2014-01-13,726,1190,1598,1857,1051,719.0,665.0,671.0,549.0,1165.0,928.0,1173.0,927.0,1552.0,1324.0,1113.0,778.0,2082.0,1548.0,2677.0,1765.0
2014-01-14,725,1191,1580,1832,1053,715.0,668.0,671.0,549.0,1154.0,938.0,1183.0,927.0,1530.0,1313.0,1116.0,778.0,1973.0,1557.0,2691.0,1765.0
2014-01-15,724,1189,1572,1862,1090,715.0,671.0,671.0,543.0,1141.0,965.0,1183.0,921.0,1496.0,1311.0,1116.0,777.0,1880.0,1554.0,2691.0,1724.0
2014-01-16,722,1182,1570,1929,1142,715.0,676.0,671.0,536.0,1130.0,998.0,1183.0,916.0,1468.0,1308.0,1116.0,792.0,1775.0,1625.0,2691.0,1613.0
2014-01-17,719,1175,1564,2026,1222,712.0,676.0,668.0,533.0,1121.0,998.0,1191.0,909.0,1437.0,1308.0,1118.0,812.0,1723.0,1625.0,2818.0,1591.0
2014-01-20,719,1165,1552,2082,1273,708.0,678.0,674.0,528.0,1112.0,1049.0,1205.0,908.0,1413.0,1282.0,1112.0,828.0,1673.0,1690.0,3036.0,1616.0
2014-01-21,715,1154,1530,1973,1344,705.0,676.0,676.0,528.0,1098.0,1068.0,1209.0,908.0,1387.0,1261.0,1107.0,828.0,1577.0,1680.0,3055.0,1616.0
2014-01-22,715,1141,1496,1880,1340,700.0,677.0,676.0,528.0,1079.0,1087.0,1209.0,908.0,1369.0,1244.0,1107.0,828.0,1531.0,1701.0,3055.0,1616.0
2014-01-23,715,1130,1468,1775,1323,691.0,679.0,676.0,524.0,1056.0,1098.0,1209.0,909.0,1347.0,1222.0,1107.0,840.0,1527.0,1707.0,3055.0,1674.0
2014-01-24,712,1121,1437,1723,1243,684.0,679.0,676.0,520.0,1018.0,1098.0,1207.0,911.0,1337.0,1222.0,1088.0,852.0,1524.0,1707.0,2993.0,1692.0
2014-01-27,708,1112,1413,1673,1186,682.0,674.0,649.0,517.0,996.0,1096.0,1139.0,912.0,1326.0,1154.0,978.0,868.0,1516.0,1912.0,2557.0,1668.0
2014-01-28,705,1098,1387,1577,1132,681.0,673.0,642.0,517.0,975.0,1097.0,1115.0,912.0,1313.0,1123.0,942.0,868.0,1513.0,2049.0,2573.0,1668.0
2014-01-29,700,1079,1369,1531,1099,677.0,669.0,642.0,515.0,961.0,1100.0,1115.0,916.0,1307.0,1099.0,942.0,872.0,1544.0,2084.0,2573.0,1613.0
2014-01-30,691,1056,1347,1527,1065,676.0,666.0,642.0,513.0,948.0,1103.0,1115.0,922.0,1307.0,1080.0,942.0,871.0,1575.0,2180.0,2573.0,1600.0
2014-01-31,684,1018,1337,1524,1037,674.0,666.0,632.0,514.0,937.0,1103.0,1090.0,919.0,1304.0,1080.0,897.0,871.0,1588.0,2180.0,2505.0,1716.0
2014-02-03,682,996,1326,1516,1005,669.0,661.0,598.0,510.0,929.0,1115.0,1025.0,915.0,1305.0,1053.0,822.0,866.0,1611.0,2596.0,2306.0,1691.0
2014-02-04,681,975,1313,1513,958,667.0,663.0,588.0,510.0,929.0,1116.0,1003.0,915.0,1322.0,1056.0,812.0,866.0,1581.0,2830.0,2293.0,1691.0
2014-02-05,677,961,1307,1544,926,665.0,663.0,588.0,510.0,928.0,1122.0,1003.0,915.0,1324.0,1075.0,812.0,866.0,1548.0,2980.0,2293.0,1691.0
2014-02-06,676,948,1307,1575,890,668.0,663.0,588.0,509.0,938.0,1131.0,1003.0,917.0,1313.0,1088.0,812.0,869.0,1557.0,3023.0,2293.0,1681.0
2014-02-07,674,937,1304,1588,866,671.0,663.0,580.0,508.0,965.0,1131.0,982.0,920.0,1311.0,1088.0,801.0,879.0,1554.0,3023.0,2029.0,1613.0
2014-02-10,669,929,1305,1611,853,676.0,668.0,556.0,504.0,998.0,1149.0,936.0,909.0,1308.0,1102.0,782.0,910.0,1625.0,2600.0,1789.0,1483.0
2014-02-11,667,929,1322,1581,852,677.0,668.0,549.0,504.0,1026.0,1159.0,927.0,909.0,1298.0,1106.0,778.0,910.0,1667.0,2654.0,1765.0,1483.0
2014-02-12,665,928,1324,1548,846,678.0,671.0,549.0,502.0,1049.0,1173.0,927.0,905.0,1282.0,1113.0,778.0,933.0,1690.0,2677.0,1765.0,1453.0
2014-02-13,668,938,1313,1557,829,676.0,671.0,549.0,497.0,1068.0,1183.0,927.0,904.0,1261.0,1116.0,778.0,969.0,1680.0,2691.0,1765.0,1496.0
2014-02-14,671,965,1311,1554,818,677.0,671.0,543.0,490.0,1087.0,1183.0,921.0,904.0,1244.0,1116.0,777.0,1016.0,1701.0,2691.0,1724.0,1546.0
2014-02-17,676,998,1308,1625,811,679.0,667.0,528.0,483.0,1098.0,1198.0,908.0,899.0,1222.0,1120.0,828.0,1054.0,1707.0,2982.0,1616.0,1494.0
2014-02-18,677,1026,1298,1667,802,679.0,671.0,528.0,483.0,1096.0,1200.0,908.0,899.0,1187.0,1120.0,828.0,1054.0,1775.0,3129.0,1616.0,1494.0
2014-02-19,678,1049,1282,1690,783,674.0,674.0,528.0,482.0,1096.0,1205.0,908.0,896.0,1154.0,1112.0,828.0,1061.0,1912.0,3036.0,1616.0,1431.0
2014-02-20,676,1068,1261,1680,772,673.0,676.0,528.0,480.0,1097.0,1209.0,908.0,891.0,1123.0,1107.0,828.0,1056.0,2049.0,3055.0,1616.0,1354.0
2014-02-21,677,1087,1244,1701,770,669.0,676.0,528.0,480.0,1100.0,1209.0,908.0,884.0,1099.0,1107.0,828.0,1028.0,2084.0,3055.0,1616.0,1302.0
2014-02-24,679,1098,1222,1707,761,666.0,672.0,517.0,481.0,1103.0,1201.0,909.0,866.0,1080.0,1062.0,864.0,971.0,2180.0,2761.0,1696.0,1457.0
2014-02-25,679,1096,1187,1775,753,662.0,659.0,517.0,481.0,1107.0,1180.0,912.0,866.0,1062.0,1018.0,868.0,971.0,2326.0,2579.0,1668.0,1457.0
2014-02-26,674,1096,1154,1912,750,661.0,649.0,517.0,481.0,1115.0,1139.0,912.0,866.0,1053.0,978.0,868.0,971.0,2596.0,2557.0,1668.0,1457.0
2014-02-27,673,1097,1123,2049,741,663.0,642.0,517.0,481.0,1116.0,1115.0,912.0,855.0,1056.0,942.0,868.0,940.0,2830.0,2573.0,1668.0,1405.0
2014-02-28,669,1100,1099,2084,737,663.0,642.0,515.0,484.0,1122.0,1115.0,916.0,846.0,1075.0,942.0,872.0,904.0,2980.0,2573.0,1613.0,1379.0
2014-03-03,666,1103,1080,2180,726,663.0,621.0,510.0,485.0,1131.0,1068.0,915.0,830.0,1088.0,867.0,865.0,846.0,3023.0,2418.0,1829.0,1429.0
2014-03-04,662,1107,1062,2326,717,666.0,610.0,510.0,485.0,1137.0,1047.0,915.0,830.0,1104.0,836.0,866.0,846.0,3045.0,2343.0,1691.0,1429.0
2014-03-05,661,1115,1053,2596,711,668.0,598.0,510.0,485.0,1149.0,1025.0,915.0,829.0,1102.0,822.0,866.0,816.0,2600.0,2306.0,1691.0,1545.0
2014-03-06,663,1116,1056,2830,702,668.0,588.0,510.0,484.0,1159.0,1003.0,915.0,829.0,1106.0,812.0,866.0,786.0,2654.0,2293.0,1691.0,1604.0
2014-03-07,663,1122,1075,2980,695,671.0,588.0,510.0,482.0,1173.0,1003.0,915.0,821.0,1113.0,812.0,866.0,758.0,2677.0,2293.0,1691.0,1689.0
2014-03-10,663,1131,1088,3023,689,671.0,571.0,506.0,478.0,1183.0,965.0,918.0,802.0,1116.0,794.0,898.0,713.0,2691.0,1946.0,1541.0,1846.0
2014-03-11,666,1137,1104,3045,692,668.0,562.0,504.0,478.0,1191.0,949.0,909.0,802.0,1118.0,787.0,910.0,713.0,2818.0,1865.0,1483.0,1846.0
2014-03-12,668,1149,1102,2600,681,667.0,556.0,504.0,475.0,1198.0,936.0,909.0,797.0,1120.0,782.0,910.0,699.0,2982.0,1789.0,1483.0,1903.0
2014-03-13,668,1159,1106,2654,678,671.0,549.0,504.0,469.0,1200.0,927.0,909.0,787.0,1120.0,778.0,910.0,678.0,3129.0,1765.0,1483.0,1864.0
2014-03-14,671,1173,1113,2677,676,674.0,549.0,502.0,465.0,1205.0,927.0,905.0,774.0,1112.0,778.0,933.0,635.0,3036.0,1765.0,1453.0,1792.0
2014-03-17,671,1183,1116,2691,679,676.0,536.0,485.0,450.0,1209.0,916.0,901.0,748.0,1107.0,792.0,1041.0,542.0,3055.0,1613.0,1530.0,1695.0
2014-03-18,668,1191,1118,2818,682,676.0,533.0,483.0,450.0,1207.0,909.0,899.0,748.0,1088.0,812.0,1054.0,542.0,2993.0,1591.0,1494.0,1695.0
2014-03-19,667,1198,1120,2982,695,672.0,528.0,483.0,446.0,1201.0,908.0,899.0,740.0,1062.0,828.0,1054.0,514.0,2761.0,1616.0,1494.0,1676.0
2014-03-20,671,1200,1120,3129,699,659.0,528.0,483.0,443.0,1180.0,908.0,899.0,724.0,1018.0,828.0,1054.0,492.0,2579.0,1616.0,1494.0,1767.0
2014-03-21,674,1205,1112,3036,711,649.0,528.0,482.0,442.0,1139.0,908.0,896.0,715.0,978.0,828.0,1061.0,474.0,2557.0,1616.0,1431.0,1919.0
2014-03-24,676,1209,1107,3055,712,642.0,524.0,480.0,440.0,1115.0,909.0,872.0,704.0,942.0,840.0,1001.0,452.0,2573.0,1674.0,1358.0,1896.0
2014-03-25,676,1207,1088,2993,712,632.0,520.0,481.0,440.0,1090.0,911.0,866.0,704.0,897.0,852.0,971.0,452.0,2505.0,1692.0,1457.0,1896.0
2014-03-26,672,1201,1062,2761,711,621.0,517.0,481.0,438.0,1068.0,909.0,866.0,701.0,867.0,864.0,971.0,446.0,2418.0,1696.0,1457.0,1848.0
2014-03-27,659,1180,1018,2579,711,610.0,517.0,481.0,433.0,1047.0,912.0,866.0,694.0,836.0,868.0,971.0,433.0,2343.0,1668.0,1457.0,1799.0
2014-03-28,649,1139,978,2557,709,598.0,517.0,481.0,427.0,1025.0,912.0,866.0,687.0,822.0,868.0,971.0,423.0,2306.0,1668.0,1457.0,1748.0
2014-03-31,642,1115,942,2573,705,588.0,513.0,485.0,413.0,1003.0,922.0,839.0,678.0,812.0,871.0,872.0,423.0,2293.0,1600.0,1395.0,1871.0
2014-04-01,632,1090,897,2505,700,580.0,514.0,485.0,413.0,982.0,919.0,830.0,678.0,801.0,871.0,846.0,423.0,2029.0,1716.0,1429.0,1871.0
2014-04-02,621,1068,867,2418,694,571.0,510.0,485.0,409.0,965.0,915.0,830.0,675.0,794.0,865.0,846.0,446.0,1946.0,1829.0,1429.0,2045.0
2014-04-03,610,1047,836,2343,691,562.0,510.0,485.0,408.0,949.0,915.0,830.0,676.0,787.0,866.0,846.0,485.0,1865.0,1691.0,1429.0,1999.0
2014-04-04,598,1025,822,2306,688,556.0,510.0,485.0,404.0,936.0,915.0,829.0,677.0,782.0,866.0,816.0,557.0,1789.0,1691.0,1545.0,1935.0
2014-04-07,588,1003,812,2293,696,549.0,509.0,481.0,402.0,927.0,917.0,811.0,682.0,778.0,869.0,727.0,680.0,1765.0,1681.0,1793.0,1808.0
2014-04-08,580,982,801,2029,696,543.0,508.0,478.0,402.0,921.0,920.0,802.0,682.0,777.0,879.0,713.0,680.0,1724.0,1613.0,1846.0,1808.0
2014-04-09,571,965,794,1946,691,536.0,506.0,478.0,400.0,916.0,918.0,802.0,686.0,792.0,898.0,713.0,704.0,1613.0,1541.0,1846.0,1755.0
2014-04-10,562,949,787,1865,693,533.0,504.0,478.0,397.0,909.0,909.0,802.0,687.0,812.0,910.0,713.0,710.0,1591.0,1483.0,1846.0,1648.0
2014-04-11,556,936,782,1789,692,528.0,504.0,475.0,393.0,908.0,909.0,797.0,684.0,828.0,910.0,699.0,702.0,1616.0,1483.0,1903.0,1523.0
2014-04-14,549,927,778,1765,693,528.0,497.0,459.0,385.0,908.0,904.0,760.0,679.0,828.0,969.0,582.0,666.0,1616.0,1496.0,1730.0,1422.0
2014-04-15,543,921,777,1724,690,528.0,490.0,450.0,385.0,908.0,904.0,748.0,679.0,828.0,1016.0,542.0,666.0,1616.0,1546.0,1695.0,1422.0
2014-04-16,536,916,792,1613,693,524.0,485.0,450.0,380.0,909.0,901.0,748.0,675.0,840.0,1041.0,542.0,644.0,1674.0,1530.0,1695.0,1377.0
2014-04-17,533,909,812,1591,686,520.0,483.0,450.0,377.0,911.0,899.0,748.0,671.0,852.0,1054.0,542.0,621.0,1692.0,1494.0,1695.0,1289.0
2014-04-22,528,908,828,1616,677,515.0,480.0,440.0,369.0,916.0,884.0,704.0,659.0,872.0,1028.0,452.0,576.0,1613.0,1302.0,1896.0,1194.0
2014-04-23,524,909,840,1674,673,513.0,480.0,440.0,364.0,922.0,872.0,704.0,659.0,871.0,1001.0,452.0,576.0,1600.0,1358.0,1896.0,1191.0
2014-04-24,520,911,852,1692,666,514.0,481.0,440.0,361.0,919.0,866.0,704.0,661.0,871.0,971.0,452.0,584.0,1716.0,1457.0,1896.0,1198.0
2014-04-25,517,909,864,1696,658,510.0,481.0,438.0,358.0,915.0,866.0,701.0,661.0,865.0,971.0,446.0,596.0,1829.0,1457.0,1848.0,1201.0
2014-04-28,517,912,868,1668,657,510.0,481.0,420.0,358.0,915.0,855.0,679.0,679.0,866.0,940.0,419.0,616.0,1691.0,1405.0,1773.0,1187.0
2014-04-29,515,916,872,1613,655,510.0,484.0,413.0,358.0,915.0,846.0,678.0,679.0,866.0,904.0,423.0,616.0,1691.0,1379.0,1871.0,1187.0
2014-04-30,513,922,871,1600,651,509.0,485.0,413.0,357.0,917.0,839.0,678.0,684.0,869.0,872.0,423.0,624.0,1681.0,1395.0,1871.0,1195.0
2014-05-01,514,919,871,1716,648,508.0,485.0,413.0,356.0,920.0,830.0,678.0,688.0,879.0,846.0,423.0,625.0,1613.0,1429.0,1871.0,1200.0
2014-05-02,510,915,865,1829,644,506.0,485.0,409.0,355.0,918.0,830.0,675.0,704.0,898.0,846.0,446.0,619.0,1541.0,1429.0,2045.0,1195.0
2014-05-06,510,915,866,1691,647,502.0,482.0,402.0,356.0,905.0,821.0,682.0,728.0,933.0,758.0,680.0,610.0,1453.0,1689.0,1808.0,1178.0
2014-05-07,509,917,869,1681,648,497.0,481.0,402.0,357.0,904.0,811.0,682.0,740.0,969.0,727.0,680.0,609.0,1496.0,1793.0,1808.0,1163.0
2014-05-08,508,920,879,1613,655,490.0,478.0,402.0,358.0,904.0,802.0,682.0,753.0,1016.0,713.0,680.0,609.0,1546.0,1846.0,1808.0,1153.0
2014-05-09,506,918,898,1541,665,485.0,478.0,400.0,360.0,901.0,802.0,686.0,767.0,1041.0,713.0,704.0,616.0,1530.0,1846.0,1755.0,1150.0
2014-05-12,504,909,910,1483,664,483.0,469.0,390.0,366.0,899.0,787.0,681.0,804.0,1054.0,678.0,679.0,634.0,1494.0,1864.0,1465.0,1197.0
2014-05-13,502,905,933,1453,661,482.0,465.0,385.0,366.0,896.0,774.0,679.0,804.0,1061.0,635.0,666.0,634.0,1431.0,1792.0,1422.0,1197.0
2014-05-14,497,904,969,1496,658,480.0,459.0,385.0,370.0,891.0,760.0,679.0,819.0,1056.0,582.0,666.0,651.0,1354.0,1730.0,1422.0,1350.0
2014-05-15,490,904,1016,1546,657,480.0,450.0,385.0,373.0,884.0,748.0,679.0,829.0,1028.0,542.0,666.0,674.0,1302.0,1695.0,1422.0,1546.0
2014-05-16,485,901,1041,1530,656,480.0,450.0,380.0,376.0,872.0,748.0,675.0,845.0,1001.0,542.0,644.0,739.0,1358.0,1695.0,1377.0,1882.0
2014-05-19,483,899,1054,1494,652,481.0,443.0,372.0,387.0,866.0,724.0,660.0,877.0,971.0,492.0,586.0,836.0,1457.0,1767.0,1235.0,2254.0
2014-05-20,482,896,1061,1431,649,481.0,442.0,369.0,387.0,866.0,715.0,659.0,877.0,971.0,474.0,576.0,836.0,1457.0,1919.0,1194.0,2254.0
2014-05-21,480,891,1056,1354,651,481.0,441.0,369.0,394.0,855.0,708.0,659.0,889.0,940.0,461.0,576.0,837.0,1405.0,1950.0,1194.0,2256.0
2014-05-22,480,884,1028,1302,669,484.0,440.0,369.0,399.0,846.0,704.0,659.0,902.0,904.0,452.0,576.0,828.0,1379.0,1896.0,1194.0,2380.0
2014-05-23,480,872,1001,1358,684,485.0,440.0,364.0,406.0,839.0,704.0,659.0,912.0,872.0,452.0,576.0,818.0,1395.0,1896.0,1191.0,2578.0
2014-05-27,481,866,971,1457,691,485.0,427.0,358.0,420.0,829.0,687.0,679.0,937.0,816.0,423.0,616.0,808.0,1545.0,1748.0,1187.0,2430.0
2014-05-28,481,855,940,1405,682,484.0,420.0,358.0,420.0,829.0,679.0,679.0,937.0,786.0,419.0,616.0,808.0,1604.0,1773.0,1187.0,2430.0
2014-05-29,484,846,904,1379,674,482.0,413.0,358.0,427.0,821.0,678.0,679.0,944.0,758.0,423.0,616.0,811.0,1689.0,1871.0,1187.0,2366.0
2014-05-30,485,839,872,1395,667,481.0,413.0,357.0,437.0,811.0,678.0,684.0,952.0,727.0,423.0,624.0,842.0,1793.0,1871.0,1195.0,2551.0
2014-06-02,485,830,846,1429,657,478.0,408.0,357.0,450.0,802.0,676.0,716.0,970.0,713.0,485.0,611.0,888.0,1846.0,1999.0,1176.0,2606.0
2014-06-03,485,829,816,1545,651,475.0,404.0,356.0,450.0,797.0,677.0,728.0,970.0,699.0,557.0,610.0,888.0,1903.0,1935.0,1178.0,2606.0
2014-06-04,484,829,786,1604,641,469.0,403.0,356.0,456.0,787.0,680.0,728.0,977.0,678.0,640.0,610.0,903.0,1864.0,1864.0,1178.0,2568.0
2014-06-05,482,821,758,1689,635,465.0,402.0,356.0,462.0,774.0,682.0,728.0,983.0,635.0,680.0,610.0,919.0,1792.0,1808.0,1178.0,2489.0
2014-06-06,481,811,727,1793,630,459.0,402.0,357.0,466.0,760.0,682.0,740.0,988.0,582.0,680.0,609.0,927.0,1730.0,1808.0,1163.0,2464.0
2014-06-09,478,802,713,1846,635,450.0,397.0,363.0,472.0,748.0,687.0,785.0,997.0,542.0,710.0,624.0,940.0,1695.0,1648.0,1166.0,2519.0
2014-06-10,475,797,699,1903,636,446.0,393.0,366.0,472.0,740.0,684.0,804.0,997.0,514.0,702.0,634.0,940.0,1676.0,1523.0,1197.0,2519.0
2014-06-11,469,787,678,1864,637,443.0,390.0,366.0,472.0,724.0,681.0,804.0,995.0,492.0,679.0,634.0,940.0,1767.0,1465.0,1197.0,2596.0
2014-06-12,465,774,635,1792,637,442.0,385.0,366.0,474.0,715.0,679.0,804.0,1001.0,474.0,666.0,634.0,916.0,1919.0,1422.0,1197.0,2602.0
2014-06-13,459,760,582,1730,635,441.0,385.0,370.0,476.0,708.0,679.0,819.0,1003.0,461.0,666.0,651.0,895.0,1950.0,1422.0,1350.0,2570.0
2014-06-16,450,748,542,1695,641,440.0,377.0,382.0,479.0,704.0,671.0,861.0,1006.0,452.0,621.0,803.0,860.0,1896.0,1289.0,2151.0,2523.0
2014-06-17,446,740,514,1676,641,438.0,373.0,387.0,479.0,701.0,666.0,877.0,1006.0,446.0,603.0,836.0,860.0,1848.0,1248.0,2254.0,2523.0
2014-06-18,443,724,492,1767,650,433.0,372.0,387.0,484.0,694.0,660.0,877.0,1016.0,433.0,586.0,836.0,843.0,1799.0,1235.0,2254.0,2442.0
2014-06-19,442,715,474,1919,672,427.0,369.0,387.0,488.0,687.0,659.0,877.0,1028.0,423.0,576.0,836.0,829.0,1748.0,1194.0,2254.0,2342.0
2014-06-20,441,708,461,1950,712,420.0,369.0,394.0,494.0,679.0,659.0,889.0,1031.0,419.0,576.0,837.0,819.0,1773.0,1194.0,2256.0,2192.0
2014-06-23,440,704,452,1896,715,413.0,361.0,413.0,505.0,678.0,661.0,925.0,1029.0,423.0,584.0,812.0,809.0,1871.0,1198.0,2535.0,2118.0
2014-06-24,438,701,446,1848,717,409.0,358.0,420.0,505.0,675.0,661.0,937.0,1029.0,446.0,596.0,808.0,809.0,2045.0,1201.0,2430.0,2118.0
2014-06-25,433,694,433,1799,717,408.0,357.0,420.0,513.0,676.0,666.0,937.0,1032.0,485.0,606.0,808.0,800.0,1999.0,1193.0,2430.0,2077.0
2014-06-26,427,687,423,1748,717,404.0,358.0,420.0,521.0,677.0,679.0,937.0,1041.0,557.0,616.0,808.0,798.0,1935.0,1187.0,2430.0,1967.0
2014-06-27,420,679,419,1773,723,403.0,358.0,420.0,525.0,680.0,679.0,937.0,1045.0,640.0,616.0,808.0,799.0,1864.0,1187.0,2430.0,1837.0
2014-06-30,413,678,423,1871,721,402.0,356.0,442.0,528.0,682.0,688.0,963.0,1053.0,680.0,625.0,871.0,812.0,1808.0,1200.0,2627.0,1922.0
2014-07-01,409,675,446,2045,724,400.0,355.0,450.0,528.0,686.0,704.0,970.0,1053.0,704.0,619.0,888.0,812.0,1755.0,1195.0,2606.0,1922.0
2014-07-02,408,676,485,1999,728,397.0,357.0,450.0,529.0,687.0,716.0,970.0,1054.0,710.0,611.0,888.0,826.0,1648.0,1176.0,2606.0,1915.0
2014-07-03,404,677,557,1935,747,393.0,356.0,450.0,531.0,684.0,728.0,970.0,1051.0,702.0,610.0,888.0,854.0,1523.0,1178.0,2606.0,1853.0
2014-07-04,403,680,640,1864,750,390.0,356.0,456.0,531.0,681.0,728.0,977.0,1045.0,679.0,610.0,903.0,878.0,1465.0,1178.0,2568.0,1788.0
2014-07-07,402,682,680,1808,741,385.0,358.0,469.0,530.0,679.0,753.0,993.0,1028.0,666.0,609.0,931.0,889.0,1422.0,1153.0,2483.0,1735.0
2014-07-08,400,686,704,1755,736,380.0,360.0,472.0,530.0,675.0,767.0,997.0,1028.0,644.0,616.0,940.0,889.0,1377.0,1150.0,2519.0,1735.0
2014-07-09,397,687,710,1648,739,377.0,363.0,472.0,528.0,671.0,785.0,997.0,1017.0,621.0,624.0,940.0,884.0,1289.0,1166.0,2519.0,1698.0
2014-07-10,393,684,702,1523,752,373.0,366.0,472.0,523.0,666.0,804.0,997.0,1007.0,603.0,634.0,940.0,869.0,1248.0,1197.0,2519.0,1632.0
2014-07-11,390,681,679,1465,774,372.0,366.0,472.0,520.0,660.0,804.0,995.0,993.0,586.0,634.0,940.0,864.0,1235.0,1197.0,2596.0,1580.0
2014-07-14,385,679,666,1422,786,369.0,373.0,477.0,513.0,659.0,829.0,1000.0,970.0,576.0,674.0,875.0,868.0,1194.0,1546.0,2546.0,1521.0
2014-07-15,380,675,644,1377,796,364.0,376.0,479.0,513.0,659.0,845.0,1006.0,970.0,576.0,739.0,860.0,868.0,1191.0,1882.0,2523.0,1521.0
2014-07-16,377,671,621,1289,820,361.0,382.0,479.0,510.0,661.0,861.0,1006.0,959.0,584.0,803.0,860.0,885.0,1198.0,2151.0,2523.0,1485.0
2014-07-17,373,666,603,1248,884,358.0,387.0,479.0,506.0,661.0,877.0,1006.0,952.0,596.0,836.0,860.0,909.0,1201.0,2254.0,2523.0,1376.0
2014-07-18,372,660,586,1235,896,357.0,387.0,484.0,503.0,666.0,877.0,1016.0,944.0,606.0,836.0,843.0,940.0,1193.0,2254.0,2442.0,1315.0
2014-07-21,369,659,576,1194,906,358.0,399.0,498.0,498.0,679.0,902.0,1030.0,923.0,616.0,828.0,814.0,995.0,1187.0,2380.0,2112.0,1512.0
2014-07-22,364,659,576,1191,918,357.0,406.0,505.0,498.0,684.0,912.0,1029.0,923.0,624.0,818.0,809.0,995.0,1195.0,2578.0,2118.0,1512.0
2014-07-23,361,661,584,1198,955,356.0,413.0,505.0,498.0,688.0,925.0,1029.0,916.0,625.0,812.0,809.0,1032.0,1200.0,2535.0,2118.0,2003.0
2014-07-24,358,661,596,1201,946,355.0,420.0,505.0,496.0,704.0,937.0,1029.0,911.0,619.0,808.0,809.0,1066.0,1195.0,2430.0,2118.0,2186.0
2014-07-25,357,666,606,1193,931,357.0,420.0,513.0,491.0,716.0,937.0,1032.0,907.0,611.0,808.0,800.0,1099.0,1176.0,2430.0,2077.0,2258.0
2014-07-28,358,679,616,1187,891,356.0,427.0,526.0,485.0,728.0,944.0,1046.0,900.0,610.0,811.0,807.0,1137.0,1178.0,2366.0,1852.0,2852.0
2014-07-29,357,684,624,1195,862,357.0,437.0,528.0,485.0,740.0,952.0,1053.0,900.0,609.0,842.0,812.0,1137.0,1163.0,2551.0,1922.0,2852.0
2014-07-30,356,688,625,1200,848,358.0,442.0,528.0,481.0,753.0,963.0,1053.0,899.0,609.0,871.0,812.0,1172.0,1153.0,2627.0,1922.0,3436.0
2014-07-31,355,704,619,1195,842,360.0,450.0,528.0,476.0,767.0,970.0,1053.0,898.0,616.0,888.0,812.0,1202.0,1150.0,2606.0,1922.0,3560.0
2014-08-01,357,716,611,1176,833,363.0,450.0,529.0,472.0,785.0,970.0,1054.0,896.0,624.0,888.0,826.0,1222.0,1166.0,2606.0,1915.0,3534.0
2014-08-04,356,728,610,1178,826,366.0,462.0,530.0,463.0,804.0,983.0,1033.0,892.0,634.0,919.0,887.0,1241.0,1197.0,2489.0,1758.0,3640.0
2014-08-05,357,740,609,1163,815,370.0,466.0,530.0,463.0,819.0,988.0,1028.0,892.0,651.0,927.0,889.0,1241.0,1350.0,2464.0,1735.0,3640.0
2014-08-06,358,753,609,1153,800,373.0,469.0,530.0,458.0,829.0,993.0,1028.0,889.0,674.0,931.0,889.0,1238.0,1546.0,2483.0,1735.0,3781.0
2014-08-07,360,767,616,1150,794,376.0,472.0,530.0,457.0,845.0,997.0,1028.0,888.0,739.0,940.0,889.0,1224.0,1882.0,2519.0,1735.0,3702.0
2014-08-08,363,785,624,1166,811,382.0,472.0,528.0,455.0,861.0,997.0,1017.0,888.0,803.0,940.0,884.0,1205.0,2151.0,2519.0,1698.0,3612.0
2014-08-11,366,804,634,1197,807,387.0,474.0,516.0,451.0,877.0,1001.0,980.0,881.0,836.0,916.0,865.0,1168.0,2254.0,2602.0,1544.0,3613.0
2014-08-12,370,819,651,1350,793,394.0,476.0,513.0,451.0,889.0,1003.0,970.0,881.0,837.0,895.0,868.0,1168.0,2256.0,2570.0,1521.0,3613.0
2014-08-13,373,829,674,1546,762,399.0,477.0,513.0,451.0,902.0,1000.0,970.0,879.0,828.0,875.0,868.0,1150.0,2380.0,2546.0,1521.0,3419.0
2014-08-14,376,845,739,1882,753,406.0,479.0,513.0,451.0,912.0,1006.0,970.0,876.0,818.0,860.0,868.0,1133.0,2578.0,2523.0,1521.0,3229.0
2014-08-15,382,861,803,2151,748,413.0,479.0,510.0,451.0,925.0,1006.0,959.0,873.0,812.0,860.0,885.0,1112.0,2535.0,2523.0,1485.0,2972.0
2014-08-18,387,877,836,2254,747,420.0,488.0,501.0,451.0,937.0,1028.0,933.0,875.0,808.0,829.0,966.0,1069.0,2430.0,2342.0,1362.0,2971.0
2014-08-19,394,889,837,2256,749,420.0,494.0,498.0,451.0,937.0,1031.0,923.0,875.0,808.0,819.0,995.0,1069.0,2430.0,2192.0,1512.0,2971.0
2014-08-20,399,902,828,2380,759,427.0,498.0,498.0,453.0,944.0,1030.0,923.0,875.0,811.0,814.0,995.0,1061.0,2366.0,2112.0,1512.0,3106.0
2014-08-21,406,912,818,2578,768,437.0,505.0,498.0,455.0,952.0,1029.0,923.0,881.0,842.0,809.0,995.0,1055.0,2551.0,2118.0,1512.0,3127.0
2014-08-22,413,925,812,2535,761,442.0,505.0,498.0,457.0,963.0,1029.0,916.0,904.0,871.0,809.0,1032.0,1053.0,2627.0,2118.0,2003.0,3130.0
2014-08-26,420,937,808,2430,759,456.0,525.0,485.0,469.0,977.0,1045.0,900.0,942.0,903.0,799.0,1137.0,1059.0,2568.0,1837.0,2852.0,2975.0
2014-08-27,427,944,811,2366,742,462.0,526.0,485.0,476.0,983.0,1046.0,900.0,956.0,919.0,807.0,1137.0,1064.0,2489.0,1852.0,2852.0,2963.0
2014-08-28,437,952,842,2551,735,466.0,528.0,485.0,482.0,988.0,1053.0,900.0,970.0,927.0,812.0,1137.0,1073.0,2464.0,1922.0,2852.0,2612.0
2014-08-29,442,963,871,2627,722,469.0,528.0,481.0,487.0,993.0,1053.0,899.0,980.0,931.0,812.0,1172.0,1099.0,2483.0,1922.0,3436.0,2347.0
2014-09-01,450,970,888,2606,699,472.0,531.0,467.0,492.0,997.0,1051.0,891.0,986.0,940.0,854.0,1233.0,1124.0,2519.0,1853.0,3552.0,2025.0
2014-09-02,456,977,903,2568,693,472.0,531.0,463.0,492.0,995.0,1045.0,892.0,986.0,940.0,878.0,1241.0,1124.0,2596.0,1788.0,3640.0,2025.0
2014-09-03,462,983,919,2489,687,474.0,530.0,463.0,495.0,1001.0,1033.0,892.0,989.0,916.0,887.0,1241.0,1119.0,2602.0,1758.0,3640.0,1898.0
2014-09-04,466,988,927,2464,682,476.0,530.0,463.0,498.0,1003.0,1028.0,892.0,987.0,895.0,889.0,1241.0,1108.0,2570.0,1735.0,3640.0,1677.0
2014-09-05,469,993,931,2483,677,477.0,530.0,458.0,498.0,1000.0,1028.0,889.0,984.0,875.0,889.0,1238.0,1097.0,2546.0,1735.0,3781.0,1452.0
2014-09-08,472,997,940,2519,674,479.0,523.0,454.0,497.0,1006.0,1007.0,886.0,971.0,860.0,869.0,1183.0,1081.0,2523.0,1632.0,3661.0,1165.0
2014-09-09,472,995,940,2596,665,484.0,520.0,451.0,497.0,1016.0,993.0,881.0,971.0,843.0,864.0,1168.0,1081.0,2442.0,1580.0,3613.0,1165.0
2014-09-10,474,1001,916,2602,660,488.0,516.0,451.0,497.0,1028.0,980.0,881.0,969.0,829.0,865.0,1168.0,1066.0,2342.0,1544.0,3613.0,1075.0
2014-09-11,476,1003,895,2570,652,494.0,513.0,451.0,494.0,1031.0,970.0,881.0,966.0,819.0,868.0,1168.0,1047.0,2192.0,1521.0,3613.0,979.0
2014-09-12,477,1000,875,2546,645,498.0,513.0,451.0,492.0,1030.0,970.0,879.0,960.0,814.0,868.0,1150.0,1026.0,2112.0,1521.0,3419.0,879.0
2014-09-15,479,1006,860,2523,640,505.0,506.0,450.0,493.0,1029.0,952.0,873.0,950.0,809.0,909.0,1089.0,980.0,2118.0,1376.0,2931.0,659.0
2014-09-16,484,1016,843,2442,635,513.0,503.0,451.0,493.0,1032.0,944.0,875.0,950.0,800.0,940.0,1069.0,980.0,2077.0,1315.0,2971.0,659.0
2014-09-17,488,1028,829,2342,630,521.0,501.0,451.0,495.0,1041.0,933.0,875.0,947.0,798.0,966.0,1069.0,961.0,1967.0,1362.0,2971.0,617.0
2014-09-18,494,1031,819,2192,625,525.0,498.0,451.0,496.0,1045.0,923.0,875.0,942.0,799.0,995.0,1069.0,945.0,1837.0,1512.0,2971.0,571.0
2014-09-19,498,1030,814,2112,615,526.0,498.0,453.0,496.0,1046.0,923.0,875.0,932.0,807.0,995.0,1061.0,929.0,1852.0,1512.0,3106.0,517.0
2014-09-22,505,1029,809,2118,612,528.0,496.0,462.0,495.0,1053.0,911.0,926.0,917.0,812.0,1066.0,1055.0,891.0,1922.0,2186.0,3038.0,480.0
2014-09-23,513,1032,800,2077,607,529.0,491.0,469.0,495.0,1054.0,907.0,942.0,917.0,826.0,1099.0,1059.0,891.0,1915.0,2258.0,2975.0,480.0
2014-09-24,521,1041,798,1967,604,531.0,489.0,469.0,495.0,1051.0,906.0,942.0,906.0,854.0,1121.0,1059.0,872.0,1853.0,2422.0,2975.0,472.0
2014-09-25,525,1045,799,1837,605,531.0,485.0,469.0,495.0,1045.0,900.0,942.0,897.0,878.0,1137.0,1059.0,856.0,1788.0,2852.0,2975.0,474.0
2014-09-26,526,1046,807,1852,608,530.0,485.0,476.0,488.0,1033.0,900.0,956.0,887.0,887.0,1137.0,1064.0,827.0,1758.0,2852.0,2963.0,456.0
2014-09-29,528,1053,812,1922,611,530.0,476.0,491.0,488.0,1028.0,898.0,984.0,887.0,889.0,1202.0,1120.0,827.0,1735.0,3560.0,2151.0,456.0
2014-09-30,529,1054,826,1915,613,528.0,472.0,492.0,488.0,1017.0,896.0,986.0,887.0,884.0,1222.0,1124.0,827.0,1698.0,3534.0,2025.0,456.0
2014-10-01,531,1051,854,1853,623,523.0,467.0,492.0,488.0,1007.0,891.0,986.0,887.0,869.0,1233.0,1124.0,827.0,1632.0,3552.0,2025.0,456.0
2014-10-02,531,1045,878,1788,639,520.0,463.0,492.0,488.0,993.0,892.0,986.0,887.0,864.0,1241.0,1124.0,827.0,1580.0,3640.0,2025.0,456.0
2014-10-03,530,1033,887,1758,639,516.0,463.0,495.0,488.0,980.0,892.0,989.0,887.0,865.0,1241.0,1119.0,827.0,1544.0,3640.0,1898.0,456.0
2014-10-06,530,1028,889,1735,645,513.0,457.0,499.0,482.0,970.0,888.0,980.0,884.0,868.0,1224.0,1088.0,811.0,1521.0,3702.0,1282.0,442.0
2014-10-07,528,1017,884,1698,649,510.0,455.0,497.0,482.0,959.0,888.0,971.0,884.0,885.0,1205.0,1081.0,811.0,1485.0,3612.0,1165.0,442.0
2014-10-08,523,1007,869,1632,657,506.0,454.0,497.0,479.0,952.0,886.0,971.0,873.0,909.0,1183.0,1081.0,794.0,1376.0,3661.0,1165.0,432.0
2014-10-09,520,993,864,1580,664,503.0,451.0,497.0,466.0,944.0,881.0,971.0,861.0,940.0,1168.0,1081.0,780.0,1315.0,3613.0,1165.0,397.0
2014-10-10,516,980,865,1544,674,501.0,451.0,497.0,455.0,933.0,881.0,969.0,843.0,966.0,1168.0,1066.0,776.0,1362.0,3613.0,1075.0,335.0
2014-10-13,513,970,868,1521,678,498.0,451.0,493.0,441.0,923.0,876.0,953.0,800.0,995.0,1133.0,1001.0,762.0,1512.0,3229.0,763.0,373.0
2014-10-14,510,959,885,1485,683,498.0,451.0,493.0,441.0,916.0,873.0,950.0,800.0,1032.0,1112.0,980.0,762.0,2003.0,2972.0,659.0,373.0
2014-10-15,506,952,909,1376,689,496.0,450.0,493.0,435.0,911.0,873.0,950.0,778.0,1066.0,1089.0,980.0,766.0,2186.0,2931.0,659.0,537.0
2014-10-16,503,944,940,1315,694,491.0,451.0,493.0,429.0,907.0,875.0,950.0,763.0,1099.0,1069.0,980.0,766.0,2258.0,2971.0,659.0,557.0
2014-10-17,501,933,966,1362,698,489.0,451.0,495.0,425.0,906.0,875.0,947.0,752.0,1121.0,1069.0,961.0,766.0,2422.0,2971.0,617.0,585.0
2014-10-20,498,923,995,1512,700,485.0,455.0,497.0,415.0,900.0,881.0,925.0,716.0,1137.0,1055.0,907.0,751.0,2852.0,3127.0,488.0,662.0
2014-10-21,498,916,1032,2003,702,481.0,457.0,495.0,415.0,899.0,904.0,917.0,716.0,1172.0,1053.0,891.0,751.0,3436.0,3130.0,480.0,662.0
2014-10-22,496,911,1066,2186,703,476.0,462.0,495.0,410.0,898.0,926.0,917.0,699.0,1202.0,1055.0,891.0,741.0,3560.0,3038.0,480.0,752.0
2014-10-23,491,907,1099,2258,699,472.0,469.0,495.0,402.0,896.0,942.0,917.0,684.0,1222.0,1059.0,891.0,725.0,3534.0,2975.0,480.0,971.0
2014-10-24,489,906,1121,2422,699,467.0,469.0,495.0,392.0,891.0,942.0,906.0,673.0,1233.0,1059.0,872.0,704.0,3552.0,2975.0,472.0,965.0
2014-10-27,485,900,1137,2852,716,463.0,482.0,488.0,373.0,892.0,970.0,887.0,650.0,1241.0,1073.0,827.0,669.0,3640.0,2612.0,456.0,857.0
2014-10-28,481,899,1172,3436,735,458.0,487.0,488.0,373.0,889.0,980.0,887.0,650.0,1238.0,1099.0,827.0,669.0,3781.0,2347.0,456.0,857.0
2014-10-29,476,898,1202,3560,754,457.0,491.0,488.0,364.0,888.0,984.0,887.0,642.0,1224.0,1120.0,827.0,648.0,3702.0,2151.0,456.0,831.0
2014-10-30,472,896,1222,3534,777,455.0,492.0,488.0,356.0,888.0,986.0,887.0,632.0,1205.0,1124.0,827.0,620.0,3612.0,2025.0,456.0,785.0
2014-10-31,467,891,1233,3552,795,454.0,492.0,488.0,348.0,886.0,986.0,887.0,618.0,1183.0,1124.0,827.0,550.0,3661.0,2025.0,456.0,725.0
2014-11-03,463,892,1241,3640,809,451.0,498.0,488.0,332.0,881.0,987.0,887.0,585.0,1168.0,1108.0,827.0,480.0,3613.0,1677.0,456.0,665.0
2014-11-04,458,889,1238,3781,813,451.0,498.0,482.0,332.0,879.0,984.0,884.0,585.0,1150.0,1097.0,811.0,480.0,3419.0,1452.0,442.0,665.0
2014-11-05,457,888,1224,3702,820,451.0,499.0,482.0,326.0,876.0,980.0,884.0,567.0,1133.0,1088.0,811.0,454.0,3229.0,1282.0,442.0,663.0
2014-11-06,455,888,1205,3612,825,451.0,497.0,482.0,321.0,873.0,971.0,884.0,556.0,1112.0,1081.0,811.0,437.0,2972.0,1165.0,442.0,669.0
2014-11-07,454,886,1183,3661,833,450.0,497.0,479.0,309.0,873.0,971.0,873.0,545.0,1089.0,1081.0,794.0,428.0,2931.0,1165.0,432.0,680.0
2014-11-10,451,881,1168,3613,839,451.0,494.0,446.0,295.0,875.0,966.0,820.0,530.0,1069.0,1047.0,764.0,434.0,2971.0,979.0,311.0,687.0
2014-11-11,451,879,1150,3419,839,453.0,492.0,441.0,295.0,875.0,960.0,800.0,530.0,1061.0,1026.0,762.0,434.0,3106.0,879.0,373.0,687.0
2014-11-12,451,876,1133,3229,835,455.0,493.0,441.0,289.0,881.0,953.0,800.0,523.0,1055.0,1001.0,762.0,446.0,3127.0,763.0,373.0,711.0
2014-11-13,451,873,1112,2972,843,457.0,493.0,441.0,281.0,904.0,950.0,800.0,516.0,1053.0,980.0,762.0,469.0,3130.0,659.0,373.0,700.0
2014-11-14,450,873,1089,2931,865,462.0,493.0,435.0,273.0,926.0,950.0,778.0,508.0,1055.0,980.0,766.0,489.0,3038.0,659.0,537.0,652.0
2014-11-17,451,875,1069,2971,871,469.0,496.0,418.0,263.0,942.0,942.0,735.0,486.0,1059.0,945.0,759.0,505.0,2975.0,571.0,620.0,614.0
2014-11-18,453,875,1061,3106,909,476.0,496.0,415.0,263.0,956.0,932.0,716.0,486.0,1064.0,929.0,751.0,505.0,2963.0,517.0,662.0,614.0
2014-11-19,455,881,1055,3127,937,482.0,497.0,415.0,261.0,970.0,925.0,716.0,480.0,1073.0,907.0,751.0,508.0,2612.0,488.0,662.0,589.0
2014-11-20,457,904,1053,3130,964,487.0,495.0,415.0,260.0,980.0,917.0,716.0,480.0,1099.0,891.0,751.0,514.0,2347.0,480.0,662.0,564.0
2014-11-21,462,926,1055,3038,973,491.0,495.0,410.0,267.0,984.0,917.0,699.0,478.0,1120.0,891.0,741.0,516.0,2151.0,480.0,752.0,539.0
2014-11-24,469,942,1059,2975,975,492.0,495.0,380.0,266.0,986.0,897.0,659.0,490.0,1124.0,856.0,685.0,512.0,2025.0,474.0,887.0,543.0
2014-11-25,476,956,1064,2963,960,495.0,488.0,373.0,266.0,989.0,887.0,650.0,490.0,1119.0,827.0,669.0,512.0,1898.0,456.0,857.0,543.0
2014-11-26,482,970,1073,2612,947,498.0,488.0,373.0,274.0,987.0,887.0,650.0,492.0,1108.0,827.0,669.0,514.0,1677.0,456.0,857.0,534.0
2014-11-27,487,980,1099,2347,939,498.0,488.0,373.0,289.0,984.0,887.0,650.0,490.0,1097.0,827.0,669.0,519.0,1452.0,456.0,857.0,529.0
2014-11-28,491,984,1120,2151,893,499.0,488.0,364.0,300.0,980.0,887.0,642.0,496.0,1088.0,827.0,648.0,531.0,1282.0,456.0,831.0,525.0
2014-12-01,492,986,1124,2025,866,497.0,488.0,340.0,318.0,971.0,887.0,599.0,515.0,1081.0,827.0,508.0,551.0,1165.0,456.0,679.0,516.0
2014-12-02,495,989,1119,1898,851,497.0,488.0,332.0,318.0,969.0,887.0,585.0,515.0,1066.0,827.0,480.0,551.0,1075.0,456.0,665.0,516.0
2014-12-03,498,987,1108,1677,833,494.0,488.0,332.0,327.0,966.0,887.0,585.0,528.0,1047.0,827.0,480.0,564.0,979.0,456.0,665.0,490.0
2014-12-04,498,984,1097,1452,826,492.0,482.0,332.0,338.0,960.0,884.0,585.0,541.0,1026.0,811.0,480.0,576.0,879.0,442.0,665.0,478.0
2014-12-05,499,980,1088,1282,818,493.0,482.0,326.0,348.0,953.0,884.0,567.0,550.0,1001.0,811.0,454.0,583.0,763.0,442.0,663.0,464.0
2014-12-08,497,971,1081,1165,815,493.0,466.0,301.0,356.0,950.0,861.0,538.0,566.0,980.0,780.0,430.0,590.0,659.0,397.0,689.0,468.0
2014-12-09,497,969,1066,1075,818,495.0,455.0,295.0,356.0,947.0,843.0,530.0,566.0,961.0,776.0,434.0,590.0,617.0,335.0,687.0,468.0
2014-12-10,494,966,1047,979,824,496.0,446.0,295.0,357.0,942.0,820.0,530.0,573.0,945.0,764.0,434.0,591.0,571.0,311.0,687.0,457.0
2014-12-11,492,960,1026,879,835,496.0,441.0,295.0,361.0,932.0,800.0,530.0,580.0,929.0,762.0,434.0,588.0,517.0,373.0,687.0,431.0
2014-12-12,493,953,1001,763,842,497.0,441.0,289.0,364.0,925.0,800.0,523.0,589.0,907.0,762.0,446.0,586.0,488.0,373.0,711.0,394.0
2014-12-15,493,950,980,659,857,495.0,429.0,268.0,370.0,917.0,763.0,496.0,606.0,891.0,766.0,499.0,588.0,480.0,557.0,630.0,372.0
2014-12-16,495,947,961,617,871,495.0,425.0,263.0,370.0,906.0,752.0,486.0,606.0,872.0,766.0,505.0,588.0,472.0,585.0,614.0,372.0
2014-12-17,496,942,945,571,886,495.0,418.0,263.0,375.0,897.0,735.0,486.0,611.0,856.0,759.0,505.0,595.0,474.0,620.0,614.0,366.0
2014-12-18,496,932,929,517,888,488.0,415.0,263.0,378.0,887.0,716.0,486.0,616.0,827.0,751.0,505.0,604.0,456.0,662.0,614.0,357.0
2014-12-19,497,925,907,488,881,488.0,415.0,261.0,383.0,887.0,716.0,480.0,623.0,827.0,751.0,508.0,613.0,456.0,662.0,589.0,407.0
2014-12-22,495,917,891,480,877,488.0,402.0,270.0,386.0,887.0,684.0,483.0,635.0,827.0,725.0,514.0,617.0,456.0,971.0,542.0,435.0
2014-12-23,495,906,872,472,872,488.0,392.0,266.0,386.0,887.0,673.0,490.0,635.0,827.0,704.0,512.0,617.0,456.0,965.0,543.0,435.0
2014-12-24,495,897,856,474,862,488.0,380.0,266.0,388.0,887.0,659.0,490.0,640.0,827.0,685.0,512.0,609.0,456.0,887.0,543.0,448.0
2015-01-02,488,887,827,456,862,446.0,332.0,327.0,386.0,820.0,585.0,528.0,646.0,764.0,480.0,564.0,589.0,311.0,665.0,490.0,454.0
2015-01-05,482,884,811,442,885,441.0,321.0,352.0,385.0,800.0,556.0,560.0,636.0,762.0,437.0,587.0,584.0,373.0,669.0,470.0,448.0
2015-01-06,479,873,794,432,884,435.0,309.0,356.0,385.0,778.0,545.0,566.0,636.0,766.0,428.0,590.0,584.0,537.0,680.0,468.0,448.0
2015-01-07,466,861,780,397,884,429.0,301.0,356.0,385.0,763.0,538.0,566.0,636.0,766.0,430.0,590.0,584.0,557.0,689.0,468.0,448.0
2015-01-08,455,843,776,335,884,425.0,295.0,356.0,382.0,752.0,530.0,566.0,631.0,766.0,434.0,590.0,585.0,585.0,687.0,468.0,450.0
2015-01-09,446,820,764,311,895,418.0,295.0,357.0,379.0,735.0,530.0,573.0,624.0,759.0,434.0,591.0,591.0,620.0,687.0,457.0,461.0
2015-01-12,441,800,762,373,905,415.0,281.0,368.0,369.0,716.0,516.0,596.0,613.0,751.0,469.0,585.0,609.0,662.0,700.0,378.0,460.0
2015-01-13,435,778,766,537,914,410.0,273.0,370.0,369.0,699.0,508.0,606.0,613.0,741.0,489.0,588.0,609.0,752.0,652.0,372.0,460.0
2015-01-14,429,763,766,557,933,402.0,268.0,370.0,366.0,684.0,496.0,606.0,609.0,725.0,499.0,588.0,619.0,971.0,630.0,372.0,470.0
2015-01-15,425,752,766,585,937,392.0,263.0,370.0,362.0,673.0,486.0,606.0,608.0,704.0,505.0,588.0,626.0,965.0,614.0,372.0,494.0
2015-01-16,418,735,759,620,942,380.0,263.0,375.0,360.0,659.0,486.0,611.0,608.0,685.0,505.0,595.0,636.0,887.0,614.0,366.0,521.0
2015-01-19,415,716,751,662,950,373.0,260.0,384.0,357.0,650.0,480.0,627.0,619.0,669.0,514.0,617.0,646.0,857.0,564.0,423.0,537.0
2015-01-20,410,699,741,752,948,364.0,267.0,386.0,357.0,642.0,478.0,635.0,619.0,648.0,516.0,617.0,646.0,831.0,539.0,435.0,537.0
2015-01-21,402,684,725,971,953,356.0,270.0,386.0,355.0,632.0,483.0,635.0,618.0,620.0,514.0,617.0,659.0,785.0,542.0,435.0,549.0
2015-01-22,392,673,704,965,946,348.0,266.0,386.0,355.0,618.0,490.0,635.0,619.0,550.0,512.0,617.0,669.0,725.0,543.0,435.0,544.0
2015-01-23,380,659,685,887,934,340.0,266.0,388.0,351.0,599.0,490.0,640.0,620.0,508.0,512.0,609.0,680.0,679.0,543.0,448.0,543.0
2015-01-26,373,650,669,857,917,332.0,289.0,390.0,347.0,585.0,490.0,648.0,624.0,480.0,519.0,597.0,687.0,665.0,529.0,456.0,546.0
2015-01-27,364,642,648,831,889,326.0,300.0,393.0,347.0,567.0,496.0,647.0,624.0,454.0,531.0,600.0,687.0,663.0,525.0,460.0,546.0
2015-01-28,356,632,620,785,878,321.0,308.0,393.0,346.0,556.0,506.0,647.0,626.0,437.0,540.0,600.0,685.0,669.0,521.0,460.0,551.0
2015-01-29,348,618,550,725,870,309.0,318.0,393.0,345.0,545.0,515.0,647.0,628.0,428.0,551.0,600.0,673.0,680.0,516.0,460.0,558.0
2015-01-30,340,599,508,679,868,301.0,318.0,392.0,343.0,538.0,515.0,649.0,627.0,430.0,551.0,598.0,658.0,689.0,516.0,475.0,565.0
2015-02-02,332,585,480,665,863,295.0,338.0,385.0,335.0,530.0,541.0,636.0,621.0,434.0,576.0,584.0,633.0,687.0,478.0,448.0,571.0
2015-02-03,326,567,454,663,894,289.0,348.0,385.0,335.0,523.0,550.0,636.0,621.0,446.0,583.0,584.0,633.0,711.0,464.0,448.0,571.0
2015-02-04,321,556,437,669,904,281.0,352.0,385.0,335.0,516.0,560.0,636.0,621.0,469.0,587.0,584.0,633.0,700.0,470.0,448.0,571.0
2015-02-05,309,545,428,680,910,273.0,356.0,385.0,332.0,508.0,566.0,636.0,618.0,489.0,590.0,584.0,618.0,652.0,468.0,448.0,574.0
2015-02-06,301,538,430,689,922,268.0,356.0,385.0,331.0,496.0,566.0,636.0,618.0,499.0,590.0,584.0,603.0,630.0,468.0,448.0,594.0
2015-02-09,295,530,434,687,920,263.0,361.0,373.0,328.0,486.0,580.0,617.0,618.0,505.0,588.0,600.0,586.0,614.0,431.0,466.0,660.0
2015-02-10,289,523,446,711,900,261.0,364.0,369.0,328.0,480.0,589.0,613.0,618.0,508.0,586.0,609.0,586.0,589.0,394.0,460.0,660.0
2015-02-11,281,516,469,700,886,260.0,368.0,369.0,327.0,480.0,596.0,613.0,617.0,514.0,585.0,609.0,583.0,564.0,378.0,460.0,731.0
2015-02-12,273,508,489,652,870,267.0,370.0,369.0,326.0,478.0,606.0,613.0,619.0,516.0,588.0,609.0,584.0,539.0,372.0,460.0,942.0
2015-02-13,268,496,499,630,867,270.0,370.0,366.0,326.0,483.0,606.0,609.0,624.0,514.0,588.0,619.0,580.0,542.0,372.0,470.0,972.0
2015-02-16,263,486,505,614,863,266.0,378.0,358.0,326.0,490.0,616.0,612.0,628.0,512.0,604.0,642.0,578.0,543.0,357.0,532.0,950.0
2015-02-17,261,480,508,589,853,274.0,383.0,357.0,326.0,492.0,623.0,619.0,628.0,514.0,613.0,646.0,578.0,534.0,407.0,537.0,950.0
2015-02-18,260,480,514,564,841,289.0,384.0,357.0,325.0,490.0,627.0,619.0,626.0,519.0,617.0,646.0,574.0,529.0,423.0,537.0,923.0
2015-02-19,267,478,516,539,845,300.0,386.0,357.0,326.0,496.0,635.0,619.0,625.0,531.0,617.0,646.0,565.0,525.0,435.0,537.0,889.0
2015-02-20,270,483,514,542,841,308.0,386.0,355.0,327.0,506.0,635.0,618.0,623.0,540.0,617.0,659.0,556.0,521.0,435.0,549.0,844.0
2015-02-23,266,490,512,543,840,318.0,390.0,348.0,327.0,515.0,645.0,621.0,627.0,551.0,602.0,685.0,540.0,516.0,455.0,545.0,806.0
2015-02-24,274,492,514,534,838,327.0,390.0,347.0,327.0,528.0,648.0,624.0,627.0,564.0,599.0,687.0,540.0,490.0,456.0,546.0,806.0
2015-02-25,289,490,519,529,838,338.0,390.0,347.0,327.0,541.0,648.0,624.0,627.0,576.0,597.0,687.0,540.0,478.0,456.0,546.0,806.0
2015-02-26,300,496,531,525,838,348.0,393.0,347.0,327.0,550.0,647.0,624.0,631.0,583.0,600.0,687.0,530.0,464.0,460.0,546.0,823.0
2015-02-27,308,506,540,521,837,352.0,393.0,346.0,328.0,560.0,647.0,626.0,635.0,587.0,600.0,685.0,525.0,470.0,460.0,551.0,817.0
2015-03-02,318,515,551,516,841,356.0,389.0,340.0,332.0,566.0,650.0,625.0,647.0,590.0,596.0,647.0,522.0,468.0,463.0,574.0,804.0
2015-03-03,327,528,564,490,835,357.0,386.0,335.0,332.0,573.0,646.0,621.0,647.0,591.0,589.0,633.0,522.0,457.0,454.0,571.0,804.0
2015-03-04,338,541,576,478,835,361.0,385.0,335.0,332.0,580.0,636.0,621.0,652.0,588.0,584.0,633.0,528.0,431.0,448.0,571.0,821.0
2015-03-05,348,550,583,464,844,364.0,385.0,335.0,332.0,589.0,636.0,621.0,653.0,586.0,584.0,633.0,544.0,394.0,448.0,571.0,821.0
2015-03-06,352,560,587,470,851,368.0,385.0,335.0,333.0,596.0,636.0,621.0,654.0,585.0,584.0,633.0,570.0,378.0,448.0,571.0,818.0
2015-03-09,356,566,590,468,848,370.0,382.0,329.0,331.0,606.0,631.0,618.0,656.0,588.0,585.0,594.0,608.0,372.0,450.0,616.0,856.0
2015-03-10,357,573,591,457,837,375.0,379.0,328.0,331.0,611.0,624.0,618.0,656.0,595.0,591.0,586.0,608.0,366.0,461.0,660.0,856.0
2015-03-11,361,580,588,431,827,378.0,373.0,328.0,331.0,616.0,617.0,618.0,655.0,604.0,600.0,586.0,630.0,357.0,466.0,660.0,834.0
2015-03-12,364,589,586,394,818,383.0,369.0,328.0,333.0,623.0,613.0,618.0,654.0,613.0,609.0,586.0,662.0,407.0,460.0,660.0,816.0
2015-03-13,368,596,585,378,816,384.0,369.0,327.0,336.0,627.0,613.0,617.0,661.0,617.0,609.0,583.0,696.0,423.0,460.0,731.0,810.0
2015-03-16,370,606,588,372,812,386.0,362.0,327.0,341.0,635.0,608.0,626.0,678.0,617.0,626.0,579.0,742.0,435.0,494.0,954.0,840.0
2015-03-17,375,611,595,366,809,388.0,360.0,326.0,341.0,640.0,608.0,628.0,678.0,609.0,636.0,578.0,742.0,448.0,521.0,950.0,840.0
2015-03-18,378,616,604,357,796,390.0,358.0,326.0,345.0,645.0,612.0,628.0,685.0,602.0,642.0,578.0,772.0,455.0,532.0,950.0,904.0
2015-03-19,383,623,613,407,783,390.0,357.0,326.0,349.0,648.0,619.0,628.0,695.0,599.0,646.0,578.0,817.0,456.0,537.0,950.0,1045.0
2015-03-20,384,627,617,423,772,390.0,357.0,325.0,351.0,648.0,619.0,626.0,706.0,597.0,646.0,574.0,847.0,456.0,537.0,923.0,1234.0
2015-03-23,386,635,617,435,769,393.0,355.0,327.0,355.0,647.0,619.0,624.0,721.0,600.0,669.0,549.0,845.0,460.0,544.0,816.0,1248.0
2015-03-24,388,640,609,448,786,392.0,351.0,327.0,355.0,649.0,620.0,627.0,721.0,598.0,680.0,540.0,845.0,475.0,543.0,806.0,1248.0
2015-03-25,390,645,602,455,803,389.0,348.0,327.0,358.0,650.0,621.0,627.0,722.0,596.0,685.0,540.0,834.0,463.0,545.0,806.0,1300.0
2015-03-26,390,648,599,456,813,386.0,347.0,327.0,359.0,646.0,624.0,627.0,721.0,589.0,687.0,540.0,829.0,454.0,546.0,806.0,1428.0
2015-03-27,390,648,597,456,811,385.0,347.0,327.0,361.0,636.0,624.0,627.0,723.0,584.0,687.0,540.0,827.0,448.0,546.0,806.0,1432.0
2015-03-30,393,647,600,460,801,385.0,345.0,331.0,361.0,636.0,628.0,642.0,723.0,584.0,673.0,524.0,838.0,448.0,558.0,810.0,1346.0
2015-03-31,392,649,598,475,792,385.0,343.0,332.0,361.0,636.0,627.0,647.0,723.0,584.0,658.0,522.0,838.0,448.0,565.0,804.0,1346.0
2015-04-01,389,650,596,463,809,382.0,340.0,332.0,361.0,631.0,625.0,647.0,722.0,585.0,647.0,522.0,845.0,450.0,574.0,804.0,1292.0
2015-04-02,386,646,589,454,804,379.0,335.0,332.0,360.0,624.0,621.0,647.0,715.0,591.0,633.0,522.0,858.0,461.0,571.0,804.0,1251.0
2015-04-07,385,636,584,448,795,366.0,331.0,331.0,362.0,609.0,618.0,656.0,716.0,619.0,603.0,608.0,927.0,470.0,594.0,856.0,1266.0
2015-04-08,382,631,585,450,776,362.0,329.0,331.0,367.0,608.0,618.0,656.0,723.0,626.0,594.0,608.0,945.0,494.0,616.0,856.0,1285.0
2015-04-09,379,624,591,461,764,360.0,328.0,331.0,373.0,608.0,618.0,656.0,742.0,636.0,586.0,608.0,973.0,521.0,660.0,856.0,1278.0
2015-04-10,373,617,600,466,771,358.0,328.0,331.0,377.0,612.0,618.0,655.0,750.0,642.0,586.0,630.0,1016.0,532.0,660.0,834.0,1279.0
2015-04-13,369,613,609,460,772,357.0,326.0,338.0,391.0,619.0,619.0,669.0,767.0,646.0,584.0,719.0,1076.0,537.0,942.0,820.0,1389.0
2015-04-14,366,609,619,470,778,355.0,326.0,341.0,391.0,618.0,624.0,678.0,767.0,659.0,580.0,742.0,1076.0,549.0,972.0,840.0,1389.0
2015-04-15,362,608,626,494,790,355.0,327.0,341.0,399.0,619.0,626.0,678.0,774.0,669.0,579.0,742.0,1096.0,544.0,954.0,840.0,1394.0
2015-04-16,360,608,636,521,798,351.0,326.0,341.0,409.0,620.0,628.0,678.0,784.0,680.0,578.0,742.0,1122.0,543.0,950.0,840.0,1462.0
2015-04-17,358,612,642,532,800,348.0,326.0,345.0,417.0,621.0,628.0,685.0,801.0,685.0,578.0,772.0,1149.0,545.0,950.0,904.0,1611.0
2015-04-20,357,619,646,537,799,347.0,326.0,355.0,431.0,624.0,625.0,715.0,846.0,687.0,565.0,851.0,1170.0,546.0,889.0,1241.0,1763.0
2015-04-21,355,618,659,549,805,346.0,327.0,355.0,431.0,626.0,623.0,721.0,846.0,685.0,556.0,845.0,1170.0,551.0,844.0,1248.0,1763.0
2015-04-22,355,619,669,544,801,345.0,327.0,355.0,432.0,628.0,624.0,721.0,862.0,673.0,549.0,845.0,1179.0,558.0,816.0,1248.0,1935.0
2015-04-23,351,620,680,543,792,343.0,327.0,355.0,433.0,627.0,627.0,721.0,875.0,658.0,540.0,845.0,1179.0,565.0,806.0,1248.0,1952.0
2015-04-24,348,621,685,545,784,340.0,327.0,358.0,431.0,625.0,627.0,722.0,889.0,647.0,540.0,834.0,1161.0,574.0,806.0,1300.0,1924.0
2015-04-27,347,624,687,546,778,335.0,327.0,362.0,427.0,621.0,631.0,723.0,899.0,633.0,530.0,833.0,1115.0,571.0,823.0,1393.0,1935.0
2015-04-28,346,626,685,551,773,335.0,328.0,361.0,427.0,621.0,635.0,723.0,899.0,633.0,525.0,838.0,1115.0,571.0,817.0,1346.0,1935.0
2015-04-29,345,628,673,558,772,332.0,331.0,361.0,425.0,618.0,642.0,723.0,903.0,618.0,524.0,838.0,1095.0,574.0,810.0,1346.0,1990.0
2015-04-30,343,627,658,565,768,331.0,332.0,361.0,423.0,618.0,647.0,723.0,903.0,603.0,522.0,838.0,1069.0,594.0,804.0,1346.0,2103.0
2015-05-01,340,625,647,574,754,329.0,332.0,361.0,422.0,618.0,647.0,722.0,898.0,594.0,522.0,845.0,1044.0,616.0,804.0,1292.0,2116.0
2015-05-05,335,621,633,571,749,327.0,333.0,362.0,424.0,617.0,654.0,716.0,899.0,583.0,570.0,927.0,1006.0,731.0,818.0,1266.0,2308.0
2015-05-06,332,618,618,574,745,326.0,332.0,362.0,425.0,619.0,654.0,716.0,900.0,584.0,596.0,927.0,1001.0,942.0,865.0,1266.0,2512.0
2015-05-07,331,618,603,594,741,326.0,331.0,362.0,427.0,624.0,656.0,716.0,899.0,580.0,608.0,927.0,1005.0,972.0,856.0,1266.0,2604.0
2015-05-08,329,618,594,616,744,327.0,331.0,367.0,432.0,626.0,656.0,723.0,901.0,579.0,608.0,945.0,1013.0,954.0,856.0,1285.0,2514.0
2015-05-11,328,618,586,660,753,326.0,333.0,384.0,443.0,628.0,654.0,759.0,904.0,578.0,662.0,1052.0,1028.0,950.0,816.0,1318.0,2499.0
2015-05-12,327,617,583,731,746,325.0,336.0,391.0,443.0,626.0,661.0,767.0,904.0,574.0,696.0,1076.0,1028.0,923.0,810.0,1389.0,2499.0
2015-05-13,326,619,584,942,748,326.0,338.0,391.0,446.0,625.0,669.0,767.0,901.0,565.0,719.0,1076.0,1043.0,889.0,820.0,1389.0,2367.0
2015-05-14,326,624,580,972,761,327.0,341.0,391.0,447.0,623.0,678.0,767.0,900.0,556.0,742.0,1076.0,1053.0,844.0,840.0,1389.0,2107.0
2015-05-15,327,626,579,954,806,327.0,341.0,399.0,448.0,624.0,678.0,774.0,899.0,549.0,742.0,1096.0,1054.0,816.0,840.0,1394.0,1875.0
2015-05-18,326,628,578,950,829,327.0,349.0,427.0,449.0,627.0,695.0,823.0,905.0,540.0,817.0,1162.0,1057.0,806.0,1045.0,1712.0,1913.0
2015-05-19,325,626,574,923,846,327.0,351.0,431.0,449.0,627.0,706.0,846.0,905.0,540.0,847.0,1170.0,1057.0,806.0,1234.0,1763.0,1913.0
2015-05-20,326,625,565,889,892,327.0,355.0,431.0,449.0,631.0,715.0,846.0,908.0,530.0,851.0,1170.0,1052.0,823.0,1241.0,1763.0,1838.0
2015-05-21,327,623,556,844,938,328.0,355.0,431.0,453.0,635.0,721.0,846.0,915.0,525.0,845.0,1170.0,1049.0,817.0,1248.0,1763.0,1773.0
2015-05-22,327,624,549,816,918,331.0,355.0,432.0,460.0,642.0,721.0,862.0,920.0,524.0,845.0,1179.0,1052.0,810.0,1248.0,1935.0,1679.0
2015-05-26,327,627,540,806,901,332.0,361.0,427.0,469.0,652.0,723.0,899.0,930.0,528.0,827.0,1115.0,1052.0,821.0,1432.0,1935.0,1403.0
2015-05-27,327,631,530,823,883,332.0,362.0,427.0,473.0,653.0,723.0,899.0,933.0,544.0,833.0,1115.0,1047.0,821.0,1393.0,1935.0,1248.0
2015-05-28,328,635,525,817,868,333.0,361.0,427.0,477.0,654.0,723.0,899.0,934.0,570.0,838.0,1115.0,1031.0,818.0,1346.0,1935.0,1089.0
2015-05-29,331,642,524,810,865,332.0,361.0,425.0,479.0,654.0,723.0,903.0,933.0,596.0,838.0,1095.0,1000.0,865.0,1346.0,1990.0,1051.0
2015-06-01,332,647,522,804,856,331.0,360.0,423.0,480.0,656.0,715.0,892.0,925.0,608.0,858.0,1023.0,949.0,856.0,1251.0,2209.0,1176.0
2015-06-02,332,652,528,821,848,331.0,360.0,424.0,480.0,655.0,713.0,899.0,925.0,630.0,883.0,1006.0,949.0,834.0,1226.0,2308.0,1176.0
2015-06-03,332,653,544,821,848,333.0,361.0,424.0,480.0,654.0,712.0,899.0,925.0,662.0,908.0,1006.0,949.0,816.0,1249.0,2308.0,1176.0
2015-06-04,333,654,570,818,859,336.0,362.0,424.0,481.0,661.0,716.0,899.0,912.0,696.0,927.0,1006.0,912.0,810.0,1266.0,2308.0,1194.0
2015-06-05,332,654,596,865,863,338.0,362.0,425.0,483.0,669.0,716.0,900.0,896.0,719.0,927.0,1001.0,870.0,820.0,1266.0,2512.0,1195.0
2015-06-08,331,656,608,856,874,341.0,373.0,438.0,482.0,678.0,742.0,904.0,870.0,742.0,973.0,1021.0,812.0,840.0,1278.0,2512.0,1243.0
2015-06-09,331,655,630,834,887,345.0,377.0,443.0,482.0,685.0,750.0,904.0,870.0,772.0,1016.0,1028.0,812.0,904.0,1279.0,2499.0,1243.0
2015-06-10,333,654,662,816,914,349.0,384.0,443.0,477.0,695.0,759.0,904.0,857.0,817.0,1052.0,1028.0,793.0,1045.0,1318.0,2499.0,1286.0
2015-06-11,336,661,696,810,910,351.0,391.0,443.0,472.0,706.0,767.0,904.0,848.0,847.0,1076.0,1028.0,776.0,1234.0,1389.0,2499.0,1256.0
2015-06-12,338,669,719,820,908,355.0,391.0,446.0,468.0,715.0,767.0,901.0,838.0,851.0,1076.0,1043.0,751.0,1241.0,1389.0,2367.0,1202.0
2015-06-15,341,678,742,840,917,355.0,409.0,449.0,452.0,721.0,784.0,901.0,810.0,845.0,1122.0,1057.0,723.0,1248.0,1462.0,1884.0,1185.0
2015-06-16,345,685,772,904,917,358.0,417.0,449.0,452.0,722.0,801.0,905.0,810.0,834.0,1149.0,1057.0,723.0,1300.0,1611.0,1913.0,1185.0
2015-06-17,349,695,817,1045,931,359.0,427.0,449.0,445.0,721.0,823.0,905.0,799.0,829.0,1162.0,1057.0,720.0,1428.0,1712.0,1913.0,1196.0
2015-06-18,351,706,847,1234,969,361.0,431.0,449.0,439.0,723.0,846.0,905.0,789.0,827.0,1170.0,1057.0,716.0,1432.0,1763.0,1913.0,1264.0
2015-06-19,355,715,851,1241,1011,362.0,431.0,449.0,431.0,723.0,846.0,908.0,783.0,833.0,1170.0,1052.0,727.0,1393.0,1763.0,1838.0,1637.0
2015-06-22,355,721,845,1248,1025,361.0,433.0,464.0,421.0,723.0,875.0,924.0,762.0,838.0,1179.0,1054.0,769.0,1346.0,1952.0,1559.0,2096.0
2015-06-23,358,722,834,1300,1046,361.0,431.0,469.0,421.0,722.0,889.0,930.0,762.0,845.0,1161.0,1052.0,769.0,1292.0,1924.0,1403.0,2096.0
2015-06-24,359,721,829,1428,1070,360.0,428.0,469.0,417.0,715.0,896.0,930.0,757.0,858.0,1137.0,1052.0,769.0,1251.0,1896.0,1403.0,1873.0
2015-06-25,361,723,827,1432,1066,360.0,427.0,469.0,414.0,713.0,899.0,930.0,749.0,883.0,1115.0,1052.0,761.0,1226.0,1935.0,1403.0,1872.0
2015-06-26,362,723,833,1393,1054,361.0,427.0,473.0,411.0,712.0,899.0,933.0,742.0,908.0,1115.0,1047.0,751.0,1249.0,1935.0,1248.0,1911.0
2015-06-29,361,723,838,1346,1026,362.0,423.0,480.0,402.0,716.0,903.0,931.0,733.0,927.0,1069.0,974.0,738.0,1266.0,2103.0,1071.0,2075.0
2015-06-30,361,722,845,1292,989,367.0,422.0,480.0,402.0,723.0,898.0,925.0,733.0,945.0,1044.0,949.0,738.0,1285.0,2116.0,1176.0,2075.0
2015-07-01,360,715,858,1251,972,373.0,423.0,480.0,400.0,742.0,892.0,925.0,724.0,973.0,1023.0,949.0,725.0,1278.0,2209.0,1176.0,2031.0
2015-07-02,360,713,883,1226,952,377.0,424.0,480.0,398.0,750.0,899.0,925.0,713.0,1016.0,1006.0,949.0,712.0,1279.0,2308.0,1176.0,1936.0
2015-07-03,361,712,908,1249,936,384.0,424.0,480.0,396.0,759.0,899.0,925.0,703.0,1052.0,1006.0,949.0,704.0,1318.0,2308.0,1176.0,1911.0
2015-07-06,362,716,927,1266,916,391.0,427.0,485.0,390.0,767.0,899.0,882.0,691.0,1076.0,1005.0,837.0,699.0,1389.0,2604.0,1187.0,1901.0
2015-07-07,367,723,945,1285,903,399.0,432.0,482.0,390.0,774.0,901.0,870.0,691.0,1096.0,1013.0,812.0,699.0,1394.0,2514.0,1243.0,1901.0
2015-07-08,373,742,973,1278,888,409.0,438.0,482.0,386.0,784.0,904.0,870.0,688.0,1122.0,1021.0,812.0,700.0,1462.0,2512.0,1243.0,1860.0
2015-07-09,377,750,1016,1279,870,417.0,443.0,482.0,384.0,801.0,904.0,870.0,681.0,1149.0,1028.0,812.0,709.0,1611.0,2499.0,1243.0,1742.0
2015-07-10,384,759,1052,1318,857,427.0,443.0,477.0,382.0,823.0,904.0,857.0,676.0,1162.0,1028.0,793.0,736.0,1712.0,2499.0,1286.0,1598.0
2015-07-13,391,767,1076,1389,835,431.0,447.0,460.0,380.0,846.0,900.0,824.0,669.0,1170.0,1053.0,735.0,768.0,1763.0,2107.0,1198.0,1551.0
2015-07-14,399,774,1096,1394,827,432.0,448.0,452.0,380.0,862.0,899.0,810.0,669.0,1179.0,1054.0,723.0,768.0,1935.0,1875.0,1185.0,1551.0
2015-07-15,409,784,1122,1462,820,433.0,449.0,452.0,379.0,875.0,901.0,810.0,666.0,1179.0,1057.0,723.0,770.0,1952.0,1884.0,1185.0,1531.0
2015-07-16,417,801,1149,1611,824,431.0,449.0,452.0,379.0,889.0,905.0,810.0,664.0,1161.0,1057.0,723.0,761.0,1924.0,1913.0,1185.0,1457.0
2015-07-17,427,823,1162,1712,840,428.0,449.0,445.0,378.0,896.0,905.0,799.0,662.0,1137.0,1057.0,720.0,742.0,1896.0,1913.0,1196.0,1368.0
2015-07-20,431,846,1170,1763,846,427.0,453.0,426.0,371.0,899.0,915.0,772.0,658.0,1115.0,1049.0,753.0,710.0,1935.0,1773.0,1995.0,1312.0
2015-07-21,432,862,1179,1935,854,425.0,460.0,421.0,371.0,903.0,920.0,762.0,658.0,1095.0,1052.0,769.0,710.0,1990.0,1679.0,2096.0,1312.0
2015-07-22,433,875,1179,1952,849,423.0,464.0,421.0,368.0,903.0,924.0,762.0,656.0,1069.0,1054.0,769.0,701.0,2103.0,1559.0,2096.0,1399.0
2015-07-23,431,889,1161,1924,826,422.0,469.0,421.0,366.0,898.0,930.0,762.0,654.0,1044.0,1052.0,769.0,693.0,2116.0,1403.0,2096.0,1483.0
2015-07-24,428,896,1137,1896,817,423.0,469.0,417.0,365.0,892.0,930.0,757.0,652.0,1023.0,1052.0,769.0,685.0,2209.0,1403.0,1873.0,1512.0
2015-07-27,427,899,1115,1935,813,424.0,477.0,408.0,360.0,899.0,934.0,738.0,648.0,1006.0,1031.0,744.0,681.0,2308.0,1089.0,2024.0,1403.0
2015-07-28,425,903,1095,1990,803,425.0,479.0,402.0,360.0,900.0,933.0,733.0,648.0,1001.0,1000.0,738.0,681.0,2512.0,1051.0,2075.0,1403.0
2015-07-29,423,903,1069,2103,792,427.0,480.0,402.0,356.0,899.0,931.0,733.0,646.0,1005.0,974.0,738.0,686.0,2604.0,1071.0,2075.0,1307.0
2015-07-30,422,898,1044,2116,776,432.0,480.0,402.0,354.0,901.0,925.0,733.0,645.0,1013.0,949.0,738.0,687.0,2514.0,1176.0,2075.0,1275.0
2015-07-31,423,892,1023,2209,763,438.0,480.0,400.0,351.0,904.0,925.0,724.0,643.0,1021.0,949.0,725.0,682.0,2512.0,1176.0,2031.0,1254.0
2015-08-03,424,899,1006,2308,755,443.0,481.0,392.0,347.0,904.0,912.0,695.0,629.0,1028.0,912.0,701.0,665.0,2499.0,1194.0,1931.0,1184.0
2015-08-04,425,900,1001,2512,742,446.0,483.0,390.0,347.0,901.0,896.0,691.0,629.0,1043.0,870.0,699.0,665.0,2367.0,1195.0,1901.0,1184.0
2015-08-05,427,899,1005,2604,735,447.0,485.0,390.0,339.0,900.0,882.0,691.0,620.0,1053.0,837.0,699.0,653.0,2107.0,1187.0,1901.0,1099.0
2015-08-06,432,901,1013,2514,726,448.0,482.0,390.0,333.0,899.0,870.0,691.0,609.0,1054.0,812.0,699.0,636.0,1875.0,1243.0,1901.0,1043.0
2015-08-07,438,904,1021,2512,713,449.0,482.0,386.0,328.0,901.0,870.0,688.0,596.0,1057.0,812.0,700.0,618.0,1884.0,1243.0,1860.0,1002.0
2015-08-10,443,904,1028,2499,708,449.0,472.0,380.0,319.0,905.0,848.0,672.0,571.0,1057.0,776.0,761.0,589.0,1913.0,1256.0,1549.0,1021.0
2015-08-11,446,901,1043,2367,694,449.0,468.0,380.0,319.0,908.0,838.0,669.0,571.0,1052.0,751.0,768.0,589.0,1838.0,1202.0,1551.0,1021.0
2015-08-12,447,900,1053,2107,677,453.0,460.0,380.0,316.0,915.0,824.0,669.0,562.0,1049.0,735.0,768.0,575.0,1773.0,1198.0,1551.0,1018.0
2015-08-13,448,899,1054,1875,673,460.0,452.0,380.0,311.0,920.0,810.0,669.0,554.0,1052.0,723.0,768.0,555.0,1679.0,1185.0,1551.0,946.0
2015-08-14,449,901,1057,1884,673,464.0,452.0,379.0,307.0,924.0,810.0,666.0,543.0,1054.0,723.0,770.0,534.0,1559.0,1185.0,1531.0,881.0
2015-08-17,449,905,1057,1913,668,469.0,439.0,376.0,302.0,930.0,789.0,661.0,523.0,1052.0,716.0,722.0,500.0,1403.0,1264.0,1318.0,770.0
2015-08-18,449,908,1052,1838,665,473.0,431.0,371.0,302.0,933.0,783.0,658.0,523.0,1047.0,727.0,710.0,500.0,1248.0,1637.0,1312.0,770.0
2015-08-19,453,915,1049,1773,654,477.0,426.0,371.0,296.0,934.0,772.0,658.0,516.0,1031.0,753.0,710.0,487.0,1089.0,1995.0,1312.0,733.0
2015-08-20,460,920,1052,1679,644,479.0,421.0,371.0,292.0,933.0,762.0,658.0,504.0,1000.0,769.0,710.0,477.0,1051.0,2096.0,1312.0,671.0
2015-08-21,464,924,1054,1559,632,480.0,421.0,368.0,290.0,931.0,762.0,656.0,491.0,974.0,769.0,701.0,468.0,1071.0,2096.0,1399.0,619.0
2015-08-24,469,930,1052,1403,622,480.0,414.0,362.0,286.0,925.0,749.0,649.0,472.0,949.0,761.0,683.0,461.0,1176.0,1872.0,1461.0,698.0
2015-08-25,473,933,1047,1248,611,480.0,411.0,360.0,286.0,925.0,742.0,648.0,472.0,949.0,751.0,681.0,461.0,1176.0,1911.0,1403.0,698.0
2015-08-26,477,934,1031,1089,601,481.0,408.0,360.0,285.0,912.0,738.0,648.0,469.0,912.0,744.0,681.0,460.0,1194.0,2024.0,1403.0,731.0
2015-08-27,479,933,1000,1051,595,483.0,402.0,360.0,285.0,896.0,733.0,648.0,467.0,870.0,738.0,681.0,463.0,1195.0,2075.0,1403.0,807.0
2015-08-28,480,931,974,1071,593,485.0,402.0,356.0,284.0,882.0,733.0,646.0,467.0,837.0,738.0,686.0,459.0,1187.0,2075.0,1307.0,898.0
2015-09-01,480,925,949,1176,598,477.0,396.0,347.0,285.0,857.0,703.0,629.0,467.0,793.0,704.0,665.0,453.0,1286.0,1911.0,1184.0,1007.0
2015-09-02,481,912,912,1194,609,472.0,392.0,347.0,286.0,848.0,695.0,629.0,469.0,776.0,701.0,665.0,450.0,1256.0,1931.0,1184.0,1046.0
2015-09-03,483,896,870,1195,616,468.0,390.0,347.0,286.0,838.0,691.0,629.0,471.0,751.0,699.0,665.0,446.0,1202.0,1901.0,1184.0,1001.0
2015-09-04,485,882,837,1187,628,460.0,390.0,339.0,286.0,824.0,691.0,620.0,472.0,735.0,699.0,653.0,438.0,1198.0,1901.0,1099.0,931.0
2015-09-07,482,870,812,1243,633,452.0,384.0,323.0,286.0,810.0,681.0,584.0,469.0,723.0,709.0,603.0,426.0,1185.0,1742.0,1003.0,852.0
2015-09-08,477,857,793,1286,640,445.0,382.0,319.0,286.0,799.0,676.0,571.0,469.0,720.0,736.0,589.0,426.0,1196.0,1598.0,1021.0,852.0
2015-09-09,472,848,776,1256,639,439.0,380.0,319.0,286.0,789.0,672.0,571.0,465.0,716.0,761.0,589.0,420.0,1264.0,1549.0,1021.0,870.0
2015-09-10,468,838,751,1202,642,431.0,380.0,319.0,286.0,783.0,669.0,571.0,461.0,727.0,768.0,589.0,412.0,1637.0,1551.0,1021.0,857.0
2015-09-11,460,824,735,1198,640,426.0,380.0,316.0,285.0,772.0,669.0,562.0,460.0,753.0,768.0,575.0,408.0,1995.0,1551.0,1018.0,824.0
2015-09-14,452,810,723,1185,635,421.0,379.0,304.0,279.0,762.0,664.0,533.0,451.0,769.0,761.0,514.0,410.0,2096.0,1457.0,809.0,722.0
2015-09-15,445,799,720,1196,629,417.0,378.0,302.0,279.0,757.0,662.0,523.0,451.0,769.0,742.0,500.0,410.0,1873.0,1368.0,770.0,722.0
2015-09-16,439,789,716,1264,626,414.0,376.0,302.0,276.0,749.0,661.0,523.0,450.0,761.0,722.0,500.0,411.0,1872.0,1318.0,770.0,623.0
2015-09-17,431,783,727,1637,639,411.0,371.0,302.0,275.0,742.0,658.0,523.0,449.0,751.0,710.0,500.0,415.0,1911.0,1312.0,770.0,549.0
2015-09-18,426,772,753,1995,658,408.0,371.0,296.0,274.0,738.0,658.0,516.0,448.0,744.0,710.0,487.0,421.0,2024.0,1312.0,733.0,524.0
2015-09-21,421,762,769,2096,666,402.0,366.0,288.0,273.0,733.0,654.0,479.0,449.0,738.0,693.0,463.0,433.0,2075.0,1483.0,606.0,512.0
2015-09-22,417,757,769,1873,671,400.0,365.0,286.0,273.0,724.0,652.0,472.0,449.0,725.0,685.0,461.0,433.0,2031.0,1512.0,698.0,512.0
2015-09-23,414,749,761,1872,674,398.0,362.0,286.0,271.0,713.0,649.0,472.0,449.0,712.0,683.0,461.0,445.0,1936.0,1461.0,698.0,485.0
2015-09-24,411,742,751,1911,697,396.0,360.0,286.0,270.0,703.0,648.0,472.0,449.0,704.0,681.0,461.0,457.0,1911.0,1403.0,698.0,469.0
2015-09-25,408,738,744,2024,705,392.0,360.0,285.0,270.0,695.0,648.0,469.0,450.0,701.0,681.0,460.0,462.0,1931.0,1403.0,731.0,470.0
2015-09-28,402,733,738,2075,706,390.0,354.0,283.0,267.0,691.0,645.0,467.0,450.0,699.0,687.0,456.0,464.0,1901.0,1275.0,989.0,472.0
2015-09-29,400,724,725,2031,703,386.0,351.0,285.0,267.0,688.0,643.0,467.0,450.0,700.0,682.0,453.0,464.0,1860.0,1254.0,1007.0,472.0
2015-09-30,398,713,712,1936,698,384.0,349.0,285.0,267.0,681.0,633.0,467.0,450.0,709.0,675.0,453.0,464.0,1742.0,1229.0,1007.0,472.0
2015-10-01,396,703,704,1911,715,382.0,347.0,285.0,267.0,676.0,629.0,467.0,450.0,736.0,665.0,453.0,464.0,1598.0,1184.0,1007.0,472.0
2015-10-02,392,695,701,1931,725,380.0,347.0,286.0,267.0,672.0,629.0,469.0,450.0,761.0,665.0,450.0,464.0,1549.0,1184.0,1046.0,472.0
2015-10-05,390,691,699,1901,745,380.0,333.0,286.0,267.0,669.0,609.0,470.0,450.0,768.0,636.0,433.0,464.0,1551.0,1043.0,890.0,472.0
2015-10-06,386,688,700,1860,754,379.0,328.0,286.0,267.0,666.0,596.0,469.0,450.0,770.0,618.0,426.0,464.0,1531.0,1002.0,852.0,472.0
2015-10-07,384,681,709,1742,774,379.0,323.0,286.0,266.0,664.0,584.0,469.0,449.0,761.0,603.0,426.0,466.0,1457.0,1003.0,852.0,462.0
2015-10-08,382,676,736,1598,786,378.0,319.0,286.0,263.0,662.0,571.0,469.0,445.0,742.0,589.0,426.0,464.0,1368.0,1021.0,852.0,467.0
2015-10-09,380,672,761,1549,790,376.0,319.0,286.0,259.0,661.0,571.0,465.0,442.0,722.0,589.0,420.0,450.0,1318.0,1021.0,870.0,399.0
2015-10-12,380,669,768,1551,783,371.0,311.0,282.0,251.0,658.0,554.0,455.0,430.0,710.0,555.0,410.0,420.0,1312.0,946.0,779.0,314.0
2015-10-13,379,666,770,1531,778,368.0,307.0,279.0,251.0,656.0,543.0,451.0,430.0,701.0,534.0,410.0,420.0,1399.0,881.0,722.0,314.0
2015-10-14,379,664,761,1457,769,366.0,304.0,279.0,250.0,654.0,533.0,451.0,422.0,693.0,514.0,410.0,411.0,1483.0,809.0,722.0,266.0
2015-10-15,378,662,742,1368,771,365.0,302.0,279.0,250.0,652.0,523.0,451.0,416.0,685.0,500.0,410.0,399.0,1512.0,770.0,722.0,245.0
2015-10-16,376,661,722,1318,772,362.0,302.0,276.0,247.0,649.0,523.0,450.0,412.0,683.0,500.0,411.0,388.0,1461.0,770.0,623.0,225.0
2015-10-19,371,658,710,1312,771,360.0,292.0,273.0,243.0,648.0,504.0,448.0,394.0,681.0,477.0,426.0,375.0,1403.0,671.0,524.0,197.0
2015-10-20,368,656,701,1399,756,356.0,290.0,273.0,243.0,646.0,491.0,449.0,394.0,686.0,468.0,433.0,375.0,1307.0,619.0,512.0,197.0
2015-10-21,366,654,693,1483,751,354.0,288.0,273.0,240.0,645.0,479.0,449.0,388.0,687.0,463.0,433.0,369.0,1275.0,606.0,512.0,185.0
2015-10-22,365,652,685,1512,749,351.0,286.0,273.0,238.0,643.0,472.0,449.0,381.0,682.0,461.0,433.0,360.0,1254.0,698.0,512.0,186.0
2015-10-23,362,649,683,1461,739,349.0,286.0,271.0,237.0,633.0,472.0,449.0,372.0,675.0,461.0,445.0,346.0,1229.0,698.0,485.0,206.0
2015-10-26,360,648,681,1403,739,347.0,285.0,267.0,231.0,629.0,467.0,450.0,358.0,665.0,463.0,464.0,325.0,1184.0,807.0,472.0,254.0
2015-10-27,356,646,686,1307,737,339.0,284.0,267.0,231.0,620.0,467.0,450.0,358.0,653.0,459.0,464.0,325.0,1099.0,898.0,472.0,254.0
2015-10-28,354,645,687,1275,756,333.0,283.0,267.0,229.0,609.0,467.0,450.0,350.0,636.0,456.0,464.0,312.0,1043.0,989.0,472.0,242.0
2015-10-29,351,643,682,1254,744,328.0,285.0,267.0,225.0,596.0,467.0,450.0,338.0,618.0,453.0,464.0,303.0,1002.0,1007.0,472.0,235.0
2015-10-30,349,633,675,1229,750,323.0,285.0,267.0,222.0,584.0,467.0,450.0,327.0,603.0,453.0,464.0,293.0,1003.0,1007.0,472.0,216.0
2015-11-02,347,629,665,1184,788,319.0,286.0,267.0,216.0,571.0,471.0,450.0,304.0,589.0,446.0,464.0,282.0,1021.0,1001.0,472.0,217.0
2015-11-03,339,620,653,1099,816,316.0,286.0,267.0,216.0,562.0,472.0,450.0,304.0,575.0,438.0,464.0,282.0,1018.0,931.0,472.0,217.0
2015-11-04,333,609,636,1043,823,311.0,286.0,267.0,212.0,554.0,470.0,450.0,299.0,555.0,433.0,464.0,282.0,946.0,890.0,472.0,217.0
2015-11-05,328,596,618,1002,822,307.0,286.0,267.0,203.0,543.0,469.0,450.0,289.0,534.0,426.0,464.0,284.0,881.0,852.0,472.0,209.0
2015-11-06,323,584,603,1003,822,304.0,286.0,266.0,197.0,533.0,469.0,449.0,280.0,514.0,426.0,466.0,289.0,809.0,852.0,462.0,208.0
2015-11-09,319,571,589,1021,828,302.0,286.0,256.0,190.0,523.0,461.0,436.0,262.0,500.0,412.0,434.0,298.0,770.0,857.0,343.0,207.0
2015-11-10,316,562,575,1018,831,296.0,285.0,251.0,190.0,516.0,460.0,430.0,262.0,487.0,408.0,420.0,298.0,733.0,824.0,314.0,207.0
2015-11-11,311,554,555,946,835,292.0,282.0,251.0,188.0,504.0,455.0,430.0,255.0,477.0,410.0,420.0,297.0,671.0,779.0,314.0,207.0
2015-11-12,307,543,534,881,852,290.0,279.0,251.0,186.0,491.0,451.0,430.0,250.0,468.0,410.0,420.0,301.0,619.0,722.0,314.0,208.0
2015-11-13,304,533,514,809,853,288.0,279.0,250.0,184.0,479.0,451.0,422.0,247.0,463.0,410.0,411.0,312.0,606.0,722.0,266.0,206.0
2015-11-16,302,523,500,770,861,286.0,275.0,245.0,183.0,472.0,449.0,402.0,243.0,461.0,415.0,381.0,334.0,698.0,549.0,198.0,204.0
2015-11-17,296,516,487,733,863,285.0,274.0,243.0,183.0,469.0,448.0,394.0,243.0,460.0,421.0,375.0,334.0,731.0,524.0,197.0,204.0
2015-11-18,292,504,477,671,871,285.0,273.0,243.0,184.0,467.0,448.0,394.0,247.0,463.0,426.0,375.0,346.0,807.0,524.0,197.0,223.0
2015-11-19,290,491,468,619,879,284.0,273.0,243.0,186.0,467.0,449.0,394.0,252.0,459.0,433.0,375.0,357.0,898.0,512.0,197.0,223.0
2015-11-20,288,479,463,606,883,283.0,273.0,240.0,193.0,467.0,449.0,388.0,259.0,456.0,433.0,369.0,358.0,989.0,512.0,185.0,220.0
2015-11-23,286,472,461,698,887,285.0,270.0,233.0,200.0,467.0,449.0,366.0,286.0,453.0,457.0,334.0,350.0,1007.0,469.0,229.0,197.0
2015-11-24,285,469,460,731,888,286.0,270.0,231.0,200.0,469.0,450.0,358.0,286.0,450.0,462.0,325.0,350.0,1046.0,470.0,254.0,197.0
2015-11-25,285,467,463,807,890,286.0,267.0,231.0,203.0,471.0,450.0,358.0,298.0,446.0,464.0,325.0,346.0,1001.0,472.0,254.0,189.0
2015-11-26,284,467,459,898,891,286.0,267.0,231.0,206.0,472.0,450.0,358.0,310.0,438.0,464.0,325.0,346.0,931.0,472.0,254.0,186.0
2015-11-27,283,467,456,989,899,286.0,267.0,229.0,209.0,470.0,450.0,350.0,321.0,433.0,464.0,312.0,346.0,890.0,472.0,242.0,182.0
2015-11-30,285,467,453,1007,904,286.0,267.0,219.0,214.0,469.0,450.0,316.0,333.0,426.0,464.0,287.0,354.0,852.0,472.0,211.0,174.0
2015-12-01,286,469,450,1046,907,286.0,267.0,216.0,214.0,465.0,450.0,304.0,333.0,420.0,464.0,282.0,354.0,870.0,472.0,217.0,174.0
2015-12-02,286,471,446,1001,926,286.0,267.0,216.0,217.0,461.0,450.0,304.0,339.0,412.0,464.0,282.0,357.0,857.0,472.0,217.0,174.0
2015-12-03,286,472,438,931,953,285.0,267.0,216.0,220.0,460.0,450.0,304.0,345.0,408.0,464.0,282.0,364.0,824.0,472.0,217.0,171.0
2015-12-04,286,470,433,890,962,282.0,267.0,212.0,227.0,455.0,450.0,299.0,350.0,410.0,464.0,282.0,374.0,779.0,472.0,217.0,166.0
2015-12-07,286,469,426,852,962,279.0,263.0,194.0,237.0,451.0,445.0,271.0,371.0,410.0,464.0,295.0,397.0,722.0,467.0,212.0,161.0
2015-12-08,286,465,420,870,962,276.0,259.0,190.0,237.0,450.0,442.0,262.0,371.0,411.0,450.0,298.0,397.0,623.0,399.0,207.0,161.0
2015-12-09,286,461,412,857,956,275.0,256.0,190.0,240.0,449.0,436.0,262.0,377.0,415.0,434.0,298.0,422.0,549.0,343.0,207.0,180.0
2015-12-10,285,460,408,824,943,274.0,251.0,190.0,243.0,448.0,430.0,262.0,386.0,421.0,420.0,298.0,447.0,524.0,314.0,207.0,178.0
2015-12-11,282,455,410,779,920,273.0,251.0,188.0,246.0,448.0,430.0,255.0,399.0,426.0,420.0,297.0,466.0,524.0,314.0,207.0,178.0
2015-12-14,279,451,410,722,920,273.0,250.0,183.0,252.0,449.0,416.0,244.0,420.0,433.0,399.0,324.0,481.0,512.0,245.0,199.0,179.0
2015-12-15,276,450,411,623,904,271.0,247.0,183.0,252.0,449.0,412.0,243.0,420.0,445.0,388.0,334.0,481.0,485.0,225.0,204.0,179.0
2015-12-16,275,449,415,549,897,270.0,245.0,183.0,255.0,449.0,402.0,243.0,427.0,457.0,381.0,334.0,481.0,469.0,198.0,204.0,186.0
2015-12-17,274,448,421,524,898,270.0,243.0,183.0,257.0,450.0,394.0,243.0,432.0,462.0,375.0,334.0,474.0,470.0,197.0,204.0,172.0
2015-12-18,273,448,426,524,897,267.0,243.0,184.0,258.0,450.0,394.0,247.0,439.0,464.0,375.0,346.0,467.0,472.0,197.0,223.0,178.0
2015-12-21,273,449,433,512,897,267.0,238.0,198.0,262.0,450.0,381.0,270.0,449.0,464.0,360.0,355.0,459.0,472.0,186.0,207.0,197.0
2015-12-22,271,449,445,485,889,267.0,237.0,200.0,262.0,450.0,372.0,286.0,449.0,464.0,346.0,350.0,459.0,472.0,206.0,197.0,197.0
2015-12-23,270,449,457,469,879,267.0,233.0,200.0,264.0,450.0,366.0,286.0,460.0,464.0,334.0,350.0,455.0,472.0,229.0,197.0,186.0
2015-12-24,270,450,462,470,873,267.0,231.0,200.0,266.0,450.0,358.0,286.0,464.0,464.0,325.0,350.0,458.0,472.0,254.0,197.0,196.0
2016-01-04,267,450,464,472,869,251.0,203.0,232.0,274.0,430.0,289.0,363.0,476.0,420.0,284.0,386.0,563.0,314.0,209.0,164.0,424.0
2016-01-05,266,449,466,462,1065,250.0,197.0,237.0,274.0,422.0,280.0,371.0,476.0,411.0,289.0,397.0,563.0,266.0,208.0,161.0,424.0
2016-01-06,263,445,464,467,1057,250.0,194.0,237.0,275.0,416.0,271.0,371.0,479.0,399.0,295.0,397.0,596.0,245.0,212.0,161.0,466.0
2016-01-07,259,442,450,399,1051,247.0,190.0,237.0,278.0,412.0,262.0,371.0,479.0,388.0,298.0,397.0,619.0,225.0,207.0,161.0,477.0
2016-01-08,256,436,434,343,1043,245.0,190.0,240.0,280.0,402.0,262.0,377.0,482.0,381.0,298.0,422.0,627.0,198.0,207.0,180.0,562.0
2016-01-11,251,430,420,314,1016,243.0,186.0,249.0,288.0,394.0,250.0,412.0,488.0,375.0,301.0,477.0,654.0,197.0,208.0,176.0,733.0
2016-01-12,250,422,411,266,988,240.0,184.0,252.0,288.0,388.0,247.0,420.0,488.0,369.0,312.0,481.0,654.0,185.0,206.0,179.0,733.0
2016-01-13,250,416,399,245,957,238.0,183.0,252.0,290.0,381.0,244.0,420.0,492.0,360.0,324.0,481.0,666.0,186.0,199.0,179.0,744.0
2016-01-14,247,412,388,225,929,237.0,183.0,252.0,296.0,372.0,243.0,420.0,498.0,346.0,334.0,481.0,678.0,206.0,204.0,179.0,744.0
2016-01-15,245,402,381,198,906,233.0,183.0,255.0,309.0,366.0,243.0,427.0,506.0,334.0,334.0,481.0,700.0,229.0,204.0,186.0,831.0
2016-01-18,243,394,375,197,897,231.0,186.0,260.0,328.0,358.0,252.0,445.0,525.0,325.0,357.0,463.0,740.0,254.0,223.0,197.0,1030.0
2016-01-19,240,388,369,185,882,229.0,193.0,262.0,328.0,350.0,259.0,449.0,525.0,312.0,358.0,459.0,740.0,242.0,220.0,197.0,1030.0
2016-01-20,238,381,360,186,882,225.0,198.0,262.0,334.0,338.0,270.0,449.0,529.0,303.0,355.0,459.0,746.0,235.0,207.0,197.0,1065.0
2016-01-21,237,372,346,206,876,222.0,200.0,262.0,342.0,327.0,286.0,449.0,534.0,293.0,350.0,459.0,747.0,216.0,197.0,197.0,1022.0
2016-01-22,233,366,334,229,870,219.0,200.0,264.0,348.0,316.0,286.0,460.0,543.0,287.0,350.0,455.0,743.0,211.0,197.0,186.0,1004.0
2016-01-25,231,358,325,254,859,216.0,206.0,270.0,356.0,304.0,310.0,473.0,558.0,282.0,346.0,471.0,727.0,217.0,186.0,207.0,1087.0
2016-01-26,229,350,312,242,838,212.0,209.0,270.0,356.0,299.0,321.0,473.0,558.0,282.0,346.0,471.0,727.0,217.0,182.0,207.0,1087.0
2016-01-27,225,338,303,235,820,203.0,212.0,270.0,358.0,289.0,328.0,473.0,562.0,284.0,352.0,471.0,718.0,209.0,177.0,207.0,1135.0
2016-01-28,222,327,293,216,812,197.0,214.0,270.0,362.0,280.0,333.0,473.0,564.0,289.0,354.0,471.0,704.0,208.0,174.0,207.0,1160.0
2016-01-29,219,316,287,211,806,194.0,214.0,270.0,365.0,271.0,333.0,473.0,573.0,295.0,354.0,471.0,685.0,212.0,174.0,207.0,1137.0
2016-02-01,216,304,282,217,817,190.0,220.0,272.0,368.0,262.0,345.0,476.0,582.0,298.0,364.0,535.0,640.0,207.0,171.0,345.0,1055.0
2016-02-02,212,299,282,217,815,188.0,227.0,274.0,368.0,255.0,350.0,476.0,582.0,297.0,374.0,563.0,640.0,207.0,166.0,424.0,1055.0
2016-02-03,203,289,284,209,808,186.0,232.0,274.0,368.0,250.0,363.0,476.0,582.0,301.0,386.0,563.0,640.0,208.0,164.0,424.0,1055.0
2016-02-04,197,280,289,208,802,184.0,237.0,274.0,365.0,247.0,371.0,476.0,583.0,312.0,397.0,563.0,621.0,206.0,161.0,424.0,954.0
2016-02-05,194,271,295,212,800,183.0,237.0,275.0,365.0,244.0,371.0,479.0,583.0,324.0,397.0,596.0,607.0,199.0,161.0,466.0,915.0
2016-02-08,190,262,298,207,795,183.0,243.0,286.0,355.0,243.0,386.0,485.0,578.0,334.0,447.0,643.0,584.0,204.0,178.0,656.0,837.0
2016-02-09,188,255,297,207,791,184.0,246.0,288.0,355.0,247.0,399.0,488.0,578.0,346.0,466.0,654.0,584.0,223.0,178.0,733.0,837.0
2016-02-10,186,250,301,208,787,186.0,249.0,288.0,352.0,252.0,412.0,488.0,575.0,357.0,477.0,654.0,581.0,223.0,176.0,733.0,752.0
2016-02-11,184,247,312,206,793,193.0,252.0,288.0,349.0,259.0,420.0,488.0,567.0,358.0,481.0,654.0,583.0,220.0,179.0,733.0,713.0
2016-02-12,183,244,324,199,813,198.0,252.0,290.0,347.0,270.0,420.0,492.0,560.0,355.0,481.0,666.0,589.0,207.0,179.0,744.0,724.0
2016-02-15,183,243,334,204,819,200.0,257.0,321.0,347.0,286.0,432.0,514.0,553.0,350.0,474.0,727.0,598.0,197.0,172.0,949.0,854.0
2016-02-16,184,247,346,223,816,203.0,258.0,328.0,347.0,298.0,439.0,525.0,553.0,346.0,467.0,740.0,598.0,189.0,178.0,1030.0,854.0
2016-02-17,186,252,357,223,809,206.0,260.0,328.0,345.0,310.0,445.0,525.0,552.0,346.0,463.0,740.0,604.0,186.0,197.0,1030.0,988.0
2016-02-18,193,259,358,220,807,209.0,262.0,328.0,342.0,321.0,449.0,525.0,552.0,346.0,459.0,740.0,611.0,182.0,197.0,1030.0,954.0
2016-02-19,198,270,355,207,806,212.0,262.0,334.0,342.0,328.0,449.0,529.0,553.0,352.0,459.0,746.0,617.0,177.0,197.0,1065.0,906.0
2016-02-22,200,286,350,197,799,214.0,266.0,354.0,344.0,333.0,464.0,551.0,562.0,354.0,458.0,736.0,611.0,174.0,196.0,1085.0,870.0
2016-02-23,203,298,346,189,788,217.0,268.0,356.0,344.0,339.0,468.0,558.0,562.0,357.0,466.0,727.0,611.0,174.0,203.0,1087.0,870.0
2016-02-24,206,310,346,186,779,220.0,270.0,356.0,345.0,345.0,473.0,558.0,565.0,364.0,471.0,727.0,608.0,171.0,207.0,1087.0,848.0
2016-02-25,209,321,346,182,767,227.0,270.0,356.0,346.0,350.0,473.0,558.0,568.0,374.0,471.0,727.0,596.0,166.0,207.0,1087.0,799.0
2016-02-26,212,328,352,177,751,232.0,270.0,358.0,347.0,363.0,473.0,562.0,571.0,386.0,471.0,718.0,586.0,164.0,207.0,1135.0,793.0
2016-02-29,214,333,354,174,740,237.0,271.0,367.0,351.0,371.0,474.0,578.0,579.0,397.0,484.0,667.0,574.0,161.0,210.0,1117.0,854.0
2016-03-01,217,339,357,174,730,240.0,272.0,368.0,351.0,377.0,475.0,582.0,579.0,422.0,501.0,640.0,574.0,180.0,270.0,1055.0,854.0
2016-03-02,220,345,364,171,722,243.0,272.0,368.0,351.0,386.0,476.0,582.0,579.0,447.0,535.0,640.0,574.0,178.0,345.0,1055.0,854.0
2016-03-03,227,350,374,166,717,246.0,274.0,368.0,355.0,399.0,476.0,582.0,580.0,466.0,563.0,640.0,568.0,178.0,424.0,1055.0,861.0
2016-03-04,232,363,386,164,715,249.0,274.0,368.0,354.0,412.0,476.0,582.0,578.0,477.0,563.0,640.0,560.0,176.0,424.0,1055.0,854.0
2016-03-07,237,371,397,161,720,252.0,278.0,359.0,345.0,420.0,479.0,582.0,574.0,481.0,619.0,591.0,544.0,179.0,477.0,892.0,922.0
2016-03-08,240,377,422,180,738,255.0,280.0,355.0,345.0,427.0,482.0,578.0,574.0,481.0,627.0,584.0,544.0,186.0,562.0,837.0,922.0
2016-03-09,243,386,447,178,756,257.0,286.0,355.0,344.0,432.0,485.0,578.0,570.0,474.0,643.0,584.0,542.0,172.0,656.0,837.0,920.0
2016-03-10,246,399,466,178,771,258.0,288.0,355.0,338.0,439.0,488.0,578.0,567.0,467.0,654.0,584.0,540.0,178.0,733.0,837.0,973.0
2016-03-11,249,412,477,176,794,260.0,288.0,352.0,332.0,445.0,488.0,575.0,564.0,463.0,654.0,581.0,543.0,197.0,733.0,752.0,995.0
2016-03-14,252,420,481,179,833,262.0,296.0,347.0,322.0,449.0,498.0,555.0,557.0,459.0,678.0,597.0,542.0,197.0,744.0,798.0,1014.0
2016-03-15,255,427,481,186,861,264.0,309.0,347.0,322.0,460.0,506.0,553.0,557.0,455.0,700.0,598.0,542.0,186.0,831.0,854.0,1014.0
2016-03-16,257,432,474,172,870,266.0,321.0,347.0,317.0,464.0,514.0,553.0,554.0,458.0,727.0,598.0,543.0,196.0,949.0,854.0,1018.0
2016-03-17,258,439,467,178,865,268.0,328.0,347.0,315.0,468.0,525.0,553.0,552.0,466.0,740.0,598.0,545.0,203.0,1030.0,854.0,1000.0
2016-03-18,260,445,463,197,872,270.0,328.0,345.0,314.0,473.0,525.0,552.0,552.0,471.0,740.0,604.0,545.0,207.0,1030.0,988.0,976.0
2016-03-21,262,449,459,197,866,270.0,342.0,343.0,312.0,473.0,534.0,558.0,555.0,471.0,747.0,614.0,546.0,207.0,1022.0,870.0,897.0
2016-03-22,264,460,455,186,848,270.0,348.0,344.0,312.0,473.0,543.0,562.0,555.0,471.0,743.0,611.0,546.0,207.0,1004.0,870.0,897.0
2016-03-23,266,464,458,196,819,271.0,354.0,344.0,315.0,474.0,551.0,562.0,559.0,484.0,736.0,611.0,548.0,210.0,1085.0,870.0,873.0
2016-03-24,268,468,466,203,803,272.0,356.0,344.0,318.0,475.0,558.0,562.0,563.0,501.0,727.0,611.0,556.0,270.0,1087.0,870.0,878.0
2016-03-29,270,473,471,207,809,275.0,365.0,351.0,331.0,479.0,573.0,579.0,583.0,596.0,685.0,574.0,601.0,466.0,1137.0,854.0,919.0
2016-03-30,271,474,484,210,818,278.0,367.0,351.0,336.0,479.0,578.0,579.0,587.0,619.0,667.0,574.0,618.0,477.0,1117.0,854.0,936.0
2016-03-31,272,475,501,270,837,280.0,368.0,351.0,338.0,482.0,582.0,579.0,593.0,627.0,640.0,574.0,634.0,562.0,1055.0,854.0,955.0
2016-04-01,272,476,535,345,840,286.0,368.0,351.0,342.0,485.0,582.0,579.0,606.0,643.0,640.0,574.0,662.0,656.0,1055.0,854.0,996.0
2016-04-04,274,476,563,424,833,288.0,365.0,349.0,347.0,488.0,583.0,575.0,627.0,654.0,621.0,550.0,710.0,733.0,954.0,913.0,1049.0
2016-04-05,275,479,596,466,808,290.0,365.0,345.0,347.0,492.0,583.0,574.0,627.0,666.0,607.0,544.0,710.0,744.0,915.0,922.0,1049.0
2016-04-06,278,479,619,477,786,296.0,359.0,345.0,349.0,498.0,582.0,574.0,633.0,678.0,591.0,544.0,735.0,744.0,892.0,922.0,1034.0
2016-04-07,280,482,627,562,774,309.0,355.0,345.0,349.0,506.0,578.0,574.0,637.0,700.0,584.0,544.0,755.0,831.0,837.0,922.0,1019.0
2016-04-08,286,485,643,656,752,321.0,355.0,344.0,352.0,514.0,578.0,570.0,639.0,727.0,584.0,542.0,779.0,949.0,837.0,920.0,1008.0
2016-04-11,288,488,654,733,752,328.0,349.0,327.0,356.0,525.0,567.0,560.0,647.0,740.0,583.0,543.0,799.0,1030.0,713.0,1006.0,991.0
2016-04-12,290,492,666,744,755,334.0,347.0,322.0,356.0,529.0,560.0,557.0,647.0,746.0,589.0,542.0,799.0,1065.0,724.0,1014.0,991.0
2016-04-13,296,498,678,744,764,342.0,347.0,322.0,358.0,534.0,555.0,557.0,651.0,747.0,597.0,542.0,809.0,1022.0,798.0,1014.0,987.0
2016-04-14,309,506,700,831,782,348.0,347.0,322.0,360.0,543.0,553.0,557.0,666.0,743.0,598.0,542.0,819.0,1004.0,854.0,1014.0,1010.0
2016-04-15,321,514,727,949,788,354.0,347.0,317.0,361.0,551.0,553.0,554.0,679.0,736.0,598.0,543.0,842.0,1085.0,854.0,1018.0,1020.0
2016-04-18,328,525,740,1030,793,356.0,342.0,311.0,366.0,558.0,552.0,554.0,693.0,727.0,611.0,546.0,874.0,1087.0,954.0,927.0,1016.0
2016-04-19,334,529,746,1065,790,358.0,342.0,312.0,366.0,562.0,553.0,555.0,693.0,718.0,617.0,546.0,874.0,1135.0,906.0,897.0,1016.0
2016-04-20,342,534,747,1022,787,362.0,343.0,312.0,371.0,564.0,558.0,555.0,697.0,704.0,614.0,546.0,879.0,1160.0,870.0,897.0,986.0
2016-04-21,348,543,743,1004,777,365.0,344.0,312.0,376.0,573.0,562.0,555.0,700.0,685.0,611.0,546.0,872.0,1137.0,870.0,897.0,937.0
2016-04-22,354,551,736,1085,770,367.0,344.0,315.0,379.0,578.0,562.0,559.0,702.0,667.0,611.0,548.0,850.0,1117.0,870.0,873.0,906.0
2016-04-25,356,558,727,1087,775,368.0,346.0,329.0,386.0,582.0,568.0,577.0,698.0,640.0,596.0,585.0,806.0,1055.0,799.0,913.0,877.0
2016-04-26,358,562,718,1135,778,368.0,347.0,331.0,386.0,582.0,571.0,583.0,698.0,640.0,586.0,601.0,806.0,1055.0,793.0,919.0,877.0
2016-04-27,362,564,704,1160,774,365.0,347.0,331.0,390.0,583.0,575.0,583.0,697.0,621.0,582.0,601.0,784.0,954.0,830.0,919.0,841.0
2016-04-28,365,573,685,1137,749,365.0,351.0,331.0,392.0,583.0,579.0,583.0,690.0,607.0,574.0,601.0,752.0,915.0,854.0,919.0,803.0
2016-04-29,367,578,667,1117,740,359.0,351.0,336.0,396.0,582.0,579.0,587.0,684.0,591.0,574.0,618.0,719.0,892.0,854.0,936.0,780.0
2016-05-03,368,582,640,1055,730,352.0,354.0,347.0,401.0,575.0,578.0,627.0,671.0,581.0,560.0,710.0,673.0,752.0,854.0,1049.0,757.0
2016-05-04,365,583,621,954,717,349.0,349.0,347.0,400.0,567.0,575.0,627.0,667.0,583.0,550.0,710.0,658.0,713.0,913.0,1049.0,757.0
2016-05-05,365,583,607,915,716,347.0,345.0,347.0,397.0,560.0,574.0,627.0,663.0,589.0,544.0,710.0,648.0,724.0,922.0,1049.0,758.0
2016-05-06,359,582,591,892,713,347.0,345.0,349.0,395.0,555.0,574.0,633.0,660.0,597.0,544.0,735.0,641.0,798.0,922.0,1034.0,759.0
2016-05-09,355,578,584,837,715,347.0,338.0,354.0,392.0,553.0,567.0,644.0,647.0,598.0,540.0,792.0,638.0,854.0,973.0,1002.0,777.0
2016-05-10,352,575,581,752,715,345.0,332.0,356.0,392.0,552.0,564.0,647.0,647.0,604.0,543.0,799.0,638.0,988.0,995.0,991.0,777.0
2016-05-11,349,567,583,713,735,342.0,327.0,356.0,389.0,552.0,560.0,647.0,645.0,611.0,543.0,799.0,642.0,954.0,1006.0,991.0,770.0
2016-05-12,347,560,589,724,735,342.0,322.0,356.0,391.0,553.0,557.0,647.0,642.0,617.0,542.0,799.0,659.0,906.0,1014.0,991.0,795.0
2016-05-13,347,555,597,798,732,343.0,322.0,358.0,394.0,558.0,557.0,651.0,639.0,614.0,542.0,809.0,687.0,870.0,1014.0,987.0,833.0
2016-05-16,347,553,598,854,732,344.0,315.0,363.0,399.0,562.0,552.0,686.0,643.0,611.0,545.0,863.0,713.0,870.0,1000.0,1023.0,920.0
2016-05-17,345,552,604,988,734,345.0,314.0,366.0,399.0,565.0,552.0,693.0,643.0,608.0,545.0,874.0,713.0,848.0,976.0,1016.0,920.0
2016-05-18,342,552,611,954,736,346.0,311.0,366.0,403.0,568.0,554.0,693.0,646.0,596.0,546.0,874.0,721.0,799.0,927.0,1016.0,926.0
2016-05-19,342,553,617,906,740,347.0,312.0,366.0,405.0,571.0,555.0,693.0,652.0,586.0,546.0,874.0,726.0,793.0,897.0,1016.0,885.0
2016-05-20,343,558,614,870,747,347.0,312.0,371.0,407.0,575.0,555.0,697.0,666.0,582.0,546.0,879.0,727.0,830.0,897.0,986.0,852.0
2016-05-23,344,562,611,870,744,351.0,318.0,383.0,416.0,579.0,563.0,701.0,686.0,574.0,556.0,827.0,721.0,854.0,878.0,895.0,848.0
2016-05-24,345,565,608,848,731,351.0,322.0,386.0,416.0,579.0,570.0,698.0,686.0,574.0,569.0,806.0,721.0,854.0,897.0,877.0,848.0
2016-05-25,346,568,596,799,716,355.0,329.0,386.0,420.0,580.0,577.0,698.0,694.0,568.0,585.0,806.0,714.0,861.0,913.0,877.0,861.0
2016-05-26,347,571,586,793,723,354.0,331.0,386.0,425.0,578.0,583.0,698.0,702.0,560.0,601.0,806.0,706.0,854.0,919.0,877.0,910.0
2016-05-27,347,575,582,830,728,349.0,331.0,390.0,428.0,575.0,583.0,697.0,712.0,550.0,601.0,784.0,700.0,913.0,919.0,841.0,974.0
2016-05-31,351,579,574,854,735,344.0,342.0,401.0,432.0,570.0,606.0,671.0,719.0,542.0,662.0,673.0,674.0,920.0,996.0,757.0,986.0
2016-06-01,355,580,568,861,753,338.0,344.0,401.0,432.0,567.0,619.0,671.0,719.0,540.0,691.0,673.0,674.0,973.0,1030.0,757.0,986.0
2016-06-02,354,578,560,854,762,332.0,347.0,401.0,432.0,564.0,627.0,671.0,721.0,543.0,710.0,673.0,660.0,995.0,1049.0,757.0,978.0
2016-06-03,349,575,550,913,765,327.0,347.0,400.0,433.0,560.0,627.0,667.0,723.0,543.0,710.0,658.0,652.0,1006.0,1049.0,757.0,1002.0
2016-06-06,345,574,544,922,759,322.0,349.0,394.0,429.0,557.0,637.0,654.0,718.0,542.0,755.0,640.0,640.0,1014.0,1019.0,770.0,1079.0
2016-06-07,344,570,542,920,754,317.0,352.0,392.0,429.0,554.0,639.0,647.0,718.0,543.0,779.0,638.0,640.0,1018.0,1008.0,777.0,1079.0
2016-06-08,338,567,540,973,739,315.0,354.0,392.0,425.0,552.0,644.0,647.0,714.0,545.0,792.0,638.0,641.0,1000.0,1002.0,777.0,1182.0
2016-06-09,332,564,543,995,741,314.0,356.0,392.0,422.0,552.0,647.0,647.0,702.0,545.0,799.0,638.0,648.0,976.0,991.0,777.0,1371.0
2016-06-10,327,560,543,1006,736,311.0,356.0,389.0,420.0,554.0,647.0,645.0,694.0,546.0,799.0,642.0,655.0,927.0,991.0,770.0,1478.0
2016-06-13,322,557,542,1014,730,312.0,360.0,396.0,417.0,555.0,666.0,640.0,681.0,546.0,819.0,703.0,659.0,897.0,1010.0,891.0,1581.0
2016-06-14,317,554,543,1018,713,315.0,361.0,399.0,417.0,559.0,679.0,643.0,681.0,548.0,842.0,713.0,659.0,873.0,1020.0,920.0,1581.0
2016-06-15,315,552,545,1000,705,318.0,363.0,399.0,415.0,563.0,686.0,643.0,671.0,556.0,863.0,713.0,656.0,878.0,1023.0,920.0,1607.0
2016-06-16,314,552,545,976,712,322.0,366.0,399.0,415.0,570.0,693.0,643.0,665.0,569.0,874.0,713.0,649.0,897.0,1016.0,920.0,1444.0
2016-06-17,311,554,546,927,714,329.0,366.0,403.0,415.0,577.0,693.0,646.0,661.0,585.0,874.0,721.0,645.0,913.0,1016.0,926.0,1487.0
2016-06-20,312,555,546,897,718,331.0,376.0,412.0,416.0,583.0,700.0,677.0,661.0,601.0,872.0,727.0,650.0,919.0,937.0,843.0,1853.0
2016-06-21,315,559,548,873,711,336.0,379.0,416.0,416.0,587.0,702.0,686.0,661.0,618.0,850.0,721.0,650.0,936.0,906.0,848.0,1853.0
2016-06-22,318,563,556,878,705,338.0,383.0,416.0,417.0,593.0,701.0,686.0,660.0,634.0,827.0,721.0,657.0,955.0,895.0,848.0,1964.0
2016-06-23,322,570,569,897,710,342.0,386.0,416.0,418.0,606.0,698.0,686.0,662.0,662.0,806.0,721.0,673.0,996.0,877.0,848.0,2118.0
2016-06-24,329,577,585,913,713,344.0,386.0,420.0,420.0,619.0,698.0,694.0,688.0,691.0,806.0,714.0,700.0,1030.0,877.0,861.0,2389.0
2016-06-27,331,583,601,919,714,347.0,392.0,431.0,422.0,627.0,690.0,715.0,673.0,710.0,752.0,687.0,739.0,1049.0,803.0,1001.0,2325.0
2016-06-28,336,587,618,936,703,349.0,396.0,432.0,422.0,633.0,684.0,719.0,673.0,735.0,719.0,674.0,739.0,1034.0,780.0,986.0,2325.0
2016-06-29,338,593,634,955,695,349.0,399.0,432.0,422.0,637.0,676.0,719.0,674.0,755.0,692.0,674.0,750.0,1019.0,768.0,986.0,2298.0
2016-06-30,342,606,662,996,694,352.0,401.0,432.0,422.0,639.0,671.0,719.0,676.0,779.0,673.0,674.0,751.0,1008.0,757.0,986.0,2196.0
2016-07-01,344,619,691,1030,691,354.0,401.0,432.0,422.0,644.0,671.0,719.0,676.0,792.0,673.0,674.0,741.0,1002.0,757.0,986.0,2067.0
2016-07-04,347,627,710,1049,686,356.0,397.0,432.0,419.0,647.0,663.0,721.0,681.0,799.0,648.0,644.0,713.0,991.0,758.0,1054.0,1971.0
2016-07-05,349,633,735,1034,679,358.0,395.0,429.0,419.0,651.0,660.0,718.0,681.0,809.0,641.0,640.0,713.0,987.0,759.0,1079.0,1971.0
2016-07-06,349,637,755,1019,673,360.0,394.0,429.0,417.0,666.0,654.0,718.0,681.0,819.0,640.0,640.0,705.0,1010.0,770.0,1079.0,1970.0
2016-07-07,352,639,779,1008,672,361.0,392.0,429.0,415.0,679.0,647.0,718.0,680.0,842.0,638.0,640.0,699.0,1020.0,777.0,1079.0,2012.0
2016-07-08,354,644,792,1002,669,363.0,392.0,425.0,413.0,686.0,647.0,714.0,678.0,863.0,638.0,641.0,704.0,1023.0,777.0,1182.0,2218.0
2016-07-11,356,647,799,991,666,366.0,391.0,419.0,410.0,693.0,642.0,688.0,677.0,874.0,659.0,658.0,729.0,1016.0,795.0,1566.0,2235.0
2016-07-12,358,651,809,987,654,371.0,394.0,417.0,410.0,697.0,639.0,681.0,677.0,879.0,687.0,659.0,729.0,986.0,833.0,1581.0,2235.0
2016-07-13,360,666,819,1010,639,376.0,396.0,417.0,409.0,700.0,640.0,681.0,676.0,872.0,703.0,659.0,745.0,937.0,891.0,1581.0,2235.0
2016-07-14,361,679,842,1020,628,379.0,399.0,417.0,408.0,702.0,643.0,681.0,674.0,850.0,713.0,659.0,763.0,906.0,920.0,1581.0,2154.0
2016-07-15,363,686,863,1023,620,383.0,399.0,415.0,410.0,701.0,643.0,671.0,673.0,827.0,713.0,656.0,790.0,895.0,920.0,1607.0,2018.0
2016-07-18,366,693,874,1016,612,386.0,405.0,415.0,413.0,698.0,652.0,660.0,676.0,806.0,726.0,646.0,838.0,877.0,885.0,1680.0,2003.0
2016-07-19,371,697,879,986,604,390.0,407.0,416.0,413.0,697.0,666.0,661.0,676.0,784.0,727.0,650.0,838.0,841.0,852.0,1853.0,2003.0
2016-07-20,376,700,872,937,599,392.0,412.0,416.0,417.0,690.0,677.0,661.0,678.0,752.0,727.0,650.0,860.0,803.0,843.0,1853.0,1950.0
2016-07-21,379,702,850,906,592,396.0,416.0,416.0,421.0,684.0,686.0,661.0,682.0,719.0,721.0,650.0,885.0,780.0,848.0,1853.0,1826.0
2016-07-22,383,701,827,895,589,399.0,416.0,417.0,424.0,676.0,686.0,660.0,691.0,692.0,721.0,657.0,905.0,768.0,848.0,1964.0,1637.0
2016-07-25,386,698,806,877,582,401.0,425.0,421.0,428.0,671.0,702.0,671.0,705.0,673.0,706.0,722.0,923.0,757.0,910.0,2383.0,1471.0
2016-07-26,390,697,784,841,579,400.0,428.0,422.0,428.0,667.0,712.0,673.0,705.0,658.0,700.0,739.0,923.0,757.0,974.0,2325.0,1471.0
2016-07-27,392,690,752,803,567,397.0,431.0,422.0,430.0,663.0,715.0,673.0,710.0,648.0,687.0,739.0,925.0,758.0,1001.0,2325.0,1348.0
2016-07-28,396,684,719,780,559,395.0,432.0,422.0,430.0,660.0,719.0,673.0,714.0,641.0,674.0,739.0,925.0,759.0,986.0,2325.0,1275.0
2016-07-29,399,676,692,768,550,394.0,432.0,422.0,432.0,654.0,719.0,674.0,719.0,640.0,674.0,750.0,921.0,770.0,986.0,2298.0,1248.0
2016-08-01,401,671,673,757,541,392.0,432.0,421.0,435.0,647.0,721.0,679.0,722.0,638.0,660.0,726.0,905.0,777.0,978.0,2008.0,1534.0
2016-08-02,400,667,658,757,532,389.0,433.0,419.0,435.0,645.0,723.0,681.0,722.0,642.0,652.0,713.0,905.0,770.0,1002.0,1971.0,1534.0
2016-08-03,397,663,648,758,523,391.0,432.0,419.0,436.0,642.0,721.0,681.0,721.0,659.0,644.0,713.0,895.0,795.0,1054.0,1971.0,1443.0
2016-08-04,395,660,641,759,515,394.0,429.0,419.0,434.0,639.0,718.0,681.0,718.0,687.0,640.0,713.0,885.0,833.0,1079.0,1971.0,1451.0
2016-08-05,394,654,640,770,509,396.0,429.0,417.0,434.0,640.0,718.0,681.0,718.0,703.0,640.0,705.0,886.0,891.0,1079.0,1970.0,1544.0
2016-08-08,392,647,638,777,509,399.0,422.0,411.0,431.0,643.0,702.0,677.0,712.0,713.0,648.0,717.0,889.0,920.0,1371.0,2245.0,1636.0
2016-08-09,389,645,642,770,505,403.0,420.0,410.0,431.0,646.0,694.0,677.0,712.0,721.0,655.0,729.0,889.0,926.0,1478.0,2235.0,1636.0
2016-08-10,391,642,659,795,504,405.0,419.0,410.0,431.0,652.0,688.0,677.0,708.0,726.0,658.0,729.0,903.0,885.0,1566.0,2235.0,1786.0
2016-08-11,394,639,687,833,500,407.0,417.0,410.0,429.0,666.0,681.0,677.0,703.0,727.0,659.0,729.0,927.0,852.0,1581.0,2235.0,1954.0
2016-08-12,396,640,703,891,497,412.0,417.0,409.0,430.0,677.0,681.0,676.0,703.0,727.0,659.0,745.0,956.0,843.0,1581.0,2235.0,2010.0
2016-08-15,399,643,713,920,496,416.0,415.0,411.0,433.0,686.0,665.0,674.0,707.0,721.0,649.0,819.0,1058.0,848.0,1444.0,2018.0,2338.0
2016-08-16,403,646,721,926,497,420.0,415.0,413.0,433.0,694.0,661.0,676.0,707.0,714.0,645.0,838.0,1058.0,861.0,1487.0,2003.0,2338.0
2016-08-17,405,652,726,885,497,425.0,415.0,413.0,436.0,702.0,660.0,676.0,713.0,706.0,646.0,838.0,1162.0,910.0,1680.0,2003.0,2282.0
2016-08-18,407,666,727,852,500,428.0,416.0,413.0,443.0,712.0,661.0,676.0,722.0,700.0,650.0,838.0,1263.0,974.0,1853.0,2003.0,2441.0
2016-08-19,412,677,727,843,501,431.0,416.0,417.0,454.0,715.0,661.0,678.0,748.0,687.0,650.0,860.0,1353.0,1001.0,1853.0,1950.0,2731.0
2016-08-22,416,686,721,848,504,432.0,418.0,427.0,477.0,719.0,662.0,700.0,835.0,674.0,673.0,915.0,1387.0,986.0,2118.0,1575.0,2638.0
2016-08-23,420,694,714,861,506,432.0,420.0,428.0,477.0,719.0,688.0,705.0,835.0,674.0,700.0,923.0,1387.0,986.0,2389.0,1471.0,2638.0
2016-08-24,425,702,706,910,505,432.0,421.0,428.0,485.0,721.0,671.0,705.0,852.0,660.0,722.0,923.0,1382.0,978.0,2383.0,1471.0,2598.0
2016-08-25,428,712,700,974,512,433.0,422.0,428.0,501.0,723.0,673.0,705.0,874.0,652.0,739.0,923.0,1387.0,1002.0,2325.0,1471.0,2507.0
2016-08-26,431,715,687,1001,515,432.0,422.0,430.0,512.0,721.0,673.0,710.0,897.0,644.0,739.0,925.0,1385.0,1054.0,2325.0,1348.0,2374.0
2016-08-30,432,719,674,986,515,425.0,422.0,435.0,527.0,714.0,676.0,722.0,904.0,641.0,741.0,905.0,1400.0,1182.0,2067.0,1534.0,2260.0
2016-08-31,432,721,660,978,510,422.0,421.0,435.0,532.0,702.0,679.0,722.0,908.0,648.0,726.0,905.0,1424.0,1371.0,2008.0,1534.0,2304.0
2016-09-01,433,723,652,1002,515,420.0,419.0,435.0,537.0,694.0,681.0,722.0,912.0,655.0,713.0,905.0,1465.0,1478.0,1971.0,1534.0,2263.0
2016-09-02,432,721,644,1054,514,419.0,419.0,436.0,541.0,688.0,681.0,721.0,917.0,658.0,713.0,895.0,1486.0,1566.0,1971.0,1443.0,2206.0
2016-09-05,429,718,640,1079,516,417.0,415.0,433.0,548.0,681.0,680.0,716.0,929.0,659.0,699.0,885.0,1541.0,1581.0,2012.0,1593.0,2137.0
2016-09-06,425,714,641,1182,517,415.0,413.0,431.0,548.0,671.0,678.0,712.0,929.0,656.0,704.0,889.0,1541.0,1607.0,2218.0,1636.0,2137.0
2016-09-07,422,702,648,1371,528,415.0,411.0,431.0,552.0,665.0,677.0,712.0,934.0,649.0,717.0,889.0,1563.0,1444.0,2245.0,1636.0,2067.0
2016-09-08,420,694,655,1478,537,415.0,410.0,431.0,557.0,661.0,677.0,712.0,941.0,645.0,729.0,889.0,1565.0,1487.0,2235.0,1636.0,1935.0
2016-09-09,419,688,658,1566,536,415.0,410.0,431.0,562.0,660.0,677.0,708.0,957.0,646.0,729.0,903.0,1547.0,1680.0,2235.0,1786.0,1724.0
2016-09-12,417,681,659,1581,542,416.0,408.0,428.0,576.0,661.0,674.0,705.0,968.0,650.0,763.0,1011.0,1469.0,1853.0,2154.0,2303.0,1464.0
2016-09-13,415,671,656,1607,543,417.0,410.0,433.0,576.0,660.0,673.0,707.0,968.0,657.0,790.0,1058.0,1469.0,1964.0,2018.0,2338.0,1464.0
2016-09-14,415,665,649,1444,548,418.0,411.0,433.0,584.0,662.0,674.0,707.0,972.0,673.0,819.0,1058.0,1419.0,2118.0,2018.0,2338.0,1404.0
2016-09-15,415,661,645,1487,549,420.0,413.0,433.0,590.0,688.0,676.0,707.0,975.0,700.0,838.0,1058.0,1332.0,2389.0,2003.0,2338.0,1169.0
2016-09-16,415,660,646,1680,555,421.0,413.0,436.0,596.0,671.0,676.0,713.0,968.0,722.0,838.0,1162.0,1234.0,2383.0,2003.0,2282.0,1058.0
2016-09-19,416,661,650,1853,561,422.0,421.0,466.0,605.0,673.0,682.0,809.0,953.0,739.0,885.0,1388.0,1037.0,2325.0,1826.0,2752.0,1039.0
2016-09-20,417,660,657,1964,566,422.0,424.0,477.0,605.0,674.0,691.0,835.0,953.0,750.0,905.0,1387.0,1037.0,2298.0,1637.0,2638.0,1039.0
2016-09-21,418,662,673,2118,588,422.0,427.0,477.0,605.0,676.0,700.0,835.0,941.0,751.0,915.0,1387.0,976.0,2196.0,1575.0,2638.0,1044.0
2016-09-22,420,688,700,2389,602,422.0,428.0,477.0,604.0,676.0,705.0,835.0,926.0,741.0,923.0,1387.0,905.0,2067.0,1471.0,2638.0,1144.0
2016-09-23,421,671,722,2383,606,421.0,428.0,485.0,601.0,679.0,705.0,852.0,914.0,726.0,923.0,1382.0,866.0,2008.0,1471.0,2598.0,1219.0
2016-09-26,422,673,739,2325,611,419.0,430.0,520.0,559.0,681.0,714.0,908.0,843.0,713.0,925.0,1389.0,811.0,1971.0,1275.0,2263.0,1538.0
2016-09-27,422,674,750,2298,618,417.0,432.0,527.0,559.0,681.0,719.0,904.0,843.0,705.0,921.0,1400.0,811.0,1970.0,1248.0,2260.0,1538.0
2016-09-28,422,676,751,2196,638,415.0,433.0,527.0,559.0,680.0,722.0,904.0,843.0,699.0,913.0,1400.0,811.0,2012.0,1417.0,2260.0,1538.0
2016-09-29,422,676,741,2067,644,413.0,435.0,527.0,559.0,678.0,722.0,904.0,843.0,704.0,905.0,1400.0,811.0,2218.0,1534.0,2260.0,1538.0
2016-09-30,421,679,726,2008,638,411.0,435.0,532.0,559.0,677.0,722.0,908.0,843.0,717.0,905.0,1424.0,811.0,2245.0,1534.0,2304.0,1538.0
2016-10-03,419,681,713,1971,625,410.0,434.0,543.0,559.0,677.0,718.0,921.0,843.0,729.0,885.0,1508.0,811.0,2235.0,1451.0,2193.0,1538.0
2016-10-04,417,681,705,1970,622,409.0,434.0,548.0,559.0,676.0,718.0,929.0,843.0,745.0,886.0,1541.0,811.0,2235.0,1544.0,2137.0,1538.0
2016-10-05,415,680,699,2012,616,408.0,433.0,548.0,559.0,674.0,716.0,929.0,843.0,763.0,885.0,1541.0,811.0,2154.0,1593.0,2137.0,1538.0
2016-10-06,413,678,704,2218,613,410.0,431.0,548.0,539.0,673.0,712.0,929.0,820.0,790.0,889.0,1541.0,807.0,2018.0,1636.0,2137.0,1674.0
2016-10-07,411,677,717,2245,619,411.0,431.0,552.0,521.0,674.0,712.0,934.0,795.0,819.0,889.0,1563.0,837.0,2018.0,1636.0,2067.0,1759.0
2016-10-10,410,677,729,2235,621,413.0,429.0,567.0,498.0,676.0,703.0,966.0,772.0,838.0,927.0,1508.0,927.0,2003.0,1954.0,1575.0,1598.0
2016-10-11,409,676,745,2235,626,417.0,430.0,576.0,498.0,678.0,703.0,968.0,772.0,860.0,956.0,1469.0,927.0,1950.0,2010.0,1464.0,1598.0
2016-10-12,408,674,763,2154,633,421.0,428.0,576.0,489.0,682.0,705.0,968.0,766.0,885.0,1011.0,1469.0,973.0,1826.0,2303.0,1464.0,1470.0
2016-10-13,410,673,790,2018,641,424.0,433.0,576.0,477.0,691.0,707.0,968.0,758.0,905.0,1058.0,1469.0,1021.0,1637.0,2338.0,1464.0,1326.0
2016-10-14,411,674,819,2018,657,427.0,433.0,584.0,466.0,700.0,707.0,972.0,748.0,915.0,1058.0,1419.0,1038.0,1575.0,2338.0,1404.0,1294.0
2016-10-17,413,676,838,2003,673,428.0,443.0,600.0,455.0,705.0,722.0,960.0,733.0,923.0,1263.0,1126.0,1039.0,1471.0,2441.0,1048.0,1468.0
2016-10-18,417,678,860,1950,674,430.0,454.0,605.0,455.0,710.0,748.0,953.0,733.0,925.0,1353.0,1037.0,1039.0,1348.0,2731.0,1039.0,1468.0
2016-10-19,421,682,885,1826,681,430.0,466.0,605.0,451.0,714.0,809.0,953.0,730.0,925.0,1388.0,1037.0,1019.0,1275.0,2752.0,1039.0,1509.0
2016-10-20,424,691,905,1637,686,432.0,477.0,605.0,448.0,719.0,835.0,953.0,725.0,921.0,1387.0,1037.0,998.0,1248.0,2638.0,1039.0,1673.0
2016-10-21,427,700,915,1575,692,433.0,477.0,605.0,446.0,722.0,835.0,941.0,722.0,913.0,1387.0,976.0,981.0,1417.0,2638.0,1044.0,1665.0
2016-10-24,428,705,923,1471,691,435.0,501.0,597.0,437.0,722.0,874.0,903.0,714.0,905.0,1387.0,852.0,962.0,1534.0,2507.0,1385.0,1579.0
2016-10-25,430,710,925,1348,680,436.0,512.0,559.0,437.0,721.0,897.0,843.0,714.0,895.0,1385.0,811.0,962.0,1443.0,2374.0,1538.0,1579.0
2016-10-26,430,714,925,1275,667,434.0,520.0,559.0,432.0,718.0,908.0,843.0,708.0,885.0,1389.0,811.0,964.0,1451.0,2263.0,1538.0,1466.0
2016-10-27,432,719,921,1248,658,434.0,527.0,559.0,428.0,718.0,904.0,843.0,702.0,886.0,1400.0,811.0,972.0,1544.0,2260.0,1538.0,1369.0
2016-10-28,433,722,913,1417,657,433.0,527.0,559.0,424.0,716.0,904.0,843.0,696.0,885.0,1400.0,811.0,973.0,1593.0,2260.0,1538.0,1287.0
2016-10-31,435,722,905,1534,660,431.0,537.0,559.0,415.0,712.0,912.0,843.0,688.0,889.0,1465.0,811.0,964.0,1636.0,2263.0,1538.0,1205.0
2016-11-01,436,721,895,1443,656,431.0,541.0,559.0,415.0,708.0,917.0,843.0,688.0,903.0,1486.0,811.0,964.0,1786.0,2206.0,1538.0,1205.0
2016-11-02,434,718,885,1451,655,429.0,543.0,559.0,402.0,703.0,921.0,843.0,679.0,927.0,1508.0,811.0,951.0,1954.0,2193.0,1538.0,1167.0
2016-11-03,434,718,886,1544,670,430.0,548.0,559.0,395.0,703.0,929.0,843.0,674.0,956.0,1541.0,811.0,933.0,2010.0,2137.0,1538.0,1122.0
2016-11-04,433,716,885,1593,667,428.0,548.0,559.0,386.0,705.0,929.0,843.0,670.0,1011.0,1541.0,811.0,926.0,2303.0,2137.0,1538.0,1064.0
2016-11-07,431,712,889,1636,665,433.0,557.0,508.0,377.0,707.0,941.0,783.0,665.0,1058.0,1565.0,892.0,922.0,2338.0,1935.0,1658.0,911.0
2016-11-08,431,708,903,1786,659,436.0,562.0,498.0,377.0,713.0,957.0,772.0,665.0,1162.0,1547.0,927.0,922.0,2282.0,1724.0,1598.0,911.0
2016-11-09,429,703,927,1954,661,443.0,567.0,498.0,375.0,722.0,966.0,772.0,663.0,1263.0,1508.0,927.0,931.0,2441.0,1575.0,1598.0,803.0
2016-11-10,430,703,956,2010,682,454.0,576.0,498.0,378.0,748.0,968.0,772.0,665.0,1353.0,1469.0,927.0,934.0,2731.0,1464.0,1598.0,725.0
2016-11-11,428,705,1011,2303,744,466.0,576.0,489.0,377.0,809.0,968.0,766.0,668.0,1388.0,1469.0,973.0,940.0,2752.0,1464.0,1470.0,728.0
2016-11-14,433,707,1058,2338,750,477.0,590.0,459.0,376.0,835.0,975.0,739.0,676.0,1387.0,1332.0,1042.0,944.0,2638.0,1169.0,1383.0,609.0
2016-11-15,436,713,1162,2282,740,485.0,596.0,455.0,376.0,852.0,968.0,733.0,676.0,1382.0,1234.0,1039.0,944.0,2598.0,1058.0,1468.0,609.0
2016-11-16,443,722,1263,2441,740,501.0,600.0,455.0,379.0,874.0,960.0,733.0,681.0,1387.0,1126.0,1039.0,939.0,2507.0,1048.0,1468.0,567.0
2016-11-17,454,748,1353,2731,786,512.0,605.0,455.0,382.0,897.0,953.0,733.0,689.0,1385.0,1037.0,1039.0,933.0,2374.0,1039.0,1468.0,556.0
2016-11-18,466,809,1388,2752,831,520.0,605.0,451.0,387.0,908.0,953.0,730.0,707.0,1389.0,1037.0,1019.0,923.0,2263.0,1039.0,1509.0,620.0
2016-11-21,477,835,1387,2638,828,527.0,604.0,441.0,396.0,904.0,926.0,718.0,747.0,1400.0,905.0,970.0,909.0,2260.0,1144.0,1610.0,791.0
2016-11-22,485,852,1382,2598,834,532.0,601.0,437.0,396.0,908.0,914.0,714.0,747.0,1424.0,866.0,962.0,909.0,2304.0,1219.0,1579.0,791.0
2016-11-23,501,874,1387,2507,862,537.0,597.0,437.0,402.0,912.0,903.0,714.0,764.0,1465.0,852.0,962.0,906.0,2263.0,1385.0,1579.0,856.0
2016-11-24,512,897,1385,2374,870,541.0,559.0,437.0,410.0,917.0,843.0,714.0,783.0,1486.0,811.0,962.0,908.0,2206.0,1538.0,1579.0,951.0
2016-11-25,520,908,1389,2263,886,543.0,559.0,432.0,420.0,921.0,843.0,708.0,797.0,1508.0,811.0,964.0,927.0,2193.0,1538.0,1466.0,1134.0
2016-11-28,527,904,1400,2260,892,548.0,559.0,419.0,436.0,929.0,843.0,692.0,817.0,1541.0,811.0,968.0,966.0,2137.0,1538.0,1239.0,1151.0
2016-11-29,532,908,1424,2304,896,552.0,559.0,415.0,436.0,934.0,843.0,688.0,817.0,1563.0,811.0,964.0,966.0,2067.0,1538.0,1205.0,1151.0
2016-11-30,537,912,1465,2263,895,557.0,559.0,415.0,444.0,941.0,843.0,688.0,825.0,1565.0,811.0,964.0,995.0,1935.0,1538.0,1205.0,1021.0
2016-12-01,541,917,1486,2206,891,562.0,559.0,415.0,451.0,957.0,843.0,688.0,833.0,1547.0,811.0,964.0,1041.0,1724.0,1538.0,1205.0,994.0
2016-12-02,543,921,1508,2193,878,567.0,559.0,402.0,457.0,966.0,843.0,679.0,840.0,1508.0,811.0,951.0,1084.0,1575.0,1538.0,1167.0,1097.0
2016-12-05,548,929,1541,2137,889,576.0,539.0,382.0,468.0,968.0,820.0,667.0,852.0,1469.0,807.0,922.0,1154.0,1464.0,1674.0,981.0,1345.0
2016-12-06,552,934,1563,2067,887,584.0,521.0,377.0,468.0,972.0,795.0,665.0,852.0,1419.0,837.0,922.0,1154.0,1404.0,1759.0,911.0,1345.0
2016-12-07,557,941,1565,1935,863,590.0,508.0,377.0,477.0,975.0,783.0,665.0,861.0,1332.0,892.0,922.0,1194.0,1169.0,1658.0,911.0,1556.0
2016-12-08,562,957,1547,1724,868,596.0,498.0,377.0,485.0,968.0,772.0,665.0,868.0,1234.0,927.0,922.0,1220.0,1058.0,1598.0,911.0,1578.0
2016-12-09,567,966,1508,1575,889,600.0,498.0,375.0,491.0,960.0,772.0,663.0,872.0,1126.0,927.0,931.0,1220.0,1048.0,1598.0,803.0,1678.0
2016-12-12,576,968,1469,1464,903,605.0,477.0,377.0,499.0,953.0,758.0,672.0,875.0,1037.0,1021.0,943.0,1207.0,1039.0,1326.0,687.0,1843.0
2016-12-13,584,972,1419,1404,887,605.0,466.0,376.0,499.0,941.0,748.0,676.0,875.0,976.0,1038.0,944.0,1207.0,1044.0,1294.0,609.0,1843.0
2016-12-14,590,975,1332,1169,889,604.0,459.0,376.0,502.0,926.0,739.0,676.0,877.0,905.0,1042.0,944.0,1185.0,1144.0,1383.0,609.0,1929.0
2016-12-15,596,968,1234,1058,895,601.0,455.0,376.0,505.0,914.0,733.0,676.0,877.0,866.0,1039.0,944.0,1150.0,1219.0,1468.0,609.0,2136.0
2016-12-16,600,960,1126,1048,909,597.0,455.0,379.0,508.0,903.0,733.0,681.0,877.0,852.0,1039.0,939.0,1129.0,1385.0,1468.0,567.0,2265.0
2016-12-19,605,953,1037,1039,911,559.0,448.0,391.0,510.0,843.0,725.0,729.0,884.0,811.0,998.0,917.0,1103.0,1538.0,1673.0,739.0,2466.0
2016-12-20,605,941,976,1044,910,559.0,446.0,396.0,510.0,843.0,722.0,747.0,884.0,811.0,981.0,909.0,1103.0,1538.0,1665.0,791.0,2466.0
2016-12-21,604,926,905,1144,920,559.0,441.0,396.0,512.0,843.0,718.0,747.0,886.0,811.0,970.0,909.0,1101.0,1538.0,1610.0,791.0,2441.0
2016-12-22,601,914,866,1219,945,559.0,437.0,396.0,516.0,843.0,714.0,747.0,888.0,811.0,962.0,909.0,1119.0,1538.0,1579.0,791.0,2378.0
2016-12-23,597,903,852,1385,936,559.0,437.0,402.0,521.0,843.0,714.0,764.0,892.0,811.0,962.0,906.0,1170.0,1538.0,1579.0,856.0,2345.0
2017-01-03,559,843,811,1538,919,489.0,386.0,468.0,541.0,766.0,670.0,852.0,882.0,973.0,926.0,1154.0,1379.0,1470.0,1064.0,1345.0,2518.0
2017-01-04,539,820,807,1674,1088,477.0,382.0,468.0,542.0,758.0,667.0,852.0,881.0,1021.0,922.0,1154.0,1377.0,1326.0,981.0,1345.0,2382.0
2017-01-05,521,795,837,1759,1053,466.0,377.0,468.0,543.0,748.0,665.0,852.0,880.0,1038.0,922.0,1154.0,1371.0,1294.0,911.0,1345.0,2229.0
2017-01-06,508,783,892,1658,1024,459.0,377.0,477.0,545.0,739.0,665.0,861.0,882.0,1042.0,922.0,1194.0,1387.0,1383.0,911.0,1556.0,2184.0
2017-01-09,498,772,927,1598,1026,455.0,378.0,495.0,549.0,733.0,665.0,874.0,888.0,1039.0,934.0,1211.0,1466.0,1468.0,725.0,1789.0,2165.0
2017-01-10,489,766,973,1470,1013,451.0,377.0,499.0,549.0,730.0,668.0,875.0,888.0,1019.0,940.0,1207.0,1466.0,1509.0,728.0,1843.0,2165.0
2017-01-11,477,758,1021,1326,1017,448.0,377.0,499.0,552.0,725.0,672.0,875.0,891.0,998.0,943.0,1207.0,1533.0,1673.0,687.0,1843.0,2227.0
2017-01-12,466,748,1038,1294,1018,446.0,376.0,499.0,554.0,722.0,676.0,875.0,893.0,981.0,944.0,1207.0,1583.0,1665.0,609.0,1843.0,2252.0
2017-01-13,459,739,1042,1383,1024,441.0,376.0,502.0,560.0,718.0,676.0,877.0,899.0,970.0,944.0,1185.0,1611.0,1610.0,609.0,1929.0,2249.0
2017-01-16,455,733,1039,1468,1027,437.0,382.0,508.0,563.0,714.0,689.0,879.0,898.0,962.0,933.0,1108.0,1621.0,1579.0,556.0,2413.0,2220.0
2017-01-17,451,730,1019,1509,1018,432.0,387.0,510.0,563.0,708.0,707.0,884.0,898.0,964.0,923.0,1103.0,1621.0,1466.0,620.0,2466.0,2220.0
2017-01-18,448,725,998,1673,1001,428.0,391.0,510.0,563.0,702.0,729.0,884.0,898.0,972.0,917.0,1103.0,1621.0,1369.0,739.0,2466.0,2220.0
2017-01-19,446,722,981,1665,1006,424.0,396.0,510.0,568.0,696.0,747.0,884.0,900.0,973.0,909.0,1103.0,1612.0,1287.0,791.0,2466.0,2130.0
2017-01-20,441,718,970,1610,1002,419.0,396.0,512.0,572.0,692.0,747.0,886.0,899.0,968.0,909.0,1101.0,1553.0,1239.0,791.0,2441.0,1991.0
2017-01-23,437,714,962,1579,997,415.0,410.0,526.0,577.0,688.0,783.0,896.0,892.0,964.0,908.0,1218.0,1429.0,1205.0,951.0,2482.0,1780.0
2017-01-24,432,708,964,1466,995,402.0,420.0,530.0,577.0,679.0,797.0,895.0,892.0,951.0,927.0,1253.0,1429.0,1167.0,1134.0,2620.0,1780.0
2017-01-25,428,702,972,1369,987,395.0,428.0,530.0,577.0,674.0,809.0,895.0,887.0,933.0,947.0,1253.0,1371.0,1122.0,1165.0,2620.0,1767.0
2017-01-26,424,696,973,1287,977,386.0,436.0,530.0,576.0,670.0,817.0,895.0,881.0,926.0,966.0,1253.0,1320.0,1064.0,1151.0,2620.0,1790.0
2017-01-27,419,692,968,1239,965,382.0,436.0,535.0,569.0,667.0,817.0,893.0,870.0,922.0,966.0,1306.0,1260.0,981.0,1151.0,2765.0,1798.0
2017-01-30,415,688,964,1205,946,377.0,451.0,540.0,550.0,665.0,833.0,881.0,849.0,922.0,1041.0,1374.0,1140.0,911.0,994.0,2597.0,1668.0
2017-01-31,402,679,951,1167,930,375.0,457.0,541.0,550.0,663.0,840.0,882.0,849.0,931.0,1084.0,1379.0,1140.0,803.0,1097.0,2518.0,1668.0
2017-02-01,395,674,933,1122,901,378.0,462.0,541.0,550.0,665.0,846.0,882.0,849.0,934.0,1118.0,1379.0,1140.0,725.0,1227.0,2518.0,1668.0
2017-02-02,386,670,926,1064,877,377.0,468.0,541.0,540.0,668.0,852.0,882.0,835.0,940.0,1154.0,1379.0,1096.0,728.0,1345.0,2518.0,1542.0
2017-02-03,382,667,922,981,864,377.0,468.0,542.0,532.0,672.0,852.0,881.0,822.0,943.0,1154.0,1377.0,1048.0,687.0,1345.0,2382.0,1458.0
2017-02-06,377,665,922,911,858,376.0,485.0,547.0,517.0,676.0,868.0,886.0,799.0,944.0,1220.0,1427.0,1009.0,609.0,1578.0,2173.0,1571.0
2017-02-07,375,663,931,803,856,379.0,491.0,549.0,517.0,681.0,872.0,888.0,799.0,939.0,1220.0,1466.0,1009.0,567.0,1678.0,2165.0,1571.0
2017-02-08,378,665,934,725,846,382.0,495.0,549.0,512.0,689.0,874.0,888.0,794.0,933.0,1211.0,1466.0,1007.0,556.0,1789.0,2165.0,1635.0
2017-02-09,377,668,940,728,842,387.0,499.0,549.0,510.0,707.0,875.0,888.0,790.0,923.0,1207.0,1466.0,1011.0,620.0,1843.0,2165.0,1645.0
2017-02-10,377,672,943,687,846,391.0,499.0,552.0,510.0,729.0,875.0,891.0,787.0,917.0,1207.0,1533.0,1006.0,739.0,1843.0,2227.0,1695.0
2017-02-13,376,676,944,609,847,396.0,505.0,563.0,508.0,747.0,877.0,898.0,782.0,909.0,1150.0,1621.0,978.0,791.0,2136.0,2220.0,1661.0
2017-02-14,379,681,939,567,851,402.0,508.0,563.0,508.0,764.0,877.0,898.0,782.0,906.0,1129.0,1621.0,978.0,856.0,2265.0,2220.0,1661.0
2017-02-15,382,689,933,556,862,410.0,508.0,563.0,507.0,783.0,879.0,898.0,778.0,908.0,1108.0,1621.0,956.0,951.0,2413.0,2220.0,1632.0
2017-02-16,387,707,923,620,850,420.0,510.0,563.0,505.0,797.0,884.0,898.0,771.0,927.0,1103.0,1621.0,925.0,1134.0,2466.0,2220.0,1590.0
2017-02-17,391,729,917,739,869,428.0,510.0,563.0,504.0,809.0,884.0,898.0,764.0,947.0,1103.0,1621.0,894.0,1165.0,2466.0,2220.0,1638.0
2017-02-20,396,747,909,791,863,436.0,516.0,575.0,496.0,817.0,888.0,895.0,753.0,966.0,1119.0,1494.0,854.0,1151.0,2378.0,1830.0,1704.0
2017-02-21,402,764,906,856,859,444.0,521.0,577.0,496.0,825.0,892.0,892.0,753.0,995.0,1170.0,1429.0,854.0,1021.0,2345.0,1780.0,1704.0
2017-02-22,410,783,908,951,857,451.0,526.0,577.0,486.0,833.0,896.0,892.0,746.0,1041.0,1218.0,1429.0,850.0,994.0,2482.0,1780.0,1706.0
2017-02-23,420,797,927,1134,852,457.0,530.0,577.0,478.0,840.0,895.0,892.0,737.0,1084.0,1253.0,1429.0,849.0,1097.0,2620.0,1780.0,1654.0
2017-02-24,428,809,947,1165,856,462.0,530.0,577.0,473.0,846.0,895.0,887.0,728.0,1118.0,1253.0,1371.0,848.0,1227.0,2620.0,1767.0,1595.0
2017-02-27,436,817,966,1151,857,468.0,538.0,559.0,461.0,852.0,885.0,861.0,712.0,1154.0,1346.0,1187.0,842.0,1345.0,2755.0,1779.0,1564.0
2017-02-28,444,825,995,1021,847,477.0,539.0,550.0,461.0,861.0,882.0,849.0,712.0,1194.0,1366.0,1140.0,842.0,1556.0,2690.0,1668.0,1564.0
2017-03-01,451,833,1041,994,835,485.0,540.0,550.0,461.0,868.0,881.0,849.0,712.0,1220.0,1374.0,1140.0,842.0,1578.0,2597.0,1668.0,1564.0
2017-03-02,457,840,1084,1097,831,491.0,541.0,550.0,455.0,872.0,882.0,849.0,698.0,1220.0,1379.0,1140.0,829.0,1678.0,2518.0,1668.0,1511.0
2017-03-03,462,846,1118,1227,837,495.0,541.0,550.0,449.0,874.0,882.0,849.0,685.0,1211.0,1379.0,1140.0,810.0,1789.0,2518.0,1668.0,1430.0
2017-03-06,468,852,1154,1345,841,499.0,543.0,523.0,441.0,875.0,880.0,811.0,666.0,1207.0,1371.0,1023.0,789.0,1843.0,2229.0,1480.0,1353.0
2017-03-07,477,861,1194,1556,838,502.0,545.0,517.0,441.0,877.0,882.0,799.0,666.0,1185.0,1387.0,1009.0,789.0,1929.0,2184.0,1571.0,1353.0
2017-03-08,485,868,1220,1578,839,505.0,547.0,517.0,434.0,877.0,886.0,799.0,658.0,1150.0,1427.0,1009.0,783.0,2136.0,2173.0,1571.0,1366.0
2017-03-09,491,872,1220,1678,859,508.0,549.0,517.0,429.0,877.0,888.0,799.0,652.0,1129.0,1466.0,1009.0,783.0,2265.0,2165.0,1571.0,1379.0
2017-03-10,495,874,1211,1789,862,508.0,549.0,512.0,425.0,879.0,888.0,794.0,649.0,1108.0,1466.0,1007.0,793.0,2413.0,2165.0,1635.0,1381.0
2017-03-13,499,875,1207,1843,850,510.0,554.0,509.0,424.0,884.0,893.0,784.0,658.0,1103.0,1583.0,992.0,833.0,2466.0,2252.0,1725.0,1481.0
2017-03-14,502,877,1185,1929,850,512.0,560.0,508.0,424.0,886.0,899.0,782.0,658.0,1101.0,1611.0,978.0,833.0,2441.0,2249.0,1661.0,1481.0
2017-03-15,505,877,1150,2136,847,516.0,563.0,508.0,424.0,888.0,898.0,782.0,665.0,1119.0,1621.0,978.0,865.0,2378.0,2220.0,1661.0,1442.0
2017-03-16,508,877,1129,2265,835,521.0,563.0,508.0,427.0,892.0,898.0,782.0,679.0,1170.0,1621.0,978.0,903.0,2345.0,2220.0,1661.0,1362.0
2017-03-17,508,879,1108,2413,832,526.0,563.0,507.0,431.0,896.0,898.0,778.0,690.0,1218.0,1621.0,956.0,938.0,2482.0,2220.0,1632.0,1277.0
2017-03-20,510,884,1103,2466,824,530.0,568.0,502.0,437.0,895.0,900.0,759.0,708.0,1253.0,1612.0,870.0,984.0,2620.0,2130.0,1668.0,1169.0
2017-03-21,512,886,1101,2441,824,535.0,572.0,496.0,437.0,893.0,899.0,753.0,708.0,1306.0,1553.0,854.0,984.0,2765.0,1991.0,1704.0,1169.0
2017-03-22,516,888,1119,2378,826,538.0,575.0,496.0,441.0,885.0,895.0,753.0,717.0,1346.0,1494.0,854.0,1017.0,2755.0,1830.0,1704.0,1110.0
2017-03-23,521,892,1170,2345,816,539.0,577.0,496.0,445.0,882.0,892.0,753.0,724.0,1366.0,1429.0,854.0,1070.0,2690.0,1780.0,1704.0,1020.0
2017-03-24,526,896,1218,2482,812,540.0,577.0,486.0,447.0,881.0,892.0,746.0,734.0,1374.0,1429.0,850.0,1109.0,2597.0,1780.0,1706.0,993.0
2017-03-27,530,895,1253,2620,804,541.0,576.0,469.0,454.0,882.0,881.0,721.0,750.0,1379.0,1320.0,845.0,1145.0,2518.0,1790.0,1591.0,1005.0
2017-03-28,535,893,1306,2765,799,542.0,569.0,461.0,454.0,881.0,870.0,712.0,750.0,1377.0,1260.0,842.0,1145.0,2382.0,1798.0,1564.0,1005.0
2017-03-29,538,885,1346,2755,802,543.0,559.0,461.0,458.0,880.0,861.0,712.0,757.0,1371.0,1187.0,842.0,1151.0,2229.0,1779.0,1564.0,1066.0
2017-03-30,539,882,1366,2690,800,545.0,550.0,461.0,459.0,882.0,849.0,712.0,761.0,1387.0,1140.0,842.0,1150.0,2184.0,1668.0,1564.0,1170.0
2017-03-31,540,881,1374,2597,794,547.0,550.0,461.0,464.0,886.0,849.0,712.0,758.0,1427.0,1140.0,842.0,1119.0,2173.0,1668.0,1564.0,1146.0
2017-04-03,541,882,1379,2518,790,549.0,540.0,446.0,468.0,888.0,835.0,674.0,751.0,1466.0,1096.0,792.0,1068.0,2165.0,1542.0,1374.0,1032.0
2017-04-04,542,881,1377,2382,781,552.0,532.0,441.0,468.0,891.0,822.0,666.0,751.0,1533.0,1048.0,789.0,1068.0,2227.0,1458.0,1353.0,1032.0
2017-04-05,543,880,1371,2229,778,554.0,523.0,441.0,470.0,893.0,811.0,666.0,747.0,1583.0,1023.0,789.0,1062.0,2252.0,1480.0,1353.0,997.0
2017-04-06,545,882,1387,2184,773,560.0,517.0,441.0,470.0,899.0,799.0,666.0,742.0,1611.0,1009.0,789.0,1060.0,2249.0,1571.0,1353.0,901.0
2017-04-07,547,886,1427,2173,777,563.0,517.0,434.0,470.0,898.0,799.0,658.0,735.0,1621.0,1009.0,783.0,1063.0,2220.0,1571.0,1366.0,818.0
2017-04-10,549,888,1466,2165,775,563.0,510.0,425.0,474.0,898.0,790.0,654.0,729.0,1621.0,1011.0,813.0,1061.0,2220.0,1645.0,1438.0,730.0
2017-04-11,552,891,1533,2227,776,563.0,510.0,424.0,474.0,898.0,787.0,658.0,729.0,1621.0,1006.0,833.0,1061.0,2220.0,1695.0,1481.0,730.0
2017-04-12,554,893,1583,2252,776,568.0,509.0,424.0,477.0,900.0,784.0,658.0,733.0,1612.0,992.0,833.0,1069.0,2130.0,1725.0,1481.0,755.0
2017-04-13,560,899,1611,2249,790,572.0,508.0,424.0,480.0,899.0,782.0,658.0,744.0,1553.0,978.0,833.0,1098.0,1991.0,1661.0,1481.0,846.0
2017-04-18,563,898,1621,2220,800,577.0,504.0,437.0,489.0,887.0,764.0,708.0,776.0,1371.0,894.0,984.0,1202.0,1767.0,1638.0,1169.0,933.0
2017-04-19,568,900,1612,2130,814,576.0,502.0,437.0,492.0,881.0,759.0,708.0,786.0,1320.0,870.0,984.0,1226.0,1790.0,1668.0,1169.0,984.0
2017-04-20,572,899,1553,1991,819,569.0,496.0,437.0,495.0,870.0,753.0,708.0,798.0,1260.0,854.0,984.0,1252.0,1798.0,1704.0,1169.0,1028.0
2017-04-21,575,895,1494,1830,819,559.0,496.0,441.0,497.0,861.0,753.0,717.0,807.0,1187.0,854.0,1017.0,1260.0,1779.0,1704.0,1110.0,1093.0
2017-04-24,577,892,1429,1780,812,550.0,478.0,451.0,500.0,849.0,737.0,744.0,814.0,1140.0,849.0,1138.0,1248.0,1668.0,1654.0,987.0,1171.0
2017-04-25,577,887,1371,1767,812,550.0,473.0,454.0,500.0,849.0,728.0,750.0,814.0,1140.0,848.0,1145.0,1248.0,1668.0,1595.0,1005.0,1171.0
2017-04-26,576,881,1320,1790,802,540.0,469.0,454.0,500.0,835.0,721.0,750.0,813.0,1096.0,845.0,1145.0,1225.0,1542.0,1591.0,1005.0,1221.0
2017-04-27,569,870,1260,1798,797,532.0,461.0,454.0,500.0,822.0,712.0,750.0,807.0,1048.0,842.0,1145.0,1192.0,1458.0,1564.0,1005.0,1206.0
2017-04-28,559,861,1187,1779,786,523.0,461.0,458.0,500.0,811.0,712.0,757.0,798.0,1023.0,842.0,1151.0,1146.0,1480.0,1564.0,1066.0,1138.0
2017-05-02,550,849,1140,1668,785,512.0,449.0,468.0,496.0,794.0,685.0,751.0,783.0,1007.0,810.0,1068.0,1095.0,1635.0,1430.0,1032.0,1225.0
2017-05-03,540,835,1096,1542,778,510.0,446.0,468.0,492.0,790.0,674.0,751.0,779.0,1011.0,792.0,1068.0,1098.0,1645.0,1374.0,1032.0,1331.0
2017-05-04,532,822,1048,1458,767,510.0,441.0,468.0,488.0,787.0,666.0,751.0,772.0,1006.0,789.0,1068.0,1118.0,1695.0,1353.0,1032.0,1475.0
2017-05-05,523,811,1023,1480,768,509.0,441.0,470.0,482.0,784.0,666.0,747.0,767.0,992.0,789.0,1062.0,1143.0,1725.0,1353.0,997.0,1602.0
2017-05-08,517,799,1009,1571,774,508.0,429.0,471.0,475.0,782.0,652.0,732.0,762.0,978.0,783.0,1062.0,1158.0,1661.0,1379.0,753.0,1655.0
2017-05-09,512,794,1007,1635,775,507.0,425.0,474.0,475.0,778.0,649.0,729.0,762.0,956.0,793.0,1061.0,1158.0,1632.0,1381.0,730.0,1655.0
2017-05-10,510,790,1011,1645,772,505.0,425.0,474.0,472.0,771.0,654.0,729.0,759.0,925.0,813.0,1061.0,1170.0,1590.0,1438.0,730.0,1659.0
2017-05-11,510,787,1006,1695,763,504.0,424.0,474.0,467.0,764.0,658.0,729.0,756.0,894.0,833.0,1061.0,1192.0,1638.0,1481.0,730.0,1702.0
2017-05-12,509,784,992,1725,748,502.0,424.0,477.0,466.0,759.0,658.0,733.0,756.0,870.0,833.0,1069.0,1228.0,1668.0,1481.0,755.0,1837.0
2017-05-15,508,782,978,1661,741,496.0,427.0,486.0,465.0,753.0,679.0,769.0,760.0,854.0,903.0,1173.0,1272.0,1704.0,1362.0,933.0,2093.0
2017-05-16,507,778,956,1632,742,486.0,431.0,489.0,465.0,746.0,690.0,776.0,760.0,850.0,938.0,1202.0,1272.0,1706.0,1277.0,933.0,2093.0
2017-05-17,505,771,925,1590,737,478.0,435.0,489.0,464.0,737.0,701.0,776.0,765.0,849.0,964.0,1202.0,1289.0,1654.0,1213.0,933.0,2155.0
2017-05-18,504,764,894,1638,757,473.0,437.0,489.0,464.0,728.0,708.0,776.0,776.0,848.0,984.0,1202.0,1310.0,1595.0,1169.0,933.0,2324.0
2017-05-19,502,759,870,1668,765,469.0,437.0,492.0,465.0,721.0,708.0,786.0,791.0,845.0,984.0,1226.0,1336.0,1591.0,1169.0,984.0,2542.0
2017-05-22,496,753,854,1704,785,461.0,445.0,499.0,466.0,712.0,724.0,812.0,817.0,842.0,1070.0,1258.0,1349.0,1564.0,1020.0,1154.0,2584.0
2017-05-23,486,746,850,1706,799,461.0,447.0,500.0,466.0,712.0,734.0,814.0,817.0,842.0,1109.0,1248.0,1349.0,1564.0,993.0,1171.0,2584.0
2017-05-24,478,737,849,1654,821,455.0,451.0,500.0,468.0,698.0,744.0,814.0,824.0,829.0,1138.0,1248.0,1345.0,1511.0,987.0,1171.0,2489.0
2017-05-25,473,728,848,1595,825,449.0,454.0,500.0,470.0,685.0,750.0,814.0,833.0,810.0,1145.0,1248.0,1311.0,1430.0,1005.0,1171.0,2382.0
2017-05-26,469,721,845,1591,814,446.0,454.0,500.0,473.0,674.0,750.0,813.0,840.0,792.0,1145.0,1225.0,1259.0,1374.0,1005.0,1221.0,2333.0
2017-05-30,461,712,842,1564,807,434.0,464.0,496.0,477.0,658.0,758.0,783.0,848.0,783.0,1119.0,1095.0,1215.0,1366.0,1146.0,1225.0,2381.0
2017-05-31,455,698,829,1511,785,429.0,467.0,496.0,477.0,652.0,754.0,783.0,848.0,783.0,1091.0,1095.0,1215.0,1379.0,1086.0,1225.0,2381.0
2017-06-01,449,685,810,1430,768,425.0,468.0,496.0,482.0,649.0,751.0,783.0,851.0,793.0,1068.0,1095.0,1195.0,1381.0,1032.0,1225.0,2282.0
2017-06-02,446,674,792,1374,756,425.0,468.0,492.0,486.0,654.0,751.0,779.0,853.0,813.0,1068.0,1098.0,1189.0,1438.0,1032.0,1331.0,2293.0
2017-06-05,441,666,789,1353,742,424.0,470.0,478.0,487.0,658.0,742.0,764.0,860.0,833.0,1060.0,1153.0,1227.0,1481.0,901.0,1637.0,2243.0
2017-06-06,434,658,783,1366,733,424.0,470.0,475.0,487.0,665.0,735.0,762.0,860.0,865.0,1063.0,1158.0,1227.0,1442.0,818.0,1655.0,2243.0
2017-06-07,429,652,783,1379,718,427.0,471.0,475.0,491.0,679.0,732.0,762.0,863.0,903.0,1062.0,1158.0,1275.0,1362.0,753.0,1655.0,2313.0
2017-06-08,425,649,793,1381,708,431.0,474.0,475.0,494.0,690.0,729.0,762.0,868.0,938.0,1061.0,1158.0,1314.0,1277.0,730.0,1655.0,2438.0
2017-06-09,425,654,813,1438,705,435.0,474.0,472.0,499.0,701.0,729.0,759.0,875.0,964.0,1061.0,1170.0,1351.0,1213.0,730.0,1659.0,2614.0
2017-06-12,424,658,833,1481,702,437.0,480.0,466.0,509.0,708.0,744.0,759.0,898.0,984.0,1098.0,1256.0,1394.0,1169.0,846.0,2013.0,2813.0
2017-06-13,424,665,865,1442,700,441.0,484.0,465.0,509.0,717.0,758.0,760.0,898.0,1017.0,1141.0,1272.0,1394.0,1110.0,928.0,2093.0,2813.0
2017-06-14,427,679,903,1362,699,445.0,486.0,465.0,513.0,724.0,769.0,760.0,908.0,1070.0,1173.0,1272.0,1429.0,1020.0,933.0,2093.0,2724.0
2017-06-15,431,690,938,1277,705,447.0,489.0,465.0,520.0,734.0,776.0,760.0,923.0,1109.0,1202.0,1272.0,1464.0,993.0,933.0,2093.0,2628.0
2017-06-16,435,701,964,1213,704,451.0,489.0,464.0,529.0,744.0,776.0,765.0,950.0,1138.0,1202.0,1289.0,1499.0,987.0,933.0,2155.0,2642.0
2017-06-19,437,708,984,1169,702,454.0,495.0,465.0,551.0,750.0,798.0,806.0,997.0,1145.0,1252.0,1345.0,1529.0,1005.0,1028.0,2574.0,2681.0
2017-06-20,441,717,1017,1110,699,458.0,497.0,466.0,551.0,757.0,807.0,817.0,997.0,1151.0,1260.0,1349.0,1529.0,1066.0,1093.0,2584.0,2681.0
2017-06-21,445,724,1070,1020,690,459.0,499.0,466.0,562.0,761.0,812.0,817.0,1017.0,1150.0,1258.0,1349.0,1536.0,1170.0,1154.0,2584.0,2723.0
2017-06-22,447,734,1109,993,688,464.0,500.0,466.0,576.0,758.0,814.0,817.0,1033.0,1119.0,1248.0,1349.0,1531.0,1146.0,1171.0,2584.0,2861.0
2017-06-23,451,744,1138,987,686,467.0,500.0,468.0,586.0,754.0,814.0,824.0,1050.0,1091.0,1248.0,1345.0,1514.0,1086.0,1171.0,2489.0,2948.0
2017-06-26,454,750,1145,1005,683,468.0,500.0,474.0,602.0,751.0,807.0,845.0,1068.0,1068.0,1192.0,1235.0,1474.0,1032.0,1206.0,2406.0,3173.0
2017-06-27,458,757,1151,1066,681,470.0,500.0,477.0,602.0,747.0,798.0,848.0,1068.0,1062.0,1146.0,1215.0,1474.0,997.0,1138.0,2381.0,3173.0
2017-06-28,459,761,1150,1170,671,470.0,498.0,477.0,607.0,742.0,789.0,848.0,1065.0,1060.0,1109.0,1215.0,1446.0,901.0,1139.0,2381.0,3101.0
2017-06-29,464,758,1119,1146,670,470.0,496.0,477.0,613.0,735.0,783.0,848.0,1054.0,1063.0,1095.0,1215.0,1406.0,818.0,1225.0,2381.0,2942.0
2017-06-30,467,754,1091,1086,668,471.0,496.0,477.0,616.0,732.0,783.0,848.0,1041.0,1062.0,1095.0,1215.0,1352.0,753.0,1225.0,2381.0,2824.0
2017-07-03,468,751,1068,1032,663,474.0,488.0,486.0,614.0,729.0,772.0,856.0,1006.0,1061.0,1118.0,1198.0,1268.0,730.0,1475.0,2264.0,2671.0
2017-07-04,470,747,1062,997,659,477.0,482.0,487.0,614.0,733.0,767.0,860.0,1006.0,1069.0,1143.0,1227.0,1268.0,755.0,1602.0,2243.0,2671.0
2017-07-05,470,742,1060,901,656,480.0,478.0,487.0,612.0,744.0,764.0,860.0,984.0,1098.0,1153.0,1227.0,1247.0,846.0,1637.0,2243.0,2618.0
2017-07-06,470,735,1063,818,656,484.0,475.0,487.0,609.0,758.0,762.0,860.0,968.0,1141.0,1158.0,1227.0,1276.0,928.0,1655.0,2243.0,2667.0
2017-07-07,471,732,1062,753,647,486.0,475.0,491.0,607.0,769.0,762.0,863.0,965.0,1173.0,1158.0,1275.0,1345.0,933.0,1655.0,2313.0,2888.0
2017-07-10,474,729,1061,730,649,489.0,467.0,504.0,613.0,776.0,756.0,888.0,978.0,1202.0,1192.0,1375.0,1438.0,933.0,1702.0,2767.0,2906.0
2017-07-11,477,733,1069,755,651,492.0,466.0,509.0,613.0,786.0,756.0,898.0,978.0,1226.0,1228.0,1394.0,1438.0,984.0,1837.0,2813.0,2906.0
2017-07-12,480,744,1098,846,651,495.0,466.0,509.0,618.0,798.0,759.0,898.0,996.0,1252.0,1256.0,1394.0,1465.0,1028.0,2013.0,2813.0,2894.0
2017-07-13,484,758,1141,928,647,497.0,465.0,509.0,623.0,807.0,760.0,898.0,1020.0,1260.0,1272.0,1394.0,1504.0,1093.0,2093.0,2813.0,2882.0
2017-07-14,486,769,1173,933,644,499.0,465.0,513.0,635.0,812.0,760.0,908.0,1050.0,1258.0,1272.0,1429.0,1556.0,1154.0,2093.0,2724.0,2859.0
2017-07-17,489,776,1202,933,644,500.0,464.0,536.0,656.0,814.0,776.0,977.0,1082.0,1248.0,1310.0,1521.0,1637.0,1171.0,2324.0,2685.0,2980.0
2017-07-18,492,786,1226,984,648,500.0,465.0,551.0,656.0,813.0,791.0,997.0,1082.0,1225.0,1336.0,1529.0,1637.0,1221.0,2542.0,2681.0,2980.0
2017-07-19,495,798,1252,1028,643,500.0,465.0,551.0,663.0,807.0,806.0,997.0,1094.0,1192.0,1345.0,1529.0,1651.0,1206.0,2574.0,2681.0,3079.0
2017-07-20,497,807,1260,1093,642,500.0,466.0,551.0,666.0,798.0,817.0,997.0,1105.0,1146.0,1349.0,1529.0,1646.0,1138.0,2584.0,2681.0,3134.0
2017-07-21,499,812,1258,1154,649,498.0,466.0,562.0,673.0,789.0,817.0,1017.0,1116.0,1109.0,1349.0,1536.0,1648.0,1139.0,2584.0,2723.0,3186.0
2017-07-24,500,814,1248,1171,655,496.0,470.0,596.0,683.0,783.0,833.0,1061.0,1128.0,1095.0,1311.0,1493.0,1642.0,1225.0,2382.0,3147.0,3187.0
2017-07-25,500,813,1225,1221,649,492.0,473.0,602.0,683.0,779.0,840.0,1068.0,1128.0,1098.0,1259.0,1474.0,1642.0,1331.0,2333.0,3173.0,3187.0
2017-07-26,500,807,1192,1206,646,488.0,474.0,602.0,687.0,772.0,845.0,1068.0,1130.0,1118.0,1235.0,1474.0,1626.0,1475.0,2406.0,3173.0,3202.0
2017-07-27,500,798,1146,1138,647,482.0,477.0,602.0,690.0,767.0,848.0,1068.0,1129.0,1143.0,1215.0,1474.0,1592.0,1602.0,2381.0,3173.0,3202.0
2017-07-28,498,789,1109,1139,644,478.0,477.0,607.0,688.0,764.0,848.0,1065.0,1117.0,1153.0,1215.0,1446.0,1553.0,1637.0,2381.0,3101.0,3182.0
2017-07-31,496,783,1095,1225,640,475.0,482.0,616.0,685.0,762.0,851.0,1021.0,1081.0,1158.0,1195.0,1308.0,1498.0,1655.0,2282.0,2738.0,3217.0
2017-08-01,492,779,1098,1331,639,472.0,486.0,614.0,685.0,759.0,853.0,1006.0,1081.0,1170.0,1189.0,1268.0,1498.0,1659.0,2293.0,2671.0,3217.0
2017-08-02,488,772,1118,1475,632,467.0,486.0,614.0,679.0,756.0,856.0,1006.0,1060.0,1192.0,1198.0,1268.0,1492.0,1702.0,2264.0,2671.0,3219.0
2017-08-03,482,767,1143,1602,632,466.0,487.0,614.0,673.0,756.0,860.0,1006.0,1043.0,1228.0,1227.0,1268.0,1503.0,1837.0,2243.0,2671.0,3137.0
2017-08-04,478,764,1153,1637,628,466.0,487.0,612.0,668.0,759.0,860.0,984.0,1027.0,1256.0,1227.0,1247.0,1539.0,2013.0,2243.0,2618.0,3059.0
2017-08-07,475,762,1158,1655,619,465.0,494.0,610.0,661.0,760.0,868.0,971.0,1001.0,1272.0,1314.0,1406.0,1567.0,2093.0,2438.0,2929.0,3044.0
2017-08-08,472,759,1170,1659,614,464.0,499.0,613.0,661.0,765.0,875.0,978.0,1001.0,1289.0,1351.0,1438.0,1567.0,2155.0,2614.0,2906.0,3044.0
2017-08-09,467,756,1192,1702,616,464.0,504.0,613.0,658.0,776.0,888.0,978.0,988.0,1310.0,1375.0,1438.0,1558.0,2324.0,2767.0,2906.0,3101.0
2017-08-10,466,756,1228,1837,618,465.0,509.0,613.0,654.0,791.0,898.0,978.0,961.0,1336.0,1394.0,1438.0,1515.0,2542.0,2813.0,2906.0,3259.0
2017-08-11,466,759,1256,2013,620,465.0,509.0,618.0,648.0,806.0,898.0,996.0,936.0,1345.0,1394.0,1465.0,1468.0,2574.0,2813.0,2894.0,3349.0
2017-08-14,465,760,1272,2093,621,466.0,520.0,649.0,642.0,817.0,923.0,1069.0,888.0,1349.0,1464.0,1606.0,1387.0,2584.0,2628.0,2871.0,3351.0
2017-08-15,464,765,1289,2155,618,468.0,529.0,656.0,642.0,824.0,950.0,1082.0,888.0,1345.0,1499.0,1637.0,1387.0,2489.0,2642.0,2980.0,3351.0
2017-08-16,464,776,1310,2324,617,470.0,536.0,656.0,640.0,833.0,977.0,1082.0,872.0,1311.0,1521.0,1637.0,1346.0,2382.0,2685.0,2980.0,3209.0
2017-08-17,465,791,1336,2542,620,473.0,551.0,656.0,637.0,840.0,997.0,1082.0,858.0,1259.0,1529.0,1637.0,1320.0,2333.0,2681.0,2980.0,3108.0
2017-08-18,465,806,1345,2574,618,474.0,551.0,663.0,634.0,845.0,997.0,1094.0,849.0,1235.0,1529.0,1651.0,1298.0,2406.0,2681.0,3079.0,3084.0
2017-08-21,466,817,1349,2584,621,477.0,576.0,679.0,628.0,848.0,1033.0,1126.0,850.0,1215.0,1531.0,1643.0,1280.0,2381.0,2861.0,3145.0,3214.0
2017-08-22,468,824,1345,2489,622,477.0,586.0,683.0,628.0,848.0,1050.0,1128.0,850.0,1215.0,1514.0,1642.0,1280.0,2381.0,2948.0,3187.0,3214.0
2017-08-23,470,833,1311,2382,621,482.0,596.0,683.0,625.0,851.0,1061.0,1128.0,856.0,1195.0,1493.0,1642.0,1275.0,2282.0,3147.0,3187.0,3255.0
2017-08-24,473,840,1259,2333,620,486.0,602.0,683.0,624.0,853.0,1068.0,1128.0,875.0,1189.0,1474.0,1642.0,1281.0,2293.0,3173.0,3187.0,3298.0
2017-08-25,474,845,1235,2406,627,486.0,602.0,687.0,622.0,856.0,1068.0,1130.0,899.0,1198.0,1474.0,1626.0,1284.0,2264.0,3173.0,3202.0,3420.0
2017-08-29,477,848,1215,2381,643,491.0,616.0,685.0,619.0,863.0,1041.0,1081.0,923.0,1275.0,1352.0,1498.0,1299.0,2313.0,2824.0,3217.0,3540.0
2017-08-30,482,851,1195,2282,659,494.0,616.0,685.0,620.0,868.0,1021.0,1081.0,929.0,1314.0,1308.0,1498.0,1320.0,2438.0,2738.0,3217.0,3659.0
2017-08-31,486,853,1189,2293,667,499.0,614.0,685.0,622.0,875.0,1006.0,1081.0,936.0,1351.0,1268.0,1498.0,1368.0,2614.0,2671.0,3217.0,3740.0
2017-09-01,486,856,1198,2264,677,504.0,614.0,679.0,623.0,888.0,1006.0,1060.0,941.0,1375.0,1268.0,1492.0,1433.0,2767.0,2671.0,3219.0,3848.0
2017-09-04,487,860,1227,2243,682,509.0,609.0,664.0,626.0,898.0,968.0,1014.0,944.0,1394.0,1276.0,1562.0,1559.0,2813.0,2667.0,3036.0,4129.0
2017-09-05,491,863,1275,2313,691,513.0,607.0,661.0,626.0,908.0,965.0,1001.0,944.0,1429.0,1345.0,1567.0,1559.0,2724.0,2888.0,3044.0,4129.0
2017-09-06,494,868,1314,2438,698,520.0,610.0,661.0,628.0,923.0,971.0,1001.0,944.0,1464.0,1406.0,1567.0,1571.0,2628.0,2929.0,3044.0,4115.0
2017-09-07,499,875,1351,2614,699,529.0,613.0,661.0,629.0,950.0,978.0,1001.0,945.0,1499.0,1438.0,1567.0,1563.0,2642.0,2906.0,3044.0,4126.0
2017-09-08,504,888,1375,2767,701,536.0,613.0,658.0,630.0,977.0,978.0,988.0,944.0,1521.0,1438.0,1558.0,1564.0,2685.0,2906.0,3101.0,4147.0
2017-09-11,509,898,1394,2813,707,551.0,623.0,644.0,632.0,997.0,1020.0,912.0,939.0,1529.0,1504.0,1418.0,1624.0,2681.0,2882.0,3360.0,4272.0
2017-09-12,513,908,1429,2724,715,562.0,635.0,642.0,632.0,1017.0,1050.0,888.0,939.0,1536.0,1556.0,1387.0,1624.0,2723.0,2859.0,3351.0,4272.0
2017-09-13,520,923,1464,2628,725,576.0,649.0,642.0,633.0,1033.0,1069.0,888.0,942.0,1531.0,1606.0,1387.0,1672.0,2861.0,2871.0,3351.0,4293.0
2017-09-14,529,950,1499,2642,732,586.0,656.0,642.0,633.0,1050.0,1082.0,888.0,943.0,1514.0,1637.0,1387.0,1718.0,2948.0,2980.0,3351.0,4211.0
2017-09-15,536,977,1521,2685,739,596.0,656.0,640.0,635.0,1061.0,1082.0,872.0,944.0,1493.0,1637.0,1346.0,1714.0,3147.0,2980.0,3209.0,3936.0
2017-09-18,551,997,1529,2681,744,602.0,666.0,630.0,637.0,1068.0,1105.0,845.0,943.0,1474.0,1646.0,1285.0,1643.0,3173.0,3134.0,3153.0,3656.0
2017-09-19,562,1017,1536,2723,744,607.0,673.0,628.0,637.0,1065.0,1116.0,850.0,943.0,1446.0,1648.0,1280.0,1643.0,3101.0,3186.0,3214.0,3656.0
2017-09-20,576,1033,1531,2861,740,613.0,679.0,628.0,636.0,1054.0,1126.0,850.0,938.0,1406.0,1643.0,1280.0,1593.0,2942.0,3145.0,3214.0,3510.0
2017-09-21,586,1050,1514,2948,751,616.0,683.0,628.0,632.0,1041.0,1128.0,850.0,933.0,1352.0,1642.0,1280.0,1546.0,2824.0,3187.0,3214.0,3216.0
2017-09-22,596,1061,1493,3147,760,616.0,683.0,625.0,627.0,1021.0,1128.0,856.0,925.0,1308.0,1642.0,1275.0,1445.0,2738.0,3187.0,3255.0,3115.0
2017-09-25,602,1068,1474,3173,772,614.0,690.0,620.0,612.0,1006.0,1129.0,914.0,901.0,1268.0,1592.0,1295.0,1340.0,2671.0,3202.0,3453.0,2281.0
2017-09-26,607,1065,1446,3101,781,612.0,688.0,619.0,612.0,984.0,1117.0,923.0,901.0,1247.0,1553.0,1299.0,1340.0,2618.0,3182.0,3540.0,2281.0
2017-09-27,613,1054,1406,2942,780,609.0,687.0,619.0,612.0,968.0,1100.0,923.0,901.0,1276.0,1517.0,1299.0,1340.0,2667.0,3220.0,3540.0,2281.0
2017-09-28,616,1041,1352,2824,783,607.0,685.0,619.0,612.0,965.0,1081.0,923.0,901.0,1345.0,1498.0,1299.0,1340.0,2888.0,3217.0,3540.0,2281.0
2017-09-29,616,1021,1308,2738,782,610.0,685.0,620.0,612.0,971.0,1081.0,929.0,901.0,1406.0,1498.0,1320.0,1340.0,2929.0,3217.0,3659.0,2281.0
2017-10-02,614,1006,1268,2671,776,613.0,673.0,626.0,612.0,978.0,1043.0,944.0,901.0,1438.0,1503.0,1494.0,1340.0,2906.0,3137.0,4025.0,2281.0
2017-10-03,612,984,1247,2618,775,618.0,668.0,626.0,612.0,996.0,1027.0,944.0,901.0,1465.0,1539.0,1559.0,1340.0,2894.0,3059.0,4129.0,2281.0
2017-10-04,609,968,1276,2667,758,623.0,664.0,626.0,612.0,1020.0,1014.0,944.0,901.0,1504.0,1562.0,1559.0,1340.0,2882.0,3036.0,4129.0,2281.0
2017-10-05,607,965,1345,2888,760,635.0,661.0,626.0,607.0,1050.0,1001.0,944.0,894.0,1556.0,1567.0,1559.0,1332.0,2859.0,3044.0,4129.0,2426.0
2017-10-06,610,971,1406,2929,766,649.0,661.0,628.0,604.0,1069.0,1001.0,944.0,884.0,1606.0,1567.0,1571.0,1365.0,2871.0,3044.0,4115.0,2715.0
2017-10-09,613,978,1438,2906,776,656.0,654.0,631.0,594.0,1082.0,961.0,943.0,886.0,1637.0,1515.0,1588.0,1424.0,2980.0,3259.0,4193.0,2826.0
2017-10-10,618,996,1465,2894,783,663.0,648.0,632.0,594.0,1094.0,936.0,939.0,886.0,1651.0,1468.0,1624.0,1424.0,3079.0,3349.0,4272.0,2826.0
2017-10-11,623,1020,1504,2882,818,666.0,644.0,632.0,592.0,1105.0,912.0,939.0,889.0,1646.0,1418.0,1624.0,1428.0,3134.0,3360.0,4272.0,2820.0
2017-10-12,635,1050,1556,2859,856,673.0,642.0,632.0,589.0,1116.0,888.0,939.0,898.0,1648.0,1387.0,1624.0,1404.0,3186.0,3351.0,4272.0,2677.0
2017-10-13,649,1069,1606,2871,870,679.0,642.0,633.0,587.0,1126.0,888.0,942.0,902.0,1643.0,1387.0,1672.0,1371.0,3145.0,3351.0,4293.0,2384.0
2017-10-16,656,1082,1637,2980,903,683.0,637.0,636.0,585.0,1128.0,858.0,942.0,908.0,1642.0,1320.0,1677.0,1340.0,3187.0,3108.0,3777.0,2231.0
2017-10-17,663,1094,1651,3079,913,687.0,634.0,637.0,585.0,1130.0,849.0,943.0,908.0,1626.0,1298.0,1643.0,1340.0,3202.0,3084.0,3656.0,2231.0
2017-10-18,666,1105,1646,3134,916,690.0,630.0,637.0,583.0,1129.0,845.0,943.0,910.0,1592.0,1285.0,1643.0,1329.0,3202.0,3153.0,3656.0,2010.0
2017-10-19,673,1116,1648,3186,907,688.0,628.0,637.0,581.0,1117.0,850.0,943.0,910.0,1553.0,1280.0,1643.0,1317.0,3182.0,3214.0,3656.0,1743.0
2017-10-20,679,1126,1643,3145,902,687.0,628.0,636.0,580.0,1100.0,850.0,938.0,910.0,1517.0,1280.0,1593.0,1311.0,3220.0,3214.0,3510.0,1611.0
2017-10-23,683,1128,1642,3187,896,685.0,624.0,625.0,585.0,1081.0,875.0,914.0,913.0,1498.0,1281.0,1395.0,1362.0,3217.0,3298.0,2830.0,1445.0
2017-10-24,687,1130,1626,3202,899,679.0,622.0,612.0,585.0,1060.0,899.0,901.0,913.0,1492.0,1284.0,1340.0,1362.0,3219.0,3420.0,2281.0,1445.0
2017-10-25,690,1129,1592,3202,901,673.0,620.0,612.0,586.0,1043.0,914.0,901.0,911.0,1503.0,1295.0,1340.0,1404.0,3137.0,3453.0,2281.0,1525.0
2017-10-26,688,1117,1553,3182,912,668.0,619.0,612.0,584.0,1027.0,923.0,901.0,908.0,1539.0,1299.0,1340.0,1456.0,3059.0,3540.0,2281.0,1676.0
2017-10-27,687,1100,1517,3220,920,664.0,619.0,612.0,581.0,1014.0,923.0,901.0,904.0,1562.0,1299.0,1340.0,1481.0,3036.0,3540.0,2281.0,1752.0
2017-10-30,685,1081,1498,3217,914,661.0,622.0,612.0,573.0,1001.0,936.0,901.0,895.0,1567.0,1368.0,1340.0,1485.0,3044.0,3740.0,2281.0,1784.0
2017-10-31,679,1060,1492,3219,904,658.0,623.0,612.0,573.0,988.0,941.0,901.0,895.0,1558.0,1433.0,1340.0,1485.0,3101.0,3848.0,2281.0,1784.0
2017-11-01,673,1043,1503,3137,871,654.0,626.0,612.0,566.0,961.0,944.0,901.0,889.0,1515.0,1494.0,1340.0,1450.0,3259.0,4025.0,2281.0,1748.0
2017-11-02,668,1027,1539,3059,867,648.0,626.0,612.0,558.0,936.0,944.0,901.0,884.0,1468.0,1559.0,1340.0,1411.0,3349.0,4129.0,2281.0,1613.0
2017-11-03,664,1014,1562,3036,855,644.0,626.0,612.0,552.0,912.0,944.0,901.0,877.0,1418.0,1559.0,1340.0,1378.0,3360.0,4129.0,2281.0,1528.0
2017-11-06,661,1001,1567,3044,843,642.0,629.0,600.0,543.0,888.0,945.0,884.0,865.0,1387.0,1563.0,1400.0,1339.0,3351.0,4126.0,2791.0,1433.0
2017-11-07,658,988,1558,3101,820,640.0,630.0,594.0,543.0,872.0,944.0,886.0,865.0,1346.0,1564.0,1424.0,1339.0,3209.0,4147.0,2826.0,1433.0
2017-11-08,654,961,1515,3259,814,637.0,631.0,594.0,538.0,858.0,943.0,886.0,857.0,1320.0,1588.0,1424.0,1316.0,3108.0,4193.0,2826.0,1519.0
2017-11-09,648,936,1468,3349,807,634.0,632.0,594.0,532.0,849.0,939.0,886.0,844.0,1298.0,1624.0,1424.0,1293.0,3084.0,4272.0,2826.0,1578.0
2017-11-10,644,912,1418,3360,802,630.0,632.0,592.0,529.0,845.0,939.0,889.0,833.0,1285.0,1624.0,1428.0,1263.0,3153.0,4272.0,2820.0,1662.0
2017-11-13,642,888,1387,3351,803,628.0,633.0,587.0,520.0,850.0,943.0,907.0,819.0,1280.0,1718.0,1348.0,1237.0,3214.0,4211.0,2296.0,1824.0
2017-11-14,640,872,1346,3209,796,625.0,635.0,585.0,520.0,856.0,944.0,908.0,819.0,1275.0,1714.0,1340.0,1237.0,3255.0,3936.0,2231.0,1824.0
2017-11-15,637,858,1320,3108,790,624.0,636.0,585.0,518.0,875.0,942.0,908.0,817.0,1281.0,1677.0,1340.0,1228.0,3298.0,3777.0,2231.0,1793.0
2017-11-16,634,849,1298,3084,787,622.0,637.0,585.0,516.0,899.0,943.0,908.0,823.0,1284.0,1643.0,1340.0,1231.0,3420.0,3656.0,2231.0,1721.0
2017-11-17,630,845,1285,3153,790,620.0,637.0,583.0,515.0,914.0,943.0,910.0,832.0,1295.0,1643.0,1329.0,1251.0,3453.0,3656.0,2010.0,1663.0
2017-11-20,628,850,1280,3214,809,619.0,632.0,584.0,517.0,923.0,933.0,911.0,840.0,1299.0,1546.0,1333.0,1294.0,3540.0,3216.0,1493.0,1597.0
2017-11-21,625,856,1275,3255,827,620.0,627.0,585.0,517.0,929.0,925.0,913.0,840.0,1320.0,1445.0,1362.0,1294.0,3659.0,3115.0,1445.0,1597.0
2017-11-22,624,875,1281,3298,827,622.0,625.0,585.0,519.0,936.0,914.0,913.0,847.0,1368.0,1395.0,1362.0,1333.0,3740.0,2830.0,1445.0,1678.0
2017-11-23,622,899,1284,3420,826,623.0,612.0,585.0,522.0,941.0,901.0,913.0,856.0,1433.0,1340.0,1362.0,1388.0,3848.0,2281.0,1445.0,1717.0
2017-11-24,620,914,1295,3453,820,626.0,612.0,586.0,529.0,944.0,901.0,911.0,871.0,1494.0,1340.0,1404.0,1438.0,4025.0,2281.0,1525.0,1725.0
2017-11-27,619,923,1299,3540,812,626.0,612.0,577.0,538.0,944.0,901.0,900.0,919.0,1559.0,1340.0,1492.0,1504.0,4129.0,2281.0,1772.0,1680.0
2017-11-28,620,929,1320,3659,798,628.0,612.0,573.0,538.0,944.0,901.0,895.0,919.0,1571.0,1340.0,1485.0,1504.0,4115.0,2281.0,1784.0,1680.0
2017-11-29,622,936,1368,3740,799,629.0,612.0,573.0,545.0,945.0,901.0,895.0,948.0,1563.0,1340.0,1485.0,1513.0,4126.0,2281.0,1784.0,1595.0
2017-11-30,623,941,1433,3848,794,630.0,612.0,573.0,557.0,944.0,901.0,895.0,973.0,1564.0,1340.0,1485.0,1513.0,4147.0,2281.0,1784.0,1560.0
2017-12-01,626,944,1494,4025,806,631.0,612.0,566.0,579.0,943.0,901.0,889.0,992.0,1588.0,1340.0,1450.0,1505.0,4193.0,2281.0,1748.0,1568.0
2017-12-04,626,944,1559,4129,820,632.0,607.0,547.0,590.0,939.0,894.0,872.0,1006.0,1624.0,1332.0,1359.0,1502.0,4272.0,2426.0,1470.0,1597.0
2017-12-05,628,944,1571,4115,821,633.0,604.0,543.0,590.0,942.0,884.0,865.0,1006.0,1672.0,1365.0,1339.0,1502.0,4293.0,2715.0,1433.0,1597.0
2017-12-06,629,945,1563,4126,822,633.0,600.0,543.0,595.0,943.0,884.0,865.0,1013.0,1718.0,1400.0,1339.0,1528.0,4211.0,2791.0,1433.0,1587.0
2017-12-07,630,944,1564,4147,824,635.0,594.0,543.0,599.0,944.0,886.0,865.0,1020.0,1714.0,1424.0,1339.0,1553.0,3936.0,2826.0,1433.0,1495.0
2017-12-08,631,943,1588,4193,823,636.0,594.0,538.0,607.0,942.0,886.0,857.0,1026.0,1677.0,1424.0,1316.0,1590.0,3777.0,2826.0,1519.0,1489.0
2017-12-11,632,939,1624,4272,814,637.0,589.0,526.0,615.0,943.0,898.0,825.0,1040.0,1643.0,1404.0,1250.0,1624.0,3656.0,2677.0,1790.0,1425.0
2017-12-12,633,942,1672,4293,814,636.0,587.0,520.0,615.0,938.0,902.0,819.0,1040.0,1593.0,1371.0,1237.0,1624.0,3510.0,2384.0,1824.0,1425.0
2017-12-13,633,943,1718,4211,812,632.0,587.0,520.0,617.0,933.0,907.0,819.0,1049.0,1546.0,1348.0,1237.0,1623.0,3216.0,2296.0,1824.0,1362.0
2017-12-14,635,944,1714,3936,812,627.0,585.0,520.0,622.0,925.0,908.0,819.0,1061.0,1445.0,1340.0,1237.0,1623.0,3115.0,2231.0,1824.0,1312.0
2017-12-15,636,942,1677,3777,814,625.0,585.0,518.0,626.0,914.0,908.0,817.0,1077.0,1395.0,1340.0,1228.0,1619.0,2830.0,2231.0,1793.0,1238.0
2017-12-18,637,943,1643,3656,815,612.0,581.0,515.0,629.0,901.0,910.0,837.0,1099.0,1340.0,1317.0,1273.0,1621.0,2281.0,1743.0,1608.0,1171.0
2017-12-19,636,938,1593,3510,820,612.0,580.0,517.0,629.0,901.0,910.0,840.0,1099.0,1340.0,1311.0,1294.0,1621.0,2281.0,1611.0,1597.0,1171.0
2017-12-20,632,933,1546,3216,824,612.0,584.0,517.0,630.0,901.0,911.0,840.0,1109.0,1340.0,1333.0,1294.0,1615.0,2281.0,1493.0,1597.0,1112.0
2017-12-21,627,925,1445,3115,825,612.0,585.0,517.0,634.0,901.0,913.0,840.0,1117.0,1340.0,1362.0,1294.0,1606.0,2281.0,1445.0,1597.0,1109.0
2017-12-22,625,914,1395,2830,831,612.0,585.0,519.0,639.0,901.0,913.0,847.0,1122.0,1340.0,1362.0,1333.0,1593.0,2281.0,1445.0,1678.0,1129.0
2018-01-02,612,901,1340,2281,827,592.0,552.0,590.0,650.0,889.0,877.0,1006.0,1067.0,1428.0,1378.0,1502.0,1455.0,2820.0,1528.0,1597.0,924.0
2018-01-03,607,894,1332,2426,700,589.0,547.0,590.0,650.0,898.0,872.0,1006.0,1067.0,1404.0,1359.0,1502.0,1455.0,2677.0,1470.0,1597.0,924.0
2018-01-04,604,884,1365,2715,683,587.0,543.0,590.0,648.0,902.0,865.0,1006.0,1056.0,1371.0,1339.0,1502.0,1397.0,2384.0,1433.0,1597.0,841.0
2018-01-05,600,884,1400,2791,676,587.0,543.0,595.0,644.0,907.0,865.0,1013.0,1042.0,1348.0,1339.0,1528.0,1343.0,2296.0,1433.0,1587.0,809.0
2018-01-08,594,886,1424,2826,680,585.0,532.0,611.0,638.0,908.0,844.0,1032.0,1024.0,1340.0,1293.0,1615.0,1315.0,2231.0,1578.0,1479.0,854.0
2018-01-09,592,889,1428,2820,682,583.0,529.0,615.0,638.0,910.0,833.0,1040.0,1024.0,1329.0,1263.0,1624.0,1315.0,2010.0,1662.0,1425.0,854.0
2018-01-10,589,898,1404,2677,691,581.0,526.0,615.0,636.0,910.0,825.0,1040.0,1016.0,1317.0,1250.0,1624.0,1319.0,1743.0,1790.0,1425.0,930.0
2018-01-11,587,902,1371,2384,685,580.0,520.0,615.0,634.0,910.0,819.0,1040.0,1014.0,1311.0,1237.0,1624.0,1325.0,1611.0,1824.0,1425.0,940.0
2018-01-12,587,907,1348,2296,681,584.0,520.0,617.0,630.0,911.0,819.0,1049.0,1014.0,1333.0,1237.0,1623.0,1335.0,1493.0,1824.0,1362.0,982.0
2018-01-15,585,908,1340,2231,684,585.0,516.0,627.0,626.0,913.0,823.0,1091.0,1016.0,1362.0,1231.0,1618.0,1359.0,1445.0,1721.0,1203.0,1061.0
2018-01-16,583,910,1329,2010,693,586.0,515.0,629.0,626.0,911.0,832.0,1099.0,1016.0,1404.0,1251.0,1621.0,1359.0,1525.0,1663.0,1171.0,1061.0
2018-01-17,581,910,1317,1743,717,584.0,515.0,629.0,626.0,908.0,837.0,1099.0,1018.0,1456.0,1273.0,1621.0,1353.0,1676.0,1608.0,1171.0,1152.0
2018-01-18,580,910,1311,1611,715,581.0,517.0,629.0,626.0,904.0,840.0,1099.0,1022.0,1481.0,1294.0,1621.0,1329.0,1752.0,1597.0,1171.0,1402.0
2018-01-19,584,911,1333,1493,707,577.0,517.0,630.0,623.0,900.0,840.0,1109.0,1022.0,1492.0,1294.0,1615.0,1306.0,1772.0,1597.0,1112.0,1668.0
2018-01-22,585,913,1362,1445,705,573.0,522.0,641.0,621.0,895.0,856.0,1121.0,1027.0,1485.0,1388.0,1587.0,1281.0,1784.0,1717.0,1157.0,2009.0
2018-01-23,586,911,1404,1525,702,566.0,529.0,645.0,621.0,889.0,871.0,1116.0,1027.0,1450.0,1438.0,1575.0,1281.0,1748.0,1725.0,1197.0,2009.0
2018-01-24,584,908,1456,1676,694,558.0,534.0,645.0,617.0,884.0,892.0,1116.0,1030.0,1411.0,1481.0,1575.0,1269.0,1613.0,1722.0,1197.0,2130.0
2018-01-25,581,904,1481,1752,691,552.0,538.0,645.0,614.0,877.0,919.0,1116.0,1037.0,1378.0,1504.0,1575.0,1264.0,1528.0,1680.0,1197.0,2314.0
2018-01-26,577,900,1492,1772,683,547.0,538.0,648.0,610.0,872.0,919.0,1106.0,1040.0,1359.0,1504.0,1552.0,1272.0,1470.0,1680.0,1191.0,2306.0
2018-01-29,573,895,1485,1784,682,543.0,557.0,650.0,603.0,865.0,973.0,1067.0,1045.0,1339.0,1513.0,1455.0,1276.0,1433.0,1560.0,924.0,2173.0
2018-01-30,566,889,1450,1748,679,538.0,579.0,650.0,603.0,857.0,992.0,1067.0,1045.0,1316.0,1505.0,1455.0,1276.0,1519.0,1568.0,924.0,2173.0
2018-01-31,558,884,1411,1613,670,532.0,586.0,650.0,601.0,844.0,1004.0,1067.0,1043.0,1293.0,1500.0,1455.0,1271.0,1578.0,1592.0,924.0,2136.0
2018-02-01,552,877,1378,1528,664,529.0,590.0,650.0,597.0,833.0,1006.0,1067.0,1043.0,1263.0,1502.0,1455.0,1271.0,1662.0,1597.0,924.0,2197.0
2018-02-02,547,872,1359,1470,661,526.0,590.0,650.0,591.0,825.0,1006.0,1067.0,1047.0,1250.0,1502.0,1455.0,1266.0,1790.0,1597.0,924.0,2308.0
2018-02-05,543,865,1339,1433,658,520.0,599.0,643.0,585.0,819.0,1020.0,1032.0,1051.0,1237.0,1553.0,1317.0,1257.0,1824.0,1495.0,824.0,2482.0
2018-02-06,538,857,1316,1519,654,518.0,607.0,638.0,585.0,817.0,1026.0,1024.0,1051.0,1228.0,1590.0,1315.0,1257.0,1793.0,1489.0,854.0,2482.0
2018-02-07,532,844,1293,1578,648,516.0,611.0,638.0,585.0,823.0,1032.0,1024.0,1051.0,1231.0,1615.0,1315.0,1257.0,1721.0,1479.0,854.0,2482.0
2018-02-08,529,833,1263,1662,648,515.0,615.0,638.0,585.0,832.0,1040.0,1024.0,1048.0,1251.0,1624.0,1315.0,1253.0,1663.0,1425.0,854.0,2616.0
2018-02-09,526,825,1250,1790,643,515.0,615.0,636.0,584.0,837.0,1040.0,1016.0,1052.0,1273.0,1624.0,1319.0,1246.0,1608.0,1425.0,930.0,2565.0
2018-02-12,520,819,1237,1824,642,517.0,622.0,628.0,585.0,840.0,1061.0,1013.0,1055.0,1294.0,1623.0,1351.0,1240.0,1597.0,1312.0,1038.0,2635.0
2018-02-13,518,817,1228,1793,640,519.0,626.0,626.0,585.0,847.0,1077.0,1016.0,1055.0,1333.0,1619.0,1359.0,1240.0,1678.0,1238.0,1061.0,2635.0
2018-02-14,516,823,1231,1721,637,522.0,627.0,626.0,586.0,856.0,1091.0,1016.0,1053.0,1388.0,1618.0,1359.0,1237.0,1717.0,1203.0,1061.0,2602.0
2018-02-15,515,832,1251,1663,642,529.0,629.0,626.0,587.0,871.0,1099.0,1016.0,1056.0,1438.0,1621.0,1359.0,1237.0,1725.0,1171.0,1061.0,2407.0
2018-02-16,515,837,1273,1608,649,534.0,629.0,626.0,589.0,892.0,1099.0,1018.0,1064.0,1481.0,1621.0,1353.0,1239.0,1722.0,1171.0,1152.0,2106.0
2018-02-19,517,840,1294,1597,649,538.0,634.0,621.0,591.0,919.0,1117.0,1025.0,1071.0,1504.0,1606.0,1289.0,1243.0,1680.0,1109.0,1915.0,1957.0
2018-02-20,519,847,1333,1678,645,545.0,639.0,621.0,591.0,948.0,1122.0,1027.0,1071.0,1513.0,1593.0,1281.0,1243.0,1595.0,1129.0,2009.0,1957.0
2018-02-21,522,856,1388,1717,641,557.0,641.0,621.0,590.0,973.0,1121.0,1027.0,1074.0,1513.0,1587.0,1281.0,1239.0,1560.0,1157.0,2009.0,1854.0
2018-02-22,529,871,1438,1725,640,579.0,645.0,621.0,591.0,992.0,1116.0,1027.0,1074.0,1505.0,1575.0,1281.0,1222.0,1568.0,1197.0,2009.0,1759.0
2018-02-23,534,892,1481,1722,645,586.0,645.0,617.0,590.0,1004.0,1116.0,1030.0,1074.0,1500.0,1575.0,1269.0,1202.0,1592.0,1197.0,2130.0,1551.0
2018-02-26,538,919,1504,1680,646,590.0,650.0,605.0,586.0,1006.0,1093.0,1042.0,1068.0,1502.0,1520.0,1275.0,1163.0,1597.0,1065.0,2251.0,1324.0
2018-02-27,545,948,1513,1595,652,595.0,652.0,603.0,586.0,1013.0,1080.0,1045.0,1068.0,1528.0,1495.0,1276.0,1163.0,1587.0,1010.0,2173.0,1324.0
2018-02-28,557,973,1513,1560,658,599.0,650.0,603.0,586.0,1020.0,1067.0,1045.0,1068.0,1553.0,1455.0,1276.0,1163.0,1495.0,924.0,2173.0,1324.0
2018-03-01,579,992,1505,1568,658,607.0,650.0,603.0,584.0,1026.0,1067.0,1045.0,1064.0,1590.0,1455.0,1276.0,1149.0,1489.0,924.0,2173.0,1276.0
2018-03-02,586,1004,1500,1592,662,611.0,650.0,601.0,583.0,1032.0,1067.0,1043.0,1063.0,1615.0,1455.0,1271.0,1160.0,1479.0,924.0,2136.0,1401.0
2018-03-05,590,1006,1502,1597,669,615.0,648.0,589.0,583.0,1040.0,1056.0,1050.0,1061.0,1624.0,1397.0,1265.0,1217.0,1425.0,841.0,2337.0,1712.0
2018-03-06,595,1013,1528,1587,664,617.0,644.0,585.0,583.0,1049.0,1042.0,1051.0,1061.0,1623.0,1343.0,1257.0,1217.0,1362.0,809.0,2482.0,1712.0
2018-03-07,599,1020,1553,1495,654,622.0,643.0,585.0,584.0,1061.0,1032.0,1051.0,1065.0,1623.0,1317.0,1257.0,1250.0,1312.0,824.0,2482.0,1835.0
2018-03-08,607,1026,1590,1489,648,626.0,638.0,585.0,583.0,1077.0,1024.0,1051.0,1065.0,1619.0,1315.0,1257.0,1290.0,1238.0,854.0,2482.0,2088.0
2018-03-09,611,1032,1615,1479,651,627.0,638.0,585.0,583.0,1091.0,1024.0,1051.0,1072.0,1618.0,1315.0,1257.0,1344.0,1203.0,854.0,2482.0,2220.0
2018-03-12,615,1040,1624,1425,653,629.0,634.0,584.0,586.0,1099.0,1014.0,1053.0,1078.0,1621.0,1325.0,1245.0,1451.0,1171.0,940.0,2630.0,2091.0
2018-03-13,617,1049,1623,1362,648,630.0,630.0,585.0,586.0,1109.0,1014.0,1055.0,1078.0,1615.0,1335.0,1240.0,1451.0,1112.0,982.0,2635.0,2091.0
2018-03-14,622,1061,1623,1312,642,634.0,628.0,585.0,588.0,1117.0,1013.0,1055.0,1084.0,1606.0,1351.0,1240.0,1474.0,1109.0,1038.0,2635.0,2068.0
2018-03-15,626,1077,1619,1238,641,639.0,626.0,585.0,591.0,1122.0,1016.0,1055.0,1088.0,1593.0,1359.0,1240.0,1488.0,1129.0,1061.0,2635.0,2091.0
2018-03-16,627,1091,1618,1203,639,641.0,626.0,586.0,592.0,1121.0,1016.0,1053.0,1089.0,1587.0,1359.0,1237.0,1498.0,1157.0,1061.0,2602.0,2184.0
2018-03-19,629,1099,1621,1171,635,645.0,626.0,590.0,595.0,1116.0,1022.0,1069.0,1092.0,1575.0,1329.0,1241.0,1482.0,1197.0,1402.0,2053.0,2228.0
2018-03-20,630,1109,1615,1112,636,648.0,623.0,591.0,595.0,1106.0,1022.0,1071.0,1092.0,1552.0,1306.0,1243.0,1482.0,1191.0,1668.0,1957.0,2228.0
2018-03-21,634,1117,1606,1109,645,650.0,621.0,591.0,594.0,1093.0,1025.0,1071.0,1093.0,1520.0,1289.0,1243.0,1458.0,1065.0,1915.0,1957.0,2187.0
2018-03-22,639,1122,1593,1129,649,652.0,621.0,591.0,593.0,1080.0,1027.0,1071.0,1094.0,1495.0,1281.0,1243.0,1419.0,1010.0,2009.0,1957.0,2090.0
2018-03-23,641,1121,1587,1157,652,650.0,621.0,590.0,592.0,1067.0,1027.0,1074.0,1094.0,1455.0,1281.0,1239.0,1382.0,924.0,2009.0,1854.0,2038.0
2018-03-26,645,1116,1575,1197,656,650.0,614.0,587.0,592.0,1067.0,1037.0,1071.0,1085.0,1455.0,1264.0,1187.0,1339.0,924.0,2314.0,1395.0,2001.0
2018-03-27,648,1106,1552,1191,658,650.0,610.0,586.0,592.0,1067.0,1040.0,1068.0,1085.0,1455.0,1272.0,1163.0,1339.0,924.0,2306.0,1324.0,2001.0
2018-03-28,650,1093,1520,1065,662,648.0,605.0,586.0,589.0,1056.0,1042.0,1068.0,1078.0,1397.0,1275.0,1163.0,1321.0,841.0,2251.0,1324.0,1986.0
2018-03-29,652,1080,1495,1010,662,644.0,603.0,586.0,585.0,1042.0,1045.0,1068.0,1067.0,1343.0,1276.0,1163.0,1324.0,809.0,2173.0,1324.0,1942.0
2018-04-03,650,1067,1455,924,661,636.0,591.0,583.0,575.0,1016.0,1047.0,1061.0,1034.0,1319.0,1266.0,1217.0,1338.0,930.0,2308.0,1712.0,2304.0
2018-04-04,648,1056,1397,841,651,634.0,589.0,583.0,571.0,1014.0,1050.0,1061.0,1025.0,1325.0,1265.0,1217.0,1336.0,940.0,2337.0,1712.0,2478.0
2018-04-05,644,1042,1343,809,648,630.0,585.0,583.0,569.0,1014.0,1051.0,1061.0,1017.0,1335.0,1257.0,1217.0,1334.0,982.0,2482.0,1712.0,2743.0
2018-04-06,643,1032,1317,824,646,628.0,585.0,584.0,565.0,1013.0,1051.0,1065.0,1005.0,1351.0,1257.0,1250.0,1339.0,1038.0,2482.0,1835.0,3013.0
2018-04-09,638,1024,1315,854,643,626.0,585.0,584.0,562.0,1016.0,1048.0,1075.0,997.0,1359.0,1253.0,1418.0,1367.0,1061.0,2616.0,2151.0,3016.0
2018-04-10,636,1016,1319,930,637,626.0,584.0,586.0,562.0,1018.0,1052.0,1078.0,997.0,1353.0,1246.0,1451.0,1367.0,1152.0,2565.0,2091.0,3016.0
2018-04-11,634,1014,1325,940,631,626.0,584.0,586.0,560.0,1022.0,1053.0,1078.0,994.0,1329.0,1245.0,1451.0,1431.0,1402.0,2630.0,2091.0,2792.0
2018-04-12,630,1014,1335,982,628,623.0,585.0,586.0,558.0,1022.0,1055.0,1078.0,992.0,1306.0,1240.0,1451.0,1498.0,1668.0,2635.0,2091.0,2793.0
2018-04-13,628,1013,1351,1038,639,621.0,585.0,588.0,558.0,1025.0,1055.0,1084.0,994.0,1289.0,1240.0,1474.0,1517.0,1915.0,2635.0,2068.0,3041.0
2018-04-16,626,1016,1359,1061,640,621.0,587.0,593.0,559.0,1027.0,1056.0,1091.0,998.0,1281.0,1237.0,1495.0,1529.0,2009.0,2407.0,2223.0,3238.0
2018-04-17,626,1018,1353,1152,638,617.0,589.0,595.0,559.0,1030.0,1064.0,1092.0,998.0,1269.0,1239.0,1482.0,1529.0,2130.0,2106.0,2228.0,3238.0
2018-04-18,626,1022,1329,1402,636,614.0,590.0,595.0,561.0,1037.0,1069.0,1092.0,1003.0,1264.0,1241.0,1482.0,1530.0,2314.0,2053.0,2228.0,3335.0
2018-04-19,623,1022,1306,1668,635,610.0,591.0,595.0,561.0,1040.0,1071.0,1092.0,1008.0,1272.0,1243.0,1482.0,1529.0,2306.0,1957.0,2228.0,3230.0
2018-04-20,621,1025,1289,1915,637,605.0,591.0,594.0,561.0,1042.0,1071.0,1093.0,1016.0,1275.0,1243.0,1458.0,1538.0,2251.0,1957.0,2187.0,3130.0
2018-04-23,621,1027,1281,2009,637,603.0,591.0,593.0,560.0,1045.0,1074.0,1092.0,1028.0,1276.0,1222.0,1355.0,1566.0,2173.0,1759.0,2011.0,3304.0
2018-04-24,617,1030,1269,2130,639,601.0,590.0,592.0,560.0,1043.0,1074.0,1085.0,1028.0,1271.0,1202.0,1339.0,1566.0,2136.0,1551.0,2001.0,3304.0
2018-04-25,614,1037,1264,2314,637,597.0,587.0,592.0,559.0,1043.0,1071.0,1085.0,1030.0,1271.0,1187.0,1339.0,1581.0,2197.0,1395.0,2001.0,3461.0
2018-04-26,610,1040,1272,2306,639,591.0,586.0,592.0,556.0,1047.0,1068.0,1085.0,1033.0,1266.0,1163.0,1339.0,1588.0,2308.0,1324.0,2001.0,3462.0
2018-04-27,605,1042,1275,2251,648,589.0,586.0,589.0,554.0,1050.0,1068.0,1078.0,1034.0,1265.0,1163.0,1321.0,1583.0,2337.0,1324.0,1986.0,3303.0
2018-04-30,603,1045,1276,2173,655,585.0,584.0,581.0,551.0,1051.0,1064.0,1042.0,1035.0,1257.0,1149.0,1336.0,1587.0,2482.0,1276.0,2170.0,3280.0
2018-05-01,601,1043,1271,2136,656,585.0,583.0,575.0,551.0,1051.0,1063.0,1034.0,1035.0,1257.0,1160.0,1338.0,1587.0,2482.0,1401.0,2304.0,3280.0
2018-05-02,597,1043,1271,2197,655,585.0,583.0,575.0,549.0,1048.0,1061.0,1034.0,1035.0,1253.0,1192.0,1338.0,1570.0,2616.0,1602.0,2304.0,3471.0
2018-05-03,591,1047,1266,2308,647,584.0,583.0,575.0,547.0,1052.0,1061.0,1034.0,1036.0,1246.0,1217.0,1338.0,1539.0,2565.0,1712.0,2304.0,3515.0
2018-05-04,589,1050,1265,2337,648,584.0,583.0,571.0,544.0,1053.0,1061.0,1025.0,1032.0,1245.0,1217.0,1336.0,1491.0,2630.0,1712.0,2478.0,3534.0
2018-05-08,585,1051,1257,2482,650,586.0,583.0,562.0,542.0,1053.0,1072.0,997.0,1030.0,1237.0,1344.0,1367.0,1420.0,2602.0,2220.0,3016.0,3654.0
2018-05-09,585,1048,1253,2616,655,587.0,584.0,562.0,541.0,1056.0,1075.0,997.0,1032.0,1237.0,1418.0,1367.0,1386.0,2407.0,2151.0,3016.0,3550.0
2018-05-10,584,1052,1246,2565,656,589.0,586.0,562.0,541.0,1064.0,1078.0,997.0,1035.0,1239.0,1451.0,1367.0,1365.0,2106.0,2091.0,3016.0,3483.0
2018-05-11,584,1053,1245,2630,656,590.0,586.0,560.0,543.0,1069.0,1078.0,994.0,1036.0,1241.0,1451.0,1431.0,1349.0,2053.0,2091.0,2792.0,3472.0
2018-05-14,585,1055,1240,2635,657,591.0,591.0,559.0,543.0,1071.0,1088.0,995.0,1040.0,1243.0,1488.0,1527.0,1339.0,1957.0,2091.0,3156.0,3536.0
2018-05-15,586,1053,1237,2602,656,590.0,592.0,559.0,543.0,1074.0,1089.0,998.0,1040.0,1239.0,1498.0,1529.0,1339.0,1854.0,2184.0,3238.0,3536.0
2018-05-16,587,1056,1237,2407,667,591.0,593.0,559.0,543.0,1074.0,1091.0,998.0,1042.0,1222.0,1495.0,1529.0,1362.0,1759.0,2223.0,3238.0,3587.0
2018-05-17,589,1064,1239,2106,681,590.0,595.0,559.0,543.0,1074.0,1092.0,998.0,1045.0,1202.0,1482.0,1529.0,1403.0,1551.0,2228.0,3238.0,3560.0
2018-05-18,590,1069,1241,2053,692,587.0,595.0,561.0,544.0,1071.0,1092.0,1003.0,1050.0,1187.0,1482.0,1530.0,1447.0,1395.0,2228.0,3335.0,3476.0
2018-05-21,591,1071,1243,1957,714,586.0,593.0,560.0,543.0,1068.0,1094.0,1023.0,1062.0,1163.0,1419.0,1557.0,1506.0,1324.0,2090.0,3205.0,3424.0
2018-05-22,590,1074,1239,1854,729,586.0,592.0,560.0,543.0,1068.0,1094.0,1028.0,1062.0,1163.0,1382.0,1566.0,1506.0,1324.0,2038.0,3304.0,3424.0
2018-05-23,591,1074,1222,1759,748,584.0,593.0,560.0,543.0,1064.0,1092.0,1028.0,1069.0,1149.0,1355.0,1566.0,1530.0,1276.0,2011.0,3304.0,3426.0
2018-05-24,590,1074,1202,1551,761,583.0,592.0,560.0,548.0,1063.0,1085.0,1028.0,1078.0,1160.0,1339.0,1566.0,1560.0,1401.0,2001.0,3304.0,3371.0
2018-05-25,587,1071,1187,1395,776,583.0,592.0,559.0,547.0,1061.0,1085.0,1030.0,1087.0,1192.0,1339.0,1581.0,1607.0,1602.0,2001.0,3461.0,3232.0
2018-05-29,586,1068,1163,1324,781,584.0,583.0,551.0,554.0,1065.0,1055.0,1035.0,1110.0,1250.0,1331.0,1587.0,1643.0,1835.0,2025.0,3280.0,3088.0
2018-05-30,584,1064,1149,1276,779,583.0,581.0,551.0,554.0,1065.0,1042.0,1035.0,1110.0,1290.0,1336.0,1587.0,1643.0,2088.0,2170.0,3280.0,3088.0
2018-05-31,583,1063,1160,1401,768,583.0,575.0,551.0,556.0,1072.0,1034.0,1035.0,1121.0,1344.0,1338.0,1587.0,1639.0,2220.0,2304.0,3280.0,2994.0
2018-06-01,583,1061,1192,1602,754,584.0,575.0,549.0,559.0,1075.0,1034.0,1035.0,1128.0,1418.0,1338.0,1570.0,1608.0,2151.0,2304.0,3471.0,2826.0
2018-06-04,583,1061,1217,1712,754,586.0,569.0,543.0,563.0,1078.0,1017.0,1030.0,1133.0,1451.0,1334.0,1447.0,1540.0,2091.0,2743.0,3632.0,2672.0
2018-06-05,584,1065,1250,1835,749,588.0,565.0,542.0,563.0,1084.0,1005.0,1030.0,1133.0,1474.0,1339.0,1420.0,1540.0,2068.0,3013.0,3654.0,2672.0
2018-06-06,583,1065,1290,2088,745,591.0,563.0,542.0,564.0,1088.0,999.0,1030.0,1135.0,1488.0,1347.0,1420.0,1517.0,2091.0,3086.0,3654.0,2535.0
2018-06-07,583,1072,1344,2220,735,592.0,562.0,542.0,565.0,1089.0,997.0,1030.0,1135.0,1498.0,1367.0,1420.0,1504.0,2184.0,3016.0,3654.0,2410.0
2018-06-08,584,1075,1418,2151,731,593.0,562.0,541.0,565.0,1091.0,997.0,1032.0,1135.0,1495.0,1367.0,1386.0,1516.0,2223.0,3016.0,3550.0,2424.0
2018-06-11,586,1078,1451,2091,734,595.0,558.0,542.0,569.0,1092.0,992.0,1039.0,1136.0,1482.0,1498.0,1339.0,1544.0,2228.0,2793.0,3480.0,2363.0
2018-06-12,588,1084,1474,2068,746,594.0,558.0,543.0,569.0,1093.0,994.0,1040.0,1136.0,1458.0,1517.0,1339.0,1544.0,2187.0,3041.0,3536.0,2363.0
2018-06-13,591,1088,1488,2091,751,593.0,559.0,543.0,572.0,1094.0,995.0,1040.0,1135.0,1419.0,1527.0,1339.0,1556.0,2090.0,3156.0,3536.0,2191.0
2018-06-14,592,1089,1498,2184,768,592.0,559.0,543.0,576.0,1094.0,998.0,1040.0,1134.0,1382.0,1529.0,1339.0,1550.0,2038.0,3238.0,3536.0,2074.0
2018-06-15,593,1091,1495,2223,760,593.0,559.0,543.0,581.0,1092.0,998.0,1042.0,1132.0,1355.0,1529.0,1362.0,1534.0,2011.0,3238.0,3587.0,1980.0
2018-06-18,595,1092,1482,2228,746,592.0,561.0,545.0,596.0,1085.0,1008.0,1056.0,1138.0,1339.0,1529.0,1485.0,1518.0,2001.0,3230.0,3454.0,1853.0
2018-06-19,594,1093,1458,2187,736,589.0,561.0,543.0,596.0,1078.0,1016.0,1062.0,1138.0,1321.0,1538.0,1506.0,1518.0,1986.0,3130.0,3424.0,1853.0
2018-06-20,593,1094,1419,2090,743,585.0,560.0,543.0,600.0,1067.0,1023.0,1062.0,1151.0,1324.0,1557.0,1506.0,1525.0,1942.0,3205.0,3424.0,1826.0
2018-06-21,592,1094,1382,2038,743,583.0,560.0,543.0,604.0,1055.0,1028.0,1062.0,1159.0,1331.0,1566.0,1506.0,1530.0,2025.0,3304.0,3424.0,1850.0
2018-06-22,593,1092,1355,2011,742,581.0,560.0,543.0,612.0,1042.0,1028.0,1069.0,1169.0,1336.0,1566.0,1530.0,1557.0,2170.0,3304.0,3426.0,1838.0
2018-06-25,592,1085,1339,2001,745,575.0,556.0,551.0,622.0,1034.0,1033.0,1095.0,1185.0,1338.0,1588.0,1630.0,1609.0,2304.0,3462.0,3164.0,1864.0
2018-06-26,589,1078,1321,1986,745,571.0,554.0,554.0,622.0,1025.0,1034.0,1110.0,1185.0,1336.0,1583.0,1643.0,1609.0,2478.0,3303.0,3088.0,1864.0
2018-06-27,585,1067,1324,1942,735,569.0,553.0,554.0,622.0,1017.0,1035.0,1110.0,1190.0,1334.0,1588.0,1643.0,1639.0,2743.0,3197.0,3088.0,1868.0
2018-06-28,583,1055,1331,2025,727,565.0,551.0,554.0,626.0,1005.0,1035.0,1110.0,1194.0,1339.0,1587.0,1643.0,1677.0,3013.0,3280.0,3088.0,1910.0
2018-06-29,581,1042,1336,2170,724,563.0,551.0,554.0,627.0,999.0,1035.0,1110.0,1195.0,1347.0,1587.0,1643.0,1689.0,3086.0,3280.0,3088.0,1949.0
2018-07-02,575,1034,1338,2304,712,562.0,547.0,562.0,630.0,997.0,1036.0,1132.0,1193.0,1367.0,1539.0,1571.0,1692.0,3016.0,3515.0,2732.0,2061.0
2018-07-03,571,1025,1336,2478,705,560.0,544.0,563.0,630.0,994.0,1032.0,1133.0,1193.0,1431.0,1491.0,1540.0,1692.0,2792.0,3534.0,2672.0,2061.0
2018-07-04,569,1017,1334,2743,702,558.0,543.0,563.0,631.0,992.0,1030.0,1133.0,1189.0,1498.0,1447.0,1540.0,1678.0,2793.0,3632.0,2672.0,2148.0
2018-07-05,565,1005,1339,3013,705,558.0,542.0,563.0,633.0,994.0,1030.0,1133.0,1190.0,1517.0,1420.0,1540.0,1679.0,3041.0,3654.0,2672.0,2199.0
2018-07-06,563,999,1347,3086,710,559.0,542.0,564.0,634.0,995.0,1030.0,1135.0,1192.0,1527.0,1420.0,1517.0,1706.0,3156.0,3654.0,2535.0,2148.0
2018-07-09,562,997,1367,3016,721,559.0,541.0,568.0,639.0,998.0,1035.0,1134.0,1201.0,1529.0,1365.0,1528.0,1749.0,3238.0,3483.0,2411.0,2042.0
2018-07-10,560,994,1431,2792,729,561.0,543.0,569.0,639.0,1003.0,1036.0,1136.0,1201.0,1530.0,1349.0,1544.0,1749.0,3335.0,3472.0,2363.0,2042.0
2018-07-11,558,992,1498,2793,732,561.0,542.0,569.0,643.0,1008.0,1039.0,1136.0,1203.0,1529.0,1339.0,1544.0,1747.0,3230.0,3480.0,2363.0,1961.0
2018-07-12,558,994,1517,3041,741,561.0,543.0,569.0,647.0,1016.0,1040.0,1136.0,1205.0,1538.0,1339.0,1544.0,1749.0,3130.0,3536.0,2363.0,1949.0
2018-07-13,559,995,1527,3156,738,560.0,543.0,572.0,652.0,1023.0,1040.0,1135.0,1207.0,1557.0,1339.0,1556.0,1763.0,3205.0,3536.0,2191.0,2005.0
2018-07-16,559,998,1529,3238,744,560.0,543.0,588.0,661.0,1028.0,1045.0,1134.0,1200.0,1566.0,1403.0,1523.0,1779.0,3304.0,3560.0,1900.0,2189.0
2018-07-17,561,1003,1530,3335,738,559.0,544.0,596.0,661.0,1030.0,1050.0,1138.0,1200.0,1581.0,1447.0,1518.0,1779.0,3461.0,3476.0,1853.0,2189.0
2018-07-18,561,1008,1529,3230,723,556.0,545.0,596.0,663.0,1033.0,1056.0,1138.0,1196.0,1588.0,1485.0,1518.0,1793.0,3462.0,3454.0,1853.0,2164.0
2018-07-19,561,1016,1538,3130,714,554.0,543.0,596.0,665.0,1034.0,1062.0,1138.0,1192.0,1583.0,1506.0,1518.0,1796.0,3303.0,3424.0,1853.0,2106.0
2018-07-20,560,1023,1557,3205,713,553.0,543.0,600.0,668.0,1035.0,1062.0,1151.0,1181.0,1588.0,1506.0,1525.0,1789.0,3197.0,3424.0,1826.0,2176.0
2018-07-23,560,1028,1566,3304,723,551.0,548.0,617.0,671.0,1035.0,1078.0,1175.0,1163.0,1587.0,1560.0,1586.0,1756.0,3280.0,3371.0,1840.0,2296.0
2018-07-24,559,1030,1581,3461,727,549.0,547.0,622.0,671.0,1035.0,1087.0,1185.0,1163.0,1570.0,1607.0,1609.0,1756.0,3471.0,3232.0,1864.0,2296.0
2018-07-25,556,1033,1588,3462,748,547.0,551.0,622.0,673.0,1036.0,1095.0,1185.0,1156.0,1539.0,1630.0,1609.0,1715.0,3515.0,3164.0,1864.0,2363.0
2018-07-26,554,1034,1583,3303,753,544.0,554.0,622.0,675.0,1032.0,1110.0,1185.0,1144.0,1491.0,1643.0,1609.0,1669.0,3534.0,3088.0,1864.0,2388.0
2018-07-27,553,1035,1588,3197,755,543.0,554.0,622.0,676.0,1030.0,1110.0,1190.0,1132.0,1447.0,1643.0,1639.0,1622.0,3632.0,3088.0,1868.0,2353.0
2018-07-30,551,1035,1587,3280,759,542.0,556.0,629.0,675.0,1030.0,1121.0,1194.0,1106.0,1420.0,1639.0,1695.0,1556.0,3654.0,2994.0,2000.0,2607.0
2018-07-31,549,1035,1570,3471,768,541.0,559.0,630.0,675.0,1032.0,1128.0,1193.0,1106.0,1386.0,1608.0,1692.0,1556.0,3550.0,2826.0,2061.0,2607.0
2018-08-01,547,1036,1539,3515,768,541.0,562.0,630.0,675.0,1035.0,1132.0,1193.0,1087.0,1365.0,1571.0,1692.0,1530.0,3483.0,2732.0,2061.0,2630.0
2018-08-02,544,1032,1491,3534,760,543.0,563.0,630.0,671.0,1036.0,1133.0,1193.0,1073.0,1349.0,1540.0,1692.0,1524.0,3472.0,2672.0,2061.0,2596.0
2018-08-03,543,1030,1447,3632,756,542.0,563.0,631.0,668.0,1039.0,1133.0,1189.0,1061.0,1339.0,1540.0,1678.0,1526.0,3480.0,2672.0,2148.0,2530.0
2018-08-06,542,1030,1420,3654,758,543.0,565.0,637.0,665.0,1040.0,1135.0,1197.0,1041.0,1339.0,1504.0,1727.0,1531.0,3536.0,2410.0,2081.0,2397.0
2018-08-07,541,1032,1386,3550,749,543.0,565.0,639.0,665.0,1042.0,1135.0,1201.0,1041.0,1362.0,1516.0,1749.0,1531.0,3587.0,2424.0,2042.0,2397.0
2018-08-08,541,1035,1365,3483,733,543.0,568.0,639.0,663.0,1045.0,1134.0,1201.0,1033.0,1403.0,1528.0,1749.0,1528.0,3560.0,2411.0,2042.0,2296.0
2018-08-09,543,1036,1349,3472,725,544.0,569.0,639.0,660.0,1050.0,1136.0,1201.0,1021.0,1447.0,1544.0,1749.0,1511.0,3476.0,2363.0,2042.0,1968.0
2018-08-10,542,1039,1339,3480,717,545.0,569.0,643.0,658.0,1056.0,1136.0,1203.0,1013.0,1485.0,1544.0,1747.0,1496.0,3454.0,2363.0,1961.0,1747.0
2018-08-13,543,1040,1339,3536,713,543.0,576.0,657.0,654.0,1062.0,1134.0,1204.0,994.0,1506.0,1550.0,1775.0,1496.0,3424.0,2074.0,2169.0,1398.0
2018-08-14,543,1042,1362,3587,715,543.0,581.0,661.0,654.0,1069.0,1132.0,1200.0,994.0,1530.0,1534.0,1779.0,1496.0,3426.0,1980.0,2189.0,1398.0
2018-08-15,543,1045,1403,3560,723,548.0,588.0,661.0,653.0,1078.0,1134.0,1200.0,986.0,1560.0,1523.0,1779.0,1498.0,3371.0,1900.0,2189.0,1153.0
2018-08-16,544,1050,1447,3476,731,547.0,596.0,661.0,652.0,1087.0,1138.0,1200.0,982.0,1607.0,1518.0,1779.0,1484.0,3232.0,1853.0,2189.0,940.0
2018-08-17,545,1056,1485,3454,736,551.0,596.0,663.0,649.0,1095.0,1138.0,1196.0,970.0,1630.0,1518.0,1793.0,1466.0,3164.0,1853.0,2164.0,1007.0
2018-08-20,543,1062,1506,3424,753,554.0,604.0,670.0,645.0,1110.0,1159.0,1170.0,964.0,1643.0,1530.0,1775.0,1437.0,3088.0,1850.0,2230.0,1050.0
2018-08-21,543,1069,1530,3426,774,554.0,612.0,671.0,645.0,1110.0,1169.0,1163.0,964.0,1643.0,1557.0,1756.0,1437.0,3088.0,1838.0,2296.0,1050.0
2018-08-22,548,1078,1560,3371,792,556.0,617.0,671.0,644.0,1121.0,1175.0,1163.0,963.0,1639.0,1586.0,1756.0,1416.0,2994.0,1840.0,2296.0,1002.0
2018-08-23,547,1087,1607,3232,791,559.0,622.0,671.0,642.0,1128.0,1185.0,1163.0,959.0,1608.0,1609.0,1756.0,1393.0,2826.0,1864.0,2296.0,1056.0
2018-08-24,551,1095,1630,3164,794,562.0,622.0,673.0,638.0,1132.0,1185.0,1156.0,956.0,1571.0,1609.0,1715.0,1378.0,2732.0,1864.0,2363.0,1089.0
2018-08-28,554,1110,1643,3088,804,564.0,627.0,675.0,633.0,1135.0,1195.0,1106.0,947.0,1517.0,1689.0,1556.0,1389.0,2535.0,1949.0,2607.0,1789.0
2018-08-29,556,1121,1639,2994,795,565.0,629.0,675.0,631.0,1135.0,1194.0,1106.0,943.0,1504.0,1695.0,1556.0,1416.0,2410.0,2000.0,2607.0,2170.0
2018-08-30,559,1128,1608,2826,789,565.0,630.0,675.0,629.0,1135.0,1193.0,1106.0,942.0,1516.0,1692.0,1556.0,1444.0,2424.0,2061.0,2607.0,2121.0
2018-08-31,562,1132,1571,2732,787,568.0,630.0,675.0,628.0,1134.0,1193.0,1087.0,945.0,1528.0,1692.0,1530.0,1455.0,2411.0,2061.0,2630.0,1950.0
2018-09-03,563,1133,1540,2672,786,569.0,633.0,666.0,626.0,1136.0,1190.0,1051.0,945.0,1544.0,1679.0,1530.0,1469.0,2363.0,2199.0,2502.0,1638.0
2018-09-04,564,1135,1517,2535,780,572.0,634.0,665.0,626.0,1135.0,1192.0,1041.0,945.0,1556.0,1706.0,1531.0,1469.0,2191.0,2148.0,2397.0,1638.0
2018-09-05,565,1135,1504,2410,772,576.0,637.0,665.0,625.0,1134.0,1197.0,1041.0,949.0,1550.0,1727.0,1531.0,1474.0,2074.0,2081.0,2397.0,1739.0
2018-09-06,565,1135,1516,2424,778,581.0,639.0,665.0,625.0,1132.0,1201.0,1041.0,950.0,1534.0,1749.0,1531.0,1472.0,1980.0,2042.0,2397.0,1925.0
2018-09-07,568,1134,1528,2411,778,588.0,639.0,663.0,625.0,1134.0,1201.0,1033.0,951.0,1523.0,1749.0,1528.0,1473.0,1900.0,2042.0,2296.0,2080.0
2018-09-10,569,1136,1544,2363,785,596.0,647.0,656.0,624.0,1138.0,1205.0,1003.0,955.0,1518.0,1749.0,1495.0,1464.0,1853.0,1949.0,1461.0,2244.0
2018-09-11,572,1135,1556,2191,784,600.0,652.0,654.0,624.0,1151.0,1207.0,994.0,955.0,1525.0,1763.0,1496.0,1464.0,1826.0,2005.0,1398.0,2244.0
2018-09-12,576,1134,1550,2074,774,604.0,657.0,654.0,623.0,1159.0,1204.0,994.0,958.0,1530.0,1775.0,1496.0,1454.0,1850.0,2169.0,1398.0,2183.0
2018-09-13,581,1132,1534,1980,769,612.0,661.0,654.0,622.0,1169.0,1200.0,994.0,963.0,1557.0,1779.0,1496.0,1445.0,1838.0,2189.0,1398.0,2153.0
2018-09-14,588,1134,1523,1900,770,617.0,661.0,653.0,621.0,1175.0,1200.0,986.0,968.0,1586.0,1779.0,1498.0,1459.0,1840.0,2189.0,1153.0,2180.0
2018-09-17,596,1138,1518,1853,765,622.0,665.0,646.0,614.0,1185.0,1192.0,969.0,978.0,1609.0,1796.0,1453.0,1490.0,1864.0,2106.0,1057.0,2433.0
2018-09-18,600,1151,1525,1826,763,622.0,668.0,645.0,614.0,1190.0,1181.0,964.0,978.0,1639.0,1789.0,1437.0,1490.0,1868.0,2176.0,1050.0,2433.0
2018-09-19,604,1159,1530,1850,766,626.0,670.0,645.0,611.0,1194.0,1170.0,964.0,977.0,1677.0,1775.0,1437.0,1494.0,1910.0,2230.0,1050.0,2393.0
2018-09-20,612,1169,1557,1838,773,627.0,671.0,645.0,607.0,1195.0,1163.0,964.0,979.0,1689.0,1756.0,1437.0,1492.0,1949.0,2296.0,1050.0,2264.0
2018-09-21,617,1175,1586,1840,780,629.0,671.0,644.0,602.0,1194.0,1163.0,963.0,979.0,1695.0,1756.0,1416.0,1473.0,2000.0,2296.0,1002.0,2071.0
2018-09-24,622,1185,1609,1864,791,630.0,675.0,635.0,596.0,1193.0,1144.0,952.0,975.0,1692.0,1669.0,1376.0,1421.0,2061.0,2388.0,1358.0,1905.0
2018-09-25,622,1190,1639,1868,794,631.0,676.0,633.0,596.0,1189.0,1132.0,947.0,975.0,1678.0,1622.0,1389.0,1421.0,2148.0,2353.0,1789.0,1905.0
2018-09-26,626,1194,1677,1910,801,633.0,675.0,633.0,588.0,1190.0,1117.0,947.0,967.0,1679.0,1583.0,1389.0,1391.0,2199.0,2526.0,1789.0,1987.0
2018-09-27,627,1195,1689,1949,804,634.0,675.0,633.0,588.0,1192.0,1106.0,947.0,967.0,1706.0,1556.0,1389.0,1391.0,2148.0,2607.0,1789.0,1987.0
2018-09-28,629,1194,1695,2000,805,637.0,675.0,631.0,588.0,1197.0,1106.0,943.0,967.0,1727.0,1556.0,1416.0,1391.0,2081.0,2607.0,2170.0,1987.0
2018-10-01,630,1193,1692,2061,791,639.0,671.0,626.0,588.0,1201.0,1073.0,944.0,967.0,1749.0,1524.0,1463.0,1391.0,2042.0,2596.0,1755.0,1987.0
2018-10-02,631,1189,1678,2148,793,643.0,668.0,626.0,588.0,1203.0,1061.0,945.0,967.0,1747.0,1526.0,1469.0,1391.0,1961.0,2530.0,1638.0,1987.0
2018-10-03,633,1190,1679,2199,801,647.0,666.0,626.0,588.0,1205.0,1051.0,945.0,967.0,1749.0,1530.0,1469.0,1391.0,1949.0,2502.0,1638.0,1987.0
2018-10-04,634,1192,1706,2148,808,652.0,665.0,626.0,588.0,1207.0,1041.0,945.0,967.0,1763.0,1531.0,1469.0,1391.0,2005.0,2397.0,1638.0,1987.0
2018-10-05,637,1197,1727,2081,837,657.0,665.0,625.0,578.0,1204.0,1041.0,949.0,958.0,1775.0,1531.0,1474.0,1365.0,2169.0,2397.0,1739.0,1963.0
2018-10-08,639,1201,1749,2042,853,661.0,660.0,625.0,563.0,1200.0,1021.0,953.0,933.0,1779.0,1511.0,1469.0,1300.0,2189.0,1968.0,2197.0,2016.0
2018-10-09,643,1203,1747,1961,858,663.0,658.0,624.0,563.0,1196.0,1013.0,955.0,933.0,1793.0,1496.0,1464.0,1300.0,2164.0,1747.0,2244.0,2016.0
2018-10-10,647,1205,1749,1949,875,665.0,656.0,624.0,556.0,1192.0,1003.0,955.0,918.0,1796.0,1495.0,1464.0,1257.0,2106.0,1461.0,2244.0,2117.0
2018-10-11,652,1207,1763,2005,890,668.0,654.0,624.0,546.0,1181.0,994.0,955.0,893.0,1789.0,1496.0,1464.0,1218.0,2176.0,1398.0,2244.0,2078.0
2018-10-12,657,1204,1775,2169,913,670.0,654.0,623.0,536.0,1170.0,994.0,958.0,870.0,1775.0,1496.0,1454.0,1170.0,2230.0,1398.0,2183.0,1987.0
2018-10-15,661,1200,1779,2189,921,671.0,652.0,617.0,511.0,1163.0,982.0,974.0,814.0,1756.0,1484.0,1478.0,1118.0,2296.0,940.0,2383.0,1952.0
2018-10-16,663,1196,1793,2164,922,673.0,649.0,614.0,511.0,1156.0,970.0,978.0,814.0,1715.0,1466.0,1490.0,1118.0,2363.0,1007.0,2433.0,1952.0
2018-10-17,665,1192,1796,2106,947,675.0,646.0,614.0,499.0,1144.0,969.0,978.0,785.0,1669.0,1453.0,1490.0,1104.0,2388.0,1057.0,2433.0,1831.0
2018-10-18,668,1181,1789,2176,963,676.0,645.0,614.0,483.0,1132.0,964.0,978.0,755.0,1622.0,1437.0,1490.0,1079.0,2353.0,1050.0,2433.0,1748.0
2018-10-19,670,1170,1775,2230,988,675.0,645.0,611.0,466.0,1117.0,964.0,977.0,729.0,1583.0,1437.0,1494.0,1045.0,2526.0,1050.0,2393.0,1868.0
2018-10-22,671,1163,1756,2296,1024,675.0,642.0,597.0,442.0,1106.0,959.0,977.0,680.0,1556.0,1393.0,1437.0,991.0,2607.0,1056.0,1913.0,2024.0
2018-10-23,673,1156,1715,2363,1051,675.0,638.0,596.0,442.0,1087.0,956.0,975.0,680.0,1530.0,1378.0,1421.0,991.0,2630.0,1089.0,1905.0,2024.0
2018-10-24,675,1144,1669,2388,1066,671.0,635.0,596.0,432.0,1073.0,952.0,975.0,660.0,1524.0,1376.0,1421.0,950.0,2596.0,1358.0,1905.0,1892.0
2018-10-25,676,1132,1622,2353,1099,668.0,633.0,596.0,423.0,1061.0,947.0,975.0,638.0,1526.0,1389.0,1421.0,893.0,2530.0,1789.0,1905.0,1775.0
2018-10-26,675,1117,1583,2526,1121,666.0,633.0,588.0,409.0,1051.0,947.0,967.0,607.0,1530.0,1389.0,1391.0,828.0,2502.0,1789.0,1987.0,1726.0
2018-10-29,675,1106,1556,2607,1141,665.0,629.0,588.0,384.0,1041.0,942.0,967.0,552.0,1531.0,1444.0,1391.0,687.0,2397.0,2121.0,1987.0,1631.0
2018-10-30,675,1087,1530,2630,1153,663.0,628.0,588.0,384.0,1033.0,945.0,967.0,552.0,1528.0,1455.0,1391.0,687.0,2296.0,1950.0,1987.0,1631.0
2018-10-31,671,1073,1524,2596,1150,660.0,626.0,588.0,368.0,1021.0,944.0,967.0,526.0,1511.0,1463.0,1391.0,644.0,1968.0,1755.0,1987.0,1508.0
2018-11-01,668,1061,1526,2530,1157,658.0,626.0,588.0,347.0,1013.0,945.0,967.0,498.0,1496.0,1469.0,1391.0,612.0,1747.0,1638.0,1987.0,1295.0
2018-11-02,666,1051,1530,2502,1152,656.0,626.0,588.0,328.0,1003.0,945.0,967.0,472.0,1495.0,1469.0,1391.0,574.0,1461.0,1638.0,1987.0,1116.0
2018-11-05,665,1041,1531,2397,1143,654.0,625.0,571.0,301.0,994.0,950.0,946.0,438.0,1496.0,1472.0,1331.0,552.0,1398.0,1925.0,2003.0,984.0
2018-11-06,663,1033,1528,2296,1134,653.0,625.0,563.0,301.0,986.0,951.0,933.0,438.0,1498.0,1473.0,1300.0,552.0,1153.0,2080.0,2016.0,984.0
2018-11-07,660,1021,1511,1968,1116,652.0,625.0,563.0,294.0,982.0,953.0,933.0,423.0,1484.0,1469.0,1300.0,553.0,940.0,2197.0,2016.0,972.0
2018-11-08,658,1013,1496,1747,1104,649.0,624.0,563.0,294.0,970.0,955.0,933.0,415.0,1466.0,1464.0,1300.0,553.0,1007.0,2244.0,2016.0,929.0
2018-11-09,656,1003,1495,1461,1097,646.0,624.0,556.0,290.0,969.0,955.0,918.0,414.0,1453.0,1464.0,1257.0,561.0,1057.0,2244.0,2117.0,846.0
2018-11-12,654,994,1496,1398,1092,645.0,622.0,524.0,292.0,964.0,963.0,842.0,429.0,1437.0,1445.0,1137.0,586.0,1050.0,2153.0,1966.0,736.0
2018-11-13,653,986,1498,1153,1086,644.0,621.0,511.0,292.0,963.0,968.0,814.0,429.0,1416.0,1459.0,1118.0,586.0,1002.0,2180.0,1952.0,736.0
2018-11-14,652,982,1484,940,1082,642.0,617.0,511.0,296.0,959.0,974.0,814.0,454.0,1393.0,1478.0,1118.0,600.0,1056.0,2383.0,1952.0,711.0
2018-11-15,649,970,1466,1007,1091,638.0,614.0,511.0,302.0,956.0,978.0,814.0,478.0,1378.0,1490.0,1118.0,611.0,1089.0,2433.0,1952.0,707.0
2018-11-16,646,969,1453,1057,1099,635.0,614.0,499.0,311.0,952.0,978.0,785.0,526.0,1376.0,1490.0,1104.0,619.0,1358.0,2433.0,1831.0,729.0
2018-11-19,645,964,1437,1050,1106,633.0,607.0,451.0,322.0,947.0,979.0,701.0,594.0,1389.0,1492.0,1018.0,628.0,1789.0,2264.0,2037.0,713.0
2018-11-20,644,963,1416,1002,1103,631.0,602.0,442.0,322.0,943.0,979.0,680.0,594.0,1416.0,1473.0,991.0,628.0,2170.0,2071.0,2024.0,713.0
2018-11-21,642,959,1393,1056,1107,629.0,597.0,442.0,335.0,942.0,977.0,680.0,625.0,1444.0,1437.0,991.0,639.0,2121.0,1913.0,2024.0,650.0
2018-11-22,638,956,1378,1089,1104,628.0,596.0,442.0,345.0,945.0,975.0,680.0,649.0,1455.0,1421.0,991.0,649.0,1950.0,1905.0,2024.0,578.0
2018-11-23,635,952,1376,1358,1126,626.0,596.0,432.0,353.0,944.0,975.0,660.0,686.0,1463.0,1421.0,950.0,657.0,1755.0,1905.0,1892.0,570.0
2018-11-26,633,947,1389,1789,1130,626.0,588.0,395.0,366.0,945.0,967.0,576.0,721.0,1469.0,1391.0,748.0,685.0,1638.0,1987.0,1730.0,520.0
2018-11-27,631,943,1416,2170,1127,625.0,588.0,384.0,366.0,949.0,967.0,552.0,721.0,1474.0,1391.0,687.0,685.0,1739.0,1987.0,1631.0,520.0
2018-11-28,629,942,1444,2121,1131,625.0,588.0,384.0,372.0,950.0,967.0,552.0,729.0,1472.0,1391.0,687.0,713.0,1925.0,1987.0,1631.0,522.0
2018-11-29,628,945,1455,1950,1133,625.0,588.0,384.0,382.0,951.0,967.0,552.0,738.0,1473.0,1391.0,687.0,752.0,2080.0,1987.0,1631.0,500.0
2018-11-30,626,944,1463,1755,1135,625.0,588.0,368.0,388.0,953.0,967.0,526.0,749.0,1469.0,1391.0,644.0,813.0,2197.0,1987.0,1508.0,459.0
2018-12-03,626,945,1469,1638,1132,624.0,588.0,311.0,397.0,955.0,967.0,450.0,767.0,1464.0,1391.0,560.0,900.0,2244.0,1987.0,1014.0,355.0
2018-12-04,625,949,1474,1739,1129,623.0,578.0,301.0,397.0,958.0,958.0,438.0,767.0,1454.0,1365.0,552.0,900.0,2183.0,1963.0,984.0,355.0
2018-12-05,625,950,1472,1925,1146,622.0,571.0,301.0,407.0,963.0,946.0,438.0,776.0,1445.0,1331.0,552.0,924.0,2153.0,2003.0,984.0,299.0
2018-12-06,625,951,1473,2080,1160,621.0,563.0,301.0,413.0,968.0,933.0,438.0,783.0,1459.0,1300.0,552.0,938.0,2180.0,2016.0,984.0,270.0
2018-12-07,625,953,1469,2197,1168,617.0,563.0,294.0,418.0,974.0,933.0,423.0,790.0,1478.0,1300.0,553.0,926.0,2383.0,2016.0,972.0,236.0
2018-12-10,624,955,1464,2244,1167,614.0,546.0,290.0,424.0,978.0,893.0,415.0,790.0,1490.0,1218.0,574.0,866.0,2433.0,2078.0,792.0,250.0
2018-12-11,623,958,1454,2183,1180,611.0,536.0,292.0,424.0,977.0,870.0,429.0,790.0,1494.0,1170.0,586.0,866.0,2393.0,1987.0,736.0,250.0
2018-12-12,622,963,1445,2153,1212,607.0,524.0,292.0,429.0,979.0,842.0,429.0,789.0,1492.0,1137.0,586.0,839.0,2264.0,1966.0,736.0,278.0
2018-12-13,621,968,1459,2180,1218,602.0,511.0,292.0,430.0,979.0,814.0,429.0,789.0,1473.0,1118.0,586.0,823.0,2071.0,1952.0,736.0,327.0
2018-12-14,617,974,1478,2383,1223,597.0,511.0,296.0,434.0,977.0,814.0,454.0,786.0,1437.0,1118.0,600.0,841.0,1913.0,1952.0,711.0,403.0
2018-12-17,614,978,1490,2433,1223,596.0,483.0,315.0,440.0,975.0,755.0,560.0,787.0,1421.0,1079.0,624.0,905.0,1905.0,1748.0,727.0,476.0
2018-12-18,611,977,1494,2393,1230,588.0,466.0,322.0,440.0,967.0,729.0,594.0,787.0,1391.0,1045.0,628.0,905.0,1987.0,1868.0,713.0,476.0
2018-12-19,607,979,1492,2264,1240,588.0,451.0,322.0,443.0,967.0,701.0,594.0,789.0,1391.0,1018.0,628.0,922.0,1987.0,2037.0,713.0,421.0
2018-12-20,602,979,1473,2071,1266,588.0,442.0,322.0,446.0,967.0,680.0,594.0,796.0,1391.0,991.0,628.0,962.0,1987.0,2024.0,713.0,399.0
2018-12-21,597,977,1437,1913,1258,588.0,442.0,335.0,449.0,967.0,680.0,625.0,813.0,1391.0,991.0,639.0,1009.0,1987.0,2024.0,650.0,288.0
2018-12-24,596,975,1421,1905,1256,588.0,423.0,359.0,458.0,967.0,638.0,707.0,830.0,1391.0,893.0,666.0,1036.0,1987.0,1775.0,545.0,230.0
2019-01-02,588,967,1391,1987,1009,546.0,311.0,397.0,455.0,893.0,450.0,767.0,795.0,1218.0,560.0,900.0,1120.0,2078.0,1014.0,355.0,92.0
2019-01-03,578,958,1365,1963,999,536.0,301.0,397.0,448.0,870.0,438.0,767.0,775.0,1170.0,552.0,900.0,1127.0,1987.0,984.0,355.0,104.0
2019-01-04,571,946,1331,2003,982,524.0,301.0,407.0,437.0,842.0,438.0,776.0,757.0,1137.0,552.0,924.0,1124.0,1966.0,984.0,299.0,210.0
2019-01-07,563,933,1300,2016,973,511.0,294.0,421.0,425.0,814.0,415.0,790.0,733.0,1118.0,553.0,894.0,1101.0,1952.0,929.0,235.0,312.0
2019-01-08,556,918,1257,2117,967,499.0,290.0,424.0,425.0,785.0,414.0,790.0,733.0,1104.0,561.0,866.0,1101.0,1831.0,846.0,250.0,312.0
2019-01-09,546,893,1218,2078,957,483.0,290.0,424.0,419.0,755.0,415.0,790.0,726.0,1079.0,574.0,866.0,1085.0,1748.0,792.0,250.0,375.0
2019-01-10,536,870,1170,1987,930,466.0,292.0,424.0,411.0,729.0,429.0,790.0,718.0,1045.0,586.0,866.0,1074.0,1868.0,736.0,250.0,428.0
2019-01-11,524,842,1137,1966,929,451.0,292.0,429.0,406.0,701.0,429.0,789.0,715.0,1018.0,586.0,839.0,1071.0,2037.0,736.0,278.0,423.0
2019-01-14,511,814,1118,1952,925,442.0,302.0,437.0,399.0,680.0,478.0,786.0,714.0,991.0,611.0,883.0,1092.0,2024.0,707.0,520.0,445.0
2019-01-15,499,785,1104,1831,920,432.0,311.0,440.0,399.0,660.0,526.0,787.0,714.0,950.0,619.0,905.0,1092.0,1892.0,729.0,476.0,445.0
2019-01-16,483,755,1079,1748,899,423.0,315.0,440.0,397.0,638.0,560.0,787.0,718.0,893.0,624.0,905.0,1119.0,1775.0,727.0,476.0,459.0
2019-01-17,466,729,1045,1868,891,409.0,322.0,440.0,394.0,607.0,594.0,787.0,726.0,828.0,628.0,905.0,1147.0,1726.0,713.0,476.0,463.0
2019-01-18,451,701,1018,2037,873,395.0,322.0,443.0,390.0,576.0,594.0,789.0,732.0,748.0,628.0,922.0,1162.0,1730.0,713.0,421.0,490.0
2019-01-21,442,680,991,2024,875,384.0,345.0,455.0,391.0,552.0,649.0,826.0,751.0,687.0,649.0,1027.0,1171.0,1631.0,578.0,251.0,572.0
2019-01-22,432,660,950,1892,868,368.0,353.0,458.0,391.0,526.0,686.0,830.0,751.0,644.0,657.0,1036.0,1171.0,1508.0,570.0,230.0,572.0
2019-01-23,423,638,893,1775,866,347.0,359.0,458.0,391.0,498.0,707.0,830.0,751.0,612.0,666.0,1036.0,1171.0,1295.0,545.0,230.0,572.0
2019-01-24,409,607,828,1726,875,328.0,366.0,458.0,392.0,472.0,721.0,830.0,773.0,574.0,685.0,1036.0,1177.0,1116.0,520.0,230.0,648.0
2019-01-25,395,576,748,1730,877,311.0,366.0,463.0,391.0,450.0,721.0,833.0,781.0,560.0,685.0,1053.0,1182.0,1014.0,520.0,190.0,691.0
2019-01-28,384,552,687,1631,874,301.0,382.0,464.0,386.0,438.0,738.0,813.0,777.0,552.0,752.0,1102.0,1189.0,984.0,500.0,150.0,884.0
2019-01-29,368,526,644,1508,872,294.0,388.0,461.0,386.0,423.0,749.0,807.0,777.0,553.0,813.0,1110.0,1189.0,972.0,459.0,122.0,884.0
2019-01-30,347,498,612,1295,859,294.0,393.0,461.0,384.0,415.0,759.0,807.0,768.0,553.0,863.0,1110.0,1188.0,929.0,383.0,122.0,1276.0
2019-01-31,328,472,574,1116,848,290.0,397.0,461.0,386.0,414.0,767.0,807.0,763.0,561.0,900.0,1110.0,1187.0,846.0,355.0,122.0,1389.0
2019-02-01,311,450,560,1014,843,290.0,397.0,455.0,384.0,415.0,767.0,795.0,755.0,574.0,900.0,1120.0,1189.0,792.0,355.0,92.0,1420.0
2019-02-04,301,438,552,984,824,292.0,413.0,432.0,382.0,429.0,783.0,742.0,761.0,586.0,938.0,1114.0,1189.0,736.0,270.0,276.0,1119.0
2019-02-05,294,423,553,972,806,296.0,418.0,425.0,382.0,454.0,790.0,733.0,761.0,600.0,926.0,1101.0,1189.0,711.0,236.0,312.0,1119.0
2019-02-06,294,415,553,929,805,302.0,421.0,425.0,382.0,478.0,790.0,733.0,761.0,611.0,894.0,1101.0,1189.0,707.0,235.0,312.0,1119.0
2019-02-07,290,414,561,846,797,311.0,424.0,425.0,382.0,526.0,790.0,733.0,770.0,619.0,866.0,1101.0,1188.0,729.0,250.0,312.0,1159.0
2019-02-08,290,415,574,792,795,315.0,424.0,419.0,382.0,560.0,790.0,726.0,776.0,624.0,866.0,1085.0,1193.0,727.0,250.0,375.0,1270.0
2019-02-11,292,429,586,736,791,322.0,430.0,403.0,382.0,594.0,789.0,711.0,782.0,628.0,823.0,1073.0,1211.0,713.0,327.0,418.0,1405.0
2019-02-12,296,454,600,711,790,335.0,434.0,399.0,382.0,625.0,786.0,714.0,782.0,639.0,841.0,1092.0,1211.0,650.0,403.0,445.0,1405.0
2019-02-13,302,478,611,707,798,345.0,437.0,399.0,381.0,649.0,786.0,714.0,783.0,649.0,883.0,1092.0,1229.0,578.0,520.0,445.0,1462.0
2019-02-14,311,526,619,729,806,353.0,440.0,399.0,381.0,686.0,787.0,714.0,784.0,657.0,905.0,1092.0,1243.0,570.0,476.0,445.0,1417.0
2019-02-15,315,560,624,727,818,359.0,440.0,397.0,383.0,707.0,787.0,718.0,783.0,666.0,905.0,1119.0,1252.0,545.0,476.0,459.0,1428.0
2019-02-18,322,594,628,713,819,366.0,446.0,391.0,386.0,721.0,796.0,751.0,778.0,685.0,962.0,1171.0,1256.0,520.0,399.0,572.0,1470.0
2019-02-19,335,625,639,650,828,372.0,449.0,391.0,386.0,729.0,813.0,751.0,778.0,713.0,1009.0,1171.0,1256.0,522.0,288.0,572.0,1470.0
2019-02-20,345,649,649,578,831,382.0,455.0,391.0,388.0,738.0,826.0,751.0,777.0,752.0,1027.0,1171.0,1258.0,500.0,251.0,572.0,1501.0
2019-02-21,353,686,657,570,828,388.0,458.0,391.0,389.0,749.0,830.0,751.0,778.0,813.0,1036.0,1171.0,1268.0,459.0,230.0,572.0,1537.0
2019-02-22,359,707,666,545,823,393.0,458.0,391.0,391.0,759.0,830.0,751.0,779.0,863.0,1036.0,1171.0,1287.0,383.0,230.0,572.0,1558.0
2019-02-25,366,721,685,520,801,397.0,466.0,389.0,394.0,767.0,831.0,780.0,771.0,900.0,1056.0,1186.0,1322.0,355.0,178.0,783.0,1585.0
2019-02-26,372,729,713,522,799,407.0,467.0,386.0,394.0,776.0,823.0,777.0,771.0,924.0,1087.0,1189.0,1322.0,299.0,167.0,884.0,1585.0
2019-02-27,382,738,752,500,796,413.0,464.0,386.0,394.0,783.0,813.0,777.0,771.0,938.0,1102.0,1189.0,1322.0,270.0,150.0,884.0,1585.0
2019-02-28,388,749,813,459,781,418.0,461.0,386.0,395.0,790.0,807.0,777.0,763.0,926.0,1110.0,1189.0,1337.0,236.0,122.0,884.0,1659.0
2019-03-01,393,759,863,383,774,421.0,461.0,384.0,397.0,790.0,807.0,768.0,756.0,894.0,1110.0,1188.0,1340.0,235.0,122.0,1276.0,1623.0
2019-03-04,397,767,900,355,762,424.0,448.0,382.0,401.0,790.0,775.0,752.0,748.0,866.0,1127.0,1190.0,1325.0,250.0,104.0,1290.0,1650.0
2019-03-05,407,776,924,299,754,429.0,437.0,382.0,401.0,789.0,757.0,761.0,748.0,839.0,1124.0,1189.0,1325.0,278.0,210.0,1119.0,1650.0
2019-03-06,413,783,938,270,753,430.0,432.0,382.0,403.0,789.0,742.0,761.0,739.0,823.0,1114.0,1189.0,1304.0,327.0,276.0,1119.0,1739.0
2019-03-07,418,790,926,236,747,434.0,425.0,382.0,405.0,786.0,733.0,761.0,731.0,841.0,1101.0,1189.0,1285.0,403.0,312.0,1119.0,1806.0
2019-03-08,421,790,894,235,742,437.0,425.0,382.0,408.0,786.0,733.0,761.0,726.0,883.0,1101.0,1189.0,1246.0,520.0,312.0,1119.0,1826.0
2019-03-11,424,790,866,250,737,440.0,411.0,382.0,411.0,787.0,718.0,779.0,717.0,905.0,1074.0,1198.0,1187.0,476.0,428.0,1371.0,1848.0
2019-03-12,429,789,839,278,743,443.0,406.0,382.0,411.0,789.0,715.0,782.0,717.0,922.0,1071.0,1211.0,1187.0,421.0,423.0,1405.0,1848.0
2019-03-13,430,789,823,327,740,446.0,403.0,382.0,414.0,796.0,711.0,782.0,714.0,962.0,1073.0,1211.0,1166.0,399.0,418.0,1405.0,1798.0
2019-03-14,434,786,841,403,737,449.0,399.0,382.0,416.0,813.0,714.0,782.0,712.0,1009.0,1092.0,1211.0,1149.0,288.0,445.0,1405.0,1746.0
2019-03-15,437,786,883,520,735,455.0,399.0,381.0,419.0,826.0,714.0,783.0,710.0,1027.0,1092.0,1229.0,1137.0,251.0,445.0,1462.0,1718.0
2019-03-18,440,787,905,476,730,458.0,394.0,385.0,422.0,830.0,726.0,780.0,720.0,1036.0,1147.0,1255.0,1125.0,230.0,463.0,1463.0,1826.0
2019-03-19,443,789,922,421,715,463.0,390.0,386.0,422.0,833.0,732.0,778.0,720.0,1053.0,1162.0,1256.0,1125.0,190.0,490.0,1470.0,1826.0
2019-03-20,446,796,962,399,705,466.0,391.0,386.0,428.0,831.0,751.0,778.0,728.0,1056.0,1171.0,1256.0,1117.0,178.0,572.0,1470.0,1956.0
2019-03-21,449,813,1009,288,700,467.0,391.0,386.0,432.0,823.0,751.0,778.0,736.0,1087.0,1171.0,1256.0,1110.0,167.0,572.0,1470.0,2051.0
2019-03-22,455,826,1027,251,695,464.0,391.0,388.0,437.0,813.0,751.0,777.0,743.0,1102.0,1171.0,1258.0,1101.0,150.0,572.0,1501.0,2080.0
2019-03-25,458,830,1036,230,688,461.0,392.0,393.0,442.0,807.0,773.0,778.0,756.0,1110.0,1177.0,1304.0,1111.0,122.0,648.0,1545.0,2363.0
2019-03-26,463,833,1053,190,678,455.0,391.0,394.0,442.0,795.0,781.0,771.0,756.0,1120.0,1182.0,1322.0,1111.0,92.0,691.0,1585.0,2363.0
2019-03-27,466,831,1056,178,663,448.0,389.0,394.0,442.0,775.0,780.0,771.0,765.0,1127.0,1186.0,1322.0,1150.0,104.0,783.0,1585.0,2389.0
2019-03-28,467,823,1087,167,651,437.0,386.0,394.0,442.0,757.0,777.0,771.0,774.0,1124.0,1189.0,1322.0,1191.0,210.0,884.0,1585.0,2440.0
2019-03-29,464,813,1102,150,648,432.0,386.0,394.0,443.0,742.0,777.0,771.0,783.0,1114.0,1189.0,1322.0,1243.0,276.0,884.0,1585.0,2465.0
2019-04-01,461,807,1110,122,640,425.0,386.0,398.0,441.0,733.0,763.0,752.0,792.0,1101.0,1187.0,1335.0,1317.0,312.0,1389.0,1620.0,2557.0
2019-04-02,455,795,1120,92,632,419.0,384.0,401.0,441.0,726.0,755.0,748.0,792.0,1085.0,1189.0,1325.0,1317.0,375.0,1420.0,1650.0,2557.0
2019-04-03,448,775,1127,104,623,411.0,382.0,401.0,439.0,718.0,752.0,748.0,796.0,1074.0,1190.0,1325.0,1370.0,428.0,1290.0,1650.0,2717.0
2019-04-04,437,757,1124,210,618,406.0,382.0,401.0,440.0,715.0,761.0,748.0,803.0,1071.0,1189.0,1325.0,1433.0,423.0,1119.0,1650.0,2939.0
2019-04-05,432,742,1114,276,617,403.0,382.0,403.0,443.0,711.0,761.0,739.0,814.0,1073.0,1189.0,1304.0,1569.0,418.0,1119.0,1739.0,3298.0
2019-04-08,425,733,1101,312,610,399.0,382.0,412.0,454.0,714.0,770.0,719.0,829.0,1092.0,1188.0,1213.0,1695.0,445.0,1159.0,1862.0,3260.0
2019-04-09,419,726,1085,375,618,397.0,382.0,411.0,454.0,718.0,776.0,717.0,829.0,1119.0,1193.0,1187.0,1695.0,459.0,1270.0,1848.0,3260.0
2019-04-10,411,718,1074,428,620,394.0,382.0,411.0,458.0,726.0,779.0,717.0,835.0,1147.0,1198.0,1187.0,1739.0,463.0,1371.0,1848.0,3343.0
2019-04-11,406,715,1071,423,634,390.0,382.0,411.0,463.0,732.0,782.0,717.0,845.0,1162.0,1211.0,1187.0,1791.0,490.0,1405.0,1848.0,3361.0
2019-04-12,403,711,1073,418,639,391.0,382.0,414.0,468.0,751.0,782.0,714.0,860.0,1171.0,1211.0,1166.0,1881.0,572.0,1405.0,1798.0,3416.0
2019-04-15,399,714,1092,445,639,391.0,381.0,420.0,472.0,751.0,784.0,716.0,888.0,1171.0,1243.0,1131.0,1992.0,572.0,1417.0,1800.0,3724.0
2019-04-16,397,718,1119,459,643,391.0,383.0,422.0,472.0,751.0,783.0,720.0,888.0,1171.0,1252.0,1125.0,1992.0,572.0,1428.0,1826.0,3724.0
2019-04-17,394,726,1147,463,652,392.0,385.0,422.0,477.0,773.0,780.0,720.0,905.0,1177.0,1255.0,1125.0,2052.0,648.0,1463.0,1826.0,3968.0
2019-04-18,390,732,1162,490,653,391.0,386.0,422.0,481.0,781.0,778.0,720.0,928.0,1182.0,1256.0,1125.0,2085.0,691.0,1470.0,1826.0,4095.0
2019-04-23,391,751,1171,572,644,384.0,391.0,442.0,497.0,768.0,779.0,756.0,1002.0,1188.0,1287.0,1111.0,2201.0,1276.0,1558.0,2363.0,4438.0
2019-04-24,392,773,1177,648,636,386.0,393.0,442.0,503.0,763.0,778.0,756.0,1017.0,1187.0,1304.0,1111.0,2219.0,1389.0,1545.0,2363.0,4315.0
2019-04-25,391,781,1182,691,635,384.0,394.0,442.0,506.0,755.0,771.0,756.0,1019.0,1189.0,1322.0,1111.0,2209.0,1420.0,1585.0,2363.0,3808.0
2019-04-26,389,780,1186,783,640,382.0,394.0,442.0,512.0,752.0,771.0,765.0,1012.0,1190.0,1322.0,1150.0,2180.0,1290.0,1585.0,2389.0,3609.0
2019-04-29,386,777,1189,884,638,382.0,395.0,442.0,516.0,761.0,763.0,787.0,996.0,1189.0,1337.0,1286.0,2050.0,1119.0,1659.0,2488.0,3660.0
2019-04-30,384,768,1188,1276,634,382.0,397.0,441.0,516.0,761.0,756.0,792.0,996.0,1189.0,1340.0,1317.0,2050.0,1119.0,1623.0,2557.0,3660.0
2019-05-01,386,763,1187,1389,635,382.0,398.0,441.0,516.0,770.0,752.0,792.0,988.0,1188.0,1335.0,1317.0,1969.0,1159.0,1620.0,2557.0,3664.0
2019-05-02,384,755,1189,1420,638,382.0,401.0,441.0,516.0,776.0,748.0,792.0,982.0,1193.0,1325.0,1317.0,1891.0,1270.0,1650.0,2557.0,3657.0
