date,vessel_type,freight_index
2012-08-01,Capesize,1181
2012-08-01,Handysize,570
2012-08-01,Panamax,954
2012-08-01,Supramax,1047
2012-08-02,Capesize,1178
2012-08-02,Handysize,558
2012-08-02,Panamax,931
2012-08-02,Supramax,1032
2012-08-03,Capesize,1200
2012-08-03,Handysize,552
2012-08-03,Panamax,910
2012-08-03,Supramax,1023
2012-08-06,Capesize,1214
2012-08-06,Handysize,544
2012-08-06,Panamax,890
2012-08-06,Supramax,1010
2012-08-07,Capesize,1237
2012-08-07,Handysize,539
2012-08-07,Panamax,868
2012-08-07,Supramax,995
2012-08-08,Capesize,1204
2012-08-08,Handysize,538
2012-08-08,Panamax,840
2012-08-08,Supramax,982
2012-08-09,Capesize,1192
2012-08-09,Handysize,535
2012-08-09,Panamax,823
2012-08-09,Supramax,966
2012-08-10,Capesize,1169
2012-08-10,Handysize,531
2012-08-10,Panamax,814
2012-08-10,Supramax,946
2012-08-13,Capesize,1158
2012-08-13,Handysize,523
2012-08-13,Panamax,804
2012-08-13,Supramax,906
2012-08-14,Capesize,1147
2012-08-14,Handysize,512
2012-08-14,Panamax,803
2012-08-14,Supramax,886
2012-08-15,Capesize,1120
2012-08-15,Handysize,506
2012-08-15,Panamax,801
2012-08-15,Supramax,877
2012-08-16,Capesize,1105
2012-08-16,Handysize,502
2012-08-16,Panamax,801
2012-08-16,Supramax,865
2012-08-17,Capesize,1095
2012-08-17,Handysize,496
2012-08-17,Panamax,806
2012-08-17,Supramax,856
2012-08-20,Capesize,1087
2012-08-20,Handysize,490
2012-08-20,Panamax,819
2012-08-20,Supramax,847
2012-08-21,Capesize,1082
2012-08-21,Handysize,485
2012-08-21,Panamax,833
2012-08-21,Supramax,841
2012-08-22,Capesize,1091
2012-08-22,Handysize,481
2012-08-22,Panamax,843
2012-08-22,Supramax,838
2012-08-23,Capesize,1103
2012-08-23,Handysize,477
2012-08-23,Panamax,840
2012-08-23,Supramax,833
2012-08-24,Capesize,1124
2012-08-24,Handysize,474
2012-08-24,Panamax,828
2012-08-24,Supramax,833
2012-08-28,Capesize,1182
2012-08-28,Handysize,472
2012-08-28,Panamax,812
2012-08-28,Supramax,845
2012-08-29,Capesize,1177
2012-08-29,Handysize,466
2012-08-29,Panamax,788
2012-08-29,Supramax,853
2012-08-30,Capesize,1169
2012-08-30,Handysize,463
2012-08-30,Panamax,758
2012-08-30,Supramax,857
2012-08-31,Capesize,1172
2012-08-31,Handysize,459
2012-08-31,Panamax,735
2012-08-31,Supramax,858
2012-09-03,Capesize,1180
2012-09-03,Handysize,458
2012-09-03,Panamax,714
2012-09-03,Supramax,855
2012-09-04,Capesize,1186
2012-09-04,Handysize,456
2012-09-04,Panamax,686
2012-09-04,Supramax,857
2012-09-05,Capesize,1188
2012-09-05,Handysize,455
2012-09-05,Panamax,647
2012-09-05,Supramax,852
2012-09-06,Capesize,1186
2012-09-06,Handysize,457
2012-09-06,Panamax,617
2012-09-06,Supramax,849
2012-09-07,Capesize,1186
2012-09-07,Handysize,458
2012-09-07,Panamax,599
2012-09-07,Supramax,845
2012-09-10,Capesize,1188
2012-09-10,Handysize,461
2012-09-10,Panamax,582
2012-09-10,Supramax,837
2012-09-11,Capesize,1187
2012-09-11,Handysize,466
2012-09-11,Panamax,566
2012-09-11,Supramax,832
2012-09-12,Capesize,1186
2012-09-12,Handysize,471
2012-09-12,Panamax,545
2012-09-12,Supramax,827
2012-09-13,Capesize,1198
2012-09-13,Handysize,475
2012-09-13,Panamax,527
2012-09-13,Supramax,821
2012-09-14,Capesize,1204
2012-09-14,Handysize,477
2012-09-14,Panamax,502
2012-09-14,Supramax,825
2012-09-17,Capesize,1219
2012-09-17,Handysize,479
2012-09-17,Panamax,483
2012-09-17,Supramax,828
2012-09-18,Capesize,1326
2012-09-18,Handysize,480
2012-09-18,Panamax,474
2012-09-18,Supramax,834
2012-09-19,Capesize,1421
2012-09-19,Handysize,480
2012-09-19,Panamax,468
2012-09-19,Supramax,839
2012-09-20,Capesize,1531
2012-09-20,Handysize,482
2012-09-20,Panamax,468
2012-09-20,Supramax,843
2012-09-21,Capesize,1584
2012-09-21,Handysize,484
2012-09-21,Panamax,467
2012-09-21,Supramax,845
2012-09-24,Capesize,1578
2012-09-24,Handysize,486
2012-09-24,Panamax,461
2012-09-24,Supramax,850
2012-09-25,Capesize,1568
2012-09-25,Handysize,483
2012-09-25,Panamax,441
2012-09-25,Supramax,847
2012-09-26,Capesize,1549
2012-09-26,Handysize,479
2012-09-26,Panamax,426
2012-09-26,Supramax,847
2012-09-27,Capesize,1548
2012-09-27,Handysize,476
2012-09-27,Panamax,418
2012-09-27,Supramax,847
2012-09-28,Capesize,1621
2012-09-28,Handysize,472
2012-09-28,Panamax,425
2012-09-28,Supramax,844
2012-10-01,Capesize,1660
2012-10-01,Handysize,467
2012-10-01,Panamax,439
2012-10-01,Supramax,836
2012-10-02,Capesize,1676
2012-10-02,Handysize,454
2012-10-02,Panamax,463
2012-10-02,Supramax,830
2012-10-03,Capesize,1738
2012-10-03,Handysize,448
2012-10-03,Panamax,496
2012-10-03,Supramax,825
2012-10-04,Capesize,1873
2012-10-04,Handysize,445
2012-10-04,Panamax,544
2012-10-04,Supramax,818
2012-10-05,Capesize,1932
2012-10-05,Handysize,444
2012-10-05,Panamax,598
2012-10-05,Supramax,810
2012-10-08,Capesize,1921
2012-10-08,Handysize,444
2012-10-08,Panamax,647
2012-10-08,Supramax,802
2012-10-09,Capesize,1829
2012-10-09,Handysize,442
2012-10-09,Panamax,712
2012-10-09,Supramax,795
2012-10-10,Capesize,1775
2012-10-10,Handysize,442
2012-10-10,Panamax,784
2012-10-10,Supramax,791
2012-10-11,Capesize,1833
2012-10-11,Handysize,444
2012-10-11,Panamax,843
2012-10-11,Supramax,789
2012-10-12,Capesize,1914
2012-10-12,Handysize,444
2012-10-12,Panamax,871
2012-10-12,Supramax,787
2012-10-15,Capesize,1960
2012-10-15,Handysize,444
2012-10-15,Panamax,885
2012-10-15,Supramax,783
2012-10-16,Capesize,2103
2012-10-16,Handysize,443
2012-10-16,Panamax,904
2012-10-16,Supramax,776
2012-10-17,Capesize,2162
2012-10-17,Handysize,443
2012-10-17,Panamax,904
2012-10-17,Supramax,768
2012-10-18,Capesize,2135
2012-10-18,Handysize,444
2012-10-18,Panamax,895
2012-10-18,Supramax,754
2012-10-19,Capesize,2217
2012-10-19,Handysize,445
2012-10-19,Panamax,879
2012-10-19,Supramax,746
2012-10-22,Capesize,2332
2012-10-22,Handysize,445
2012-10-22,Panamax,861
2012-10-22,Supramax,740
2012-10-23,Capesize,2587
2012-10-23,Handysize,442
2012-10-23,Panamax,843
2012-10-23,Supramax,732
2012-10-24,Capesize,2530
2012-10-24,Handysize,440
2012-10-24,Panamax,825
2012-10-24,Supramax,721
2012-10-25,Capesize,2432
2012-10-25,Handysize,437
2012-10-25,Panamax,811
2012-10-25,Supramax,716
2012-10-26,Capesize,2451
2012-10-26,Handysize,434
2012-10-26,Panamax,804
2012-10-26,Supramax,712
2012-10-29,Capesize,2460
2012-10-29,Handysize,432
2012-10-29,Panamax,799
2012-10-29,Supramax,706
2012-10-30,Capesize,2458
2012-10-30,Handysize,430
2012-10-30,Panamax,792
2012-10-30,Supramax,699
2012-10-31,Capesize,2419
2012-10-31,Handysize,429
2012-10-31,Panamax,782
2012-10-31,Supramax,693
2012-11-01,Capesize,2355
2012-11-01,Handysize,426
2012-11-01,Panamax,770
2012-11-01,Supramax,689
2012-11-02,Capesize,2304
2012-11-02,Handysize,422
2012-11-02,Panamax,766
2012-11-02,Supramax,678
2012-11-05,Capesize,2261
2012-11-05,Handysize,419
2012-11-05,Panamax,757
2012-11-05,Supramax,671
2012-11-06,Capesize,2186
2012-11-06,Handysize,416
2012-11-06,Panamax,747
2012-11-06,Supramax,669
2012-11-07,Capesize,2098
2012-11-07,Handysize,412
2012-11-07,Panamax,737
2012-11-07,Supramax,662
2012-11-08,Capesize,2119
2012-11-08,Handysize,409
2012-11-08,Panamax,726
2012-11-08,Supramax,654
2012-11-09,Capesize,2203
2012-11-09,Handysize,407
2012-11-09,Panamax,722
2012-11-09,Supramax,647
2012-11-12,Capesize,2283
2012-11-12,Handysize,405
2012-11-12,Panamax,720
2012-11-12,Supramax,644
2012-11-13,Capesize,2327
2012-11-13,Handysize,405
2012-11-13,Panamax,732
2012-11-13,Supramax,649
2012-11-14,Capesize,2375
2012-11-14,Handysize,402
2012-11-14,Panamax,774
2012-11-14,Supramax,652
2012-11-15,Capesize,2350
2012-11-15,Handysize,403
2012-11-15,Panamax,846
2012-11-15,Supramax,653
2012-11-16,Capesize,2347
2012-11-16,Handysize,405
2012-11-16,Panamax,886
2012-11-16,Supramax,655
2012-11-19,Capesize,2369
2012-11-19,Handysize,407
2012-11-19,Panamax,902
2012-11-19,Supramax,664
2012-11-20,Capesize,2367
2012-11-20,Handysize,409
2012-11-20,Panamax,933
2012-11-20,Supramax,674
2012-11-21,Capesize,2335
2012-11-21,Handysize,416
2012-11-21,Panamax,963
2012-11-21,Supramax,687
2012-11-22,Capesize,2318
2012-11-22,Handysize,424
2012-11-22,Panamax,991
2012-11-22,Supramax,695
2012-11-23,Capesize,2288
2012-11-23,Handysize,431
2012-11-23,Panamax,1013
2012-11-23,Supramax,706
2012-11-26,Capesize,2277
2012-11-26,Handysize,434
2012-11-26,Panamax,1021
2012-11-26,Supramax,716
2012-11-27,Capesize,2275
2012-11-27,Handysize,438
2012-11-27,Panamax,1023
2012-11-27,Supramax,724
2012-11-28,Capesize,2275
2012-11-28,Handysize,442
2012-11-28,Panamax,1009
2012-11-28,Supramax,732
2012-11-29,Capesize,2241
2012-11-29,Handysize,446
2012-11-29,Panamax,994
2012-11-29,Supramax,742
2012-11-30,Capesize,2199
2012-11-30,Handysize,448
2012-11-30,Panamax,980
2012-11-30,Supramax,751
2012-12-03,Capesize,2166
2012-12-03,Handysize,448
2012-12-03,Panamax,973
2012-12-03,Supramax,760
2012-12-04,Capesize,2095
2012-12-04,Handysize,447
2012-12-04,Panamax,962
2012-12-04,Supramax,766
2012-12-05,Capesize,2000
2012-12-05,Handysize,446
2012-12-05,Panamax,949
2012-12-05,Supramax,772
2012-12-06,Capesize,1897
2012-12-06,Handysize,446
2012-12-06,Panamax,940
2012-12-06,Supramax,771
2012-12-07,Capesize,1832
2012-12-07,Handysize,447
2012-12-07,Panamax,936
2012-12-07,Supramax,768
2012-12-10,Capesize,1762
2012-12-10,Handysize,447
2012-12-10,Panamax,928
2012-12-10,Supramax,765
2012-12-11,Capesize,1652
2012-12-11,Handysize,447
2012-12-11,Panamax,914
2012-12-11,Supramax,760
2012-12-12,Capesize,1446
2012-12-12,Handysize,444
2012-12-12,Panamax,894
2012-12-12,Supramax,751
2012-12-13,Capesize,1407
2012-12-13,Handysize,443
2012-12-13,Panamax,871
2012-12-13,Supramax,751
2012-12-14,Capesize,1440
2012-12-14,Handysize,443
2012-12-14,Panamax,839
2012-12-14,Supramax,748
2012-12-17,Capesize,1403
2012-12-17,Handysize,444
2012-12-17,Panamax,815
2012-12-17,Supramax,746
2012-12-18,Capesize,1315
2012-12-18,Handysize,444
2012-12-18,Panamax,793
2012-12-18,Supramax,745
2012-12-19,Capesize,1233
2012-12-19,Handysize,444
2012-12-19,Panamax,765
2012-12-19,Supramax,742
2012-12-20,Capesize,1226
2012-12-20,Handysize,445
2012-12-20,Panamax,734
2012-12-20,Supramax,738
2012-12-21,Capesize,1228
2012-12-21,Handysize,446
2012-12-21,Panamax,710
2012-12-21,Supramax,738
2012-12-24,Capesize,1235
2012-12-24,Handysize,447
2012-12-24,Panamax,699
2012-12-24,Supramax,735
2013-01-02,Capesize,1237
2013-01-02,Handysize,446
2013-01-02,Panamax,685
2013-01-02,Supramax,732
2013-01-03,Capesize,1254
2013-01-03,Handysize,447
2013-01-03,Panamax,675
2013-01-03,Supramax,737
2013-01-04,Capesize,1285
2013-01-04,Handysize,446
2013-01-04,Panamax,670
2013-01-04,Supramax,739
2013-01-07,Capesize,1319
2013-01-07,Handysize,443
2013-01-07,Panamax,670
2013-01-07,Supramax,739
2013-01-08,Capesize,1386
2013-01-08,Handysize,442
2013-01-08,Panamax,682
2013-01-08,Supramax,739
2013-01-09,Capesize,1384
2013-01-09,Handysize,443
2013-01-09,Panamax,717
2013-01-09,Supramax,740
2013-01-10,Capesize,1367
2013-01-10,Handysize,443
2013-01-10,Panamax,754
2013-01-10,Supramax,741
2013-01-11,Capesize,1367
2013-01-11,Handysize,448
2013-01-11,Panamax,772
2013-01-11,Supramax,743
2013-01-14,Capesize,1370
2013-01-14,Handysize,451
2013-01-14,Panamax,774
2013-01-14,Supramax,745
2013-01-15,Capesize,1365
2013-01-15,Handysize,454
2013-01-15,Panamax,768
2013-01-15,Supramax,743
2013-01-16,Capesize,1431
2013-01-16,Handysize,457
2013-01-16,Panamax,754
2013-01-16,Supramax,740
2013-01-17,Capesize,1573
2013-01-17,Handysize,464
2013-01-17,Panamax,743
2013-01-17,Supramax,738
2013-01-18,Capesize,1605
2013-01-18,Handysize,470
2013-01-18,Panamax,740
2013-01-18,Supramax,735
2013-01-21,Capesize,1604
2013-01-21,Handysize,474
2013-01-21,Panamax,736
2013-01-21,Supramax,730
2013-01-22,Capesize,1577
2013-01-22,Handysize,477
2013-01-22,Panamax,729
2013-01-22,Supramax,728
2013-01-23,Capesize,1564
2013-01-23,Handysize,478
2013-01-23,Panamax,727
2013-01-23,Supramax,721
2013-01-24,Capesize,1541
2013-01-24,Handysize,478
2013-01-24,Panamax,723
2013-01-24,Supramax,713
2013-01-25,Capesize,1520
2013-01-25,Handysize,475
2013-01-25,Panamax,718
2013-01-25,Supramax,712
2013-01-28,Capesize,1507
2013-01-28,Handysize,472
2013-01-28,Panamax,713
2013-01-28,Supramax,711
2013-01-29,Capesize,1491
2013-01-29,Handysize,467
2013-01-29,Panamax,703
2013-01-29,Supramax,710
2013-01-30,Capesize,1477
2013-01-30,Handysize,461
2013-01-30,Panamax,690
2013-01-30,Supramax,695
2013-01-31,Capesize,1468
2013-01-31,Handysize,455
2013-01-31,Panamax,677
2013-01-31,Supramax,688
2013-02-01,Capesize,1454
2013-02-01,Handysize,449
2013-02-01,Panamax,664
2013-02-01,Supramax,684
2013-02-04,Capesize,1461
2013-02-04,Handysize,444
2013-02-04,Panamax,653
2013-02-04,Supramax,682
2013-02-05,Capesize,1466
2013-02-05,Handysize,438
2013-02-05,Panamax,651
2013-02-05,Supramax,681
2013-02-06,Capesize,1484
2013-02-06,Handysize,431
2013-02-06,Panamax,657
2013-02-06,Supramax,677
2013-02-07,Capesize,1481
2013-02-07,Handysize,425
2013-02-07,Panamax,695
2013-02-07,Supramax,674
2013-02-08,Capesize,1461
2013-02-08,Handysize,421
2013-02-08,Panamax,723
2013-02-08,Supramax,671
2013-02-11,Capesize,1453
2013-02-11,Handysize,418
2013-02-11,Panamax,737
2013-02-11,Supramax,669
2013-02-12,Capesize,1448
2013-02-12,Handysize,417
2013-02-12,Panamax,749
2013-02-12,Supramax,666
2013-02-13,Capesize,1448
2013-02-13,Handysize,414
2013-02-13,Panamax,782
2013-02-13,Supramax,668
2013-02-14,Capesize,1429
2013-02-14,Handysize,412
2013-02-14,Panamax,808
2013-02-14,Supramax,664
2013-02-15,Capesize,1434
2013-02-15,Handysize,412
2013-02-15,Panamax,832
2013-02-15,Supramax,667
2013-02-18,Capesize,1408
2013-02-18,Handysize,411
2013-02-18,Panamax,845
2013-02-18,Supramax,672
2013-02-19,Capesize,1377
2013-02-19,Handysize,411
2013-02-19,Panamax,859
2013-02-19,Supramax,679
2013-02-20,Capesize,1355
2013-02-20,Handysize,410
2013-02-20,Panamax,875
2013-02-20,Supramax,687
2013-02-21,Capesize,1344
2013-02-21,Handysize,411
2013-02-21,Panamax,892
2013-02-21,Supramax,695
2013-02-22,Capesize,1335
2013-02-22,Handysize,412
2013-02-22,Panamax,909
2013-02-22,Supramax,705
2013-02-25,Capesize,1323
2013-02-25,Handysize,414
2013-02-25,Panamax,922
2013-02-25,Supramax,717
2013-02-26,Capesize,1291
2013-02-26,Handysize,419
2013-02-26,Panamax,939
2013-02-26,Supramax,724
2013-02-27,Capesize,1264
2013-02-27,Handysize,426
2013-02-27,Panamax,961
2013-02-27,Supramax,734
2013-02-28,Capesize,1249
2013-02-28,Handysize,436
2013-02-28,Panamax,990
2013-02-28,Supramax,745
2013-03-01,Capesize,1243
2013-03-01,Handysize,447
2013-03-01,Panamax,1036
2013-03-01,Supramax,764
2013-03-04,Capesize,1239
2013-03-04,Handysize,454
2013-03-04,Panamax,1058
2013-03-04,Supramax,781
2013-03-05,Capesize,1246
2013-03-05,Handysize,466
2013-03-05,Panamax,1080
2013-03-05,Supramax,801
2013-03-06,Capesize,1251
2013-03-06,Handysize,472
2013-03-06,Panamax,1090
2013-03-06,Supramax,818
2013-03-07,Capesize,1260
2013-03-07,Handysize,478
2013-03-07,Panamax,1112
2013-03-07,Supramax,837
2013-03-08,Capesize,1262
2013-03-08,Handysize,483
2013-03-08,Panamax,1124
2013-03-08,Supramax,852
2013-03-11,Capesize,1260
2013-03-11,Handysize,485
2013-03-11,Panamax,1128
2013-03-11,Supramax,864
2013-03-12,Capesize,1314
2013-03-12,Handysize,486
2013-03-12,Panamax,1131
2013-03-12,Supramax,876
2013-03-13,Capesize,1314
2013-03-13,Handysize,490
2013-03-13,Panamax,1138
2013-03-13,Supramax,889
2013-03-14,Capesize,1302
2013-03-14,Handysize,494
2013-03-14,Panamax,1147
2013-03-14,Supramax,903
2013-03-15,Capesize,1299
2013-03-15,Handysize,506
2013-03-15,Panamax,1162
2013-03-15,Supramax,913
2013-03-18,Capesize,1295
2013-03-18,Handysize,513
2013-03-18,Panamax,1172
2013-03-18,Supramax,925
2013-03-19,Capesize,1290
2013-03-19,Handysize,522
2013-03-19,Panamax,1184
2013-03-19,Supramax,937
2013-03-20,Capesize,1294
2013-03-20,Handysize,532
2013-03-20,Panamax,1190
2013-03-20,Supramax,950
2013-03-21,Capesize,1290
2013-03-21,Handysize,539
2013-03-21,Panamax,1202
2013-03-21,Supramax,959
2013-03-22,Capesize,1284
2013-03-22,Handysize,542
2013-03-22,Panamax,1208
2013-03-22,Supramax,968
2013-03-25,Capesize,1284
2013-03-25,Handysize,543
2013-03-25,Panamax,1210
2013-03-25,Supramax,978
2013-03-26,Capesize,1275
2013-03-26,Handysize,545
2013-03-26,Panamax,1204
2013-03-26,Supramax,981
2013-03-27,Capesize,1258
2013-03-27,Handysize,547
2013-03-27,Panamax,1191
2013-03-27,Supramax,977
2013-03-28,Capesize,1249
2013-03-28,Handysize,547
2013-03-28,Panamax,1176
2013-03-28,Supramax,965
2013-04-02,Capesize,1229
2013-04-02,Handysize,543
2013-04-02,Panamax,1155
2013-04-02,Supramax,944
2013-04-03,Capesize,1209
2013-04-03,Handysize,537
2013-04-03,Panamax,1129
2013-04-03,Supramax,933
2013-04-04,Capesize,1209
2013-04-04,Handysize,529
2013-04-04,Panamax,1106
2013-04-04,Supramax,924
2013-04-05,Capesize,1215
2013-04-05,Handysize,525
2013-04-05,Panamax,1094
2013-04-05,Supramax,915
2013-04-08,Capesize,1223
2013-04-08,Handysize,523
2013-04-08,Panamax,1084
2013-04-08,Supramax,912
2013-04-09,Capesize,1236
2013-04-09,Handysize,518
2013-04-09,Panamax,1077
2013-04-09,Supramax,907
2013-04-10,Capesize,1250
2013-04-10,Handysize,518
2013-04-10,Panamax,1080
2013-04-10,Supramax,902
2013-04-11,Capesize,1257
2013-04-11,Handysize,521
2013-04-11,Panamax,1095
2013-04-11,Supramax,900
2013-04-12,Capesize,1265
2013-04-12,Handysize,526
2013-04-12,Panamax,1112
2013-04-12,Supramax,901
2013-04-15,Capesize,1257
2013-04-15,Handysize,528
2013-04-15,Panamax,1125
2013-04-15,Supramax,902
2013-04-16,Capesize,1251
2013-04-16,Handysize,531
2013-04-16,Panamax,1143
2013-04-16,Supramax,902
2013-04-17,Capesize,1245
2013-04-17,Handysize,537
2013-04-17,Panamax,1167
2013-04-17,Supramax,900
2013-04-18,Capesize,1238
2013-04-18,Handysize,538
2013-04-18,Panamax,1180
2013-04-18,Supramax,899
2013-04-19,Capesize,1234
2013-04-19,Handysize,539
2013-04-19,Panamax,1196
2013-04-19,Supramax,898
2013-04-22,Capesize,1230
2013-04-22,Handysize,540
2013-04-22,Panamax,1202
2013-04-22,Supramax,902
2013-04-23,Capesize,1220
2013-04-23,Handysize,540
2013-04-23,Panamax,1193
2013-04-23,Supramax,902
2013-04-24,Capesize,1214
2013-04-24,Handysize,543
2013-04-24,Panamax,1165
2013-04-24,Supramax,903
2013-04-25,Capesize,1220
2013-04-25,Handysize,544
2013-04-25,Panamax,1121
2013-04-25,Supramax,905
2013-04-26,Capesize,1246
2013-04-26,Handysize,545
2013-04-26,Panamax,1082
2013-04-26,Supramax,904
2013-04-29,Capesize,1260
2013-04-29,Handysize,545
2013-04-29,Panamax,1058
2013-04-29,Supramax,900
2013-04-30,Capesize,1273
2013-04-30,Handysize,544
2013-04-30,Panamax,1028
2013-04-30,Supramax,895
2013-05-01,Capesize,1279
2013-05-01,Handysize,545
2013-05-01,Panamax,1018
2013-05-01,Supramax,888
2013-05-02,Capesize,1322
2013-05-02,Handysize,546
2013-05-02,Panamax,1010
2013-05-02,Supramax,884
2013-05-03,Capesize,1344
2013-05-03,Handysize,546
2013-05-03,Panamax,1006
2013-05-03,Supramax,880
2013-05-07,Capesize,1393
2013-05-07,Handysize,546
2013-05-07,Panamax,999
2013-05-07,Supramax,876
2013-05-08,Capesize,1408
2013-05-08,Handysize,548
2013-05-08,Panamax,995
2013-05-08,Supramax,874
2013-05-09,Capesize,1398
2013-05-09,Handysize,551
2013-05-09,Panamax,995
2013-05-09,Supramax,872
2013-05-10,Capesize,1382
2013-05-10,Handysize,551
2013-05-10,Panamax,994
2013-05-10,Supramax,869
2013-05-13,Capesize,1370
2013-05-13,Handysize,553
2013-05-13,Panamax,993
2013-05-13,Supramax,866
2013-05-14,Capesize,1360
2013-05-14,Handysize,555
2013-05-14,Panamax,988
2013-05-14,Supramax,861
2013-05-15,Capesize,1338
2013-05-15,Handysize,555
2013-05-15,Panamax,974
2013-05-15,Supramax,857
2013-05-16,Capesize,1334
2013-05-16,Handysize,554
2013-05-16,Panamax,951
2013-05-16,Supramax,854
2013-05-17,Capesize,1326
2013-05-17,Handysize,553
2013-05-17,Panamax,930
2013-05-17,Supramax,853
2013-05-20,Capesize,1317
2013-05-20,Handysize,555
2013-05-20,Panamax,917
2013-05-20,Supramax,851
2013-05-21,Capesize,1321
2013-05-21,Handysize,554
2013-05-21,Panamax,899
2013-05-21,Supramax,852
2013-05-22,Capesize,1333
2013-05-22,Handysize,552
2013-05-22,Panamax,880
2013-05-22,Supramax,851
2013-05-23,Capesize,1339
2013-05-23,Handysize,551
2013-05-23,Panamax,863
2013-05-23,Supramax,853
2013-05-24,Capesize,1350
2013-05-24,Handysize,546
2013-05-24,Panamax,854
2013-05-24,Supramax,855
2013-05-28,Capesize,1346
2013-05-28,Handysize,545
2013-05-28,Panamax,838
2013-05-28,Supramax,857
2013-05-29,Capesize,1348
2013-05-29,Handysize,543
2013-05-29,Panamax,821
2013-05-29,Supramax,858
2013-05-30,Capesize,1339
2013-05-30,Handysize,537
2013-05-30,Panamax,806
2013-05-30,Supramax,859
2013-05-31,Capesize,1336
2013-05-31,Handysize,533
2013-05-31,Panamax,795
2013-05-31,Supramax,865
2013-06-03,Capesize,1333
2013-06-03,Handysize,529
2013-06-03,Panamax,786
2013-06-03,Supramax,871
2013-06-04,Capesize,1338
2013-06-04,Handysize,526
2013-06-04,Panamax,776
2013-06-04,Supramax,873
2013-06-05,Capesize,1335
2013-06-05,Handysize,521
2013-06-05,Panamax,768
2013-06-05,Supramax,877
2013-06-06,Capesize,1344
2013-06-06,Handysize,521
2013-06-06,Panamax,764
2013-06-06,Supramax,880
2013-06-07,Capesize,1352
2013-06-07,Handysize,524
2013-06-07,Panamax,764
2013-06-07,Supramax,885
2013-06-10,Capesize,1359
2013-06-10,Handysize,525
2013-06-10,Panamax,766
2013-06-10,Supramax,889
2013-06-11,Capesize,1379
2013-06-11,Handysize,525
2013-06-11,Panamax,777
2013-06-11,Supramax,890
2013-06-12,Capesize,1427
2013-06-12,Handysize,525
2013-06-12,Panamax,808
2013-06-12,Supramax,892
2013-06-13,Capesize,1484
2013-06-13,Handysize,528
2013-06-13,Panamax,833
2013-06-13,Supramax,895
2013-06-14,Capesize,1537
2013-06-14,Handysize,533
2013-06-14,Panamax,859
2013-06-14,Supramax,895
2013-06-17,Capesize,1588
2013-06-17,Handysize,539
2013-06-17,Panamax,878
2013-06-17,Supramax,900
2013-06-18,Capesize,1674
2013-06-18,Handysize,544
2013-06-18,Panamax,892
2013-06-18,Supramax,900
2013-06-19,Capesize,1757
2013-06-19,Handysize,547
2013-06-19,Panamax,909
2013-06-19,Supramax,903
2013-06-20,Capesize,1792
2013-06-20,Handysize,548
2013-06-20,Panamax,920
2013-06-20,Supramax,909
2013-06-21,Capesize,1822
2013-06-21,Handysize,552
2013-06-21,Panamax,927
2013-06-21,Supramax,916
2013-06-24,Capesize,1912
2013-06-24,Handysize,552
2013-06-24,Panamax,937
2013-06-24,Supramax,923
2013-06-25,Capesize,1959
2013-06-25,Handysize,552
2013-06-25,Panamax,959
2013-06-25,Supramax,930
2013-06-26,Capesize,2061
2013-06-26,Handysize,554
2013-06-26,Panamax,976
2013-06-26,Supramax,937
2013-06-27,Capesize,2120
2013-06-27,Handysize,558
2013-06-27,Panamax,994
2013-06-27,Supramax,944
2013-06-28,Capesize,2165
2013-06-28,Handysize,564
2013-06-28,Panamax,1007
2013-06-28,Supramax,950
2013-07-01,Capesize,2176
2013-07-01,Handysize,566
2013-07-01,Panamax,1014
2013-07-01,Supramax,954
2013-07-02,Capesize,2134
2013-07-02,Handysize,569
2013-07-02,Panamax,1016
2013-07-02,Supramax,954
2013-07-03,Capesize,2020
2013-07-03,Handysize,569
2013-07-03,Panamax,1017
2013-07-03,Supramax,952
2013-07-04,Capesize,1936
2013-07-04,Handysize,568
2013-07-04,Panamax,1012
2013-07-04,Supramax,943
2013-07-05,Capesize,1929
2013-07-05,Handysize,568
2013-07-05,Panamax,1008
2013-07-05,Supramax,932
2013-07-08,Capesize,1977
2013-07-08,Handysize,568
2013-07-08,Panamax,1002
2013-07-08,Supramax,924
2013-07-09,Capesize,2012
2013-07-09,Handysize,566
2013-07-09,Panamax,1006
2013-07-09,Supramax,920
2013-07-10,Capesize,2037
2013-07-10,Handysize,564
2013-07-10,Panamax,1024
2013-07-10,Supramax,911
2013-07-11,Capesize,2047
2013-07-11,Handysize,561
2013-07-11,Panamax,1062
2013-07-11,Supramax,904
2013-07-12,Capesize,2058
2013-07-12,Handysize,561
2013-07-12,Panamax,1097
2013-07-12,Supramax,901
2013-07-15,Capesize,2052
2013-07-15,Handysize,560
2013-07-15,Panamax,1118
2013-07-15,Supramax,897
2013-07-16,Capesize,2044
2013-07-16,Handysize,559
2013-07-16,Panamax,1136
2013-07-16,Supramax,894
2013-07-17,Capesize,2034
2013-07-17,Handysize,556
2013-07-17,Panamax,1153
2013-07-17,Supramax,895
2013-07-18,Capesize,2006
2013-07-18,Handysize,550
2013-07-18,Panamax,1165
2013-07-18,Supramax,894
2013-07-19,Capesize,1987
2013-07-19,Handysize,544
2013-07-19,Panamax,1172
2013-07-19,Supramax,897
2013-07-22,Capesize,1978
2013-07-22,Handysize,541
2013-07-22,Panamax,1170
2013-07-22,Supramax,898
2013-07-23,Capesize,1956
2013-07-23,Handysize,539
2013-07-23,Panamax,1159
2013-07-23,Supramax,902
2013-07-24,Capesize,1936
2013-07-24,Handysize,539
2013-07-24,Panamax,1145
2013-07-24,Supramax,907
2013-07-25,Capesize,1890
2013-07-25,Handysize,535
2013-07-25,Panamax,1123
2013-07-25,Supramax,914
2013-07-26,Capesize,1873
2013-07-26,Handysize,534
2013-07-26,Panamax,1104
2013-07-26,Supramax,917
2013-07-29,Capesize,1864
2013-07-29,Handysize,534
2013-07-29,Panamax,1090
2013-07-29,Supramax,917
2013-07-30,Capesize,1856
2013-07-30,Handysize,532
2013-07-30,Panamax,1075
2013-07-30,Supramax,919
2013-07-31,Capesize,1881
2013-07-31,Handysize,531
2013-07-31,Panamax,1057
2013-07-31,Supramax,916
2013-08-01,Capesize,1935
2013-08-01,Handysize,530
2013-08-01,Panamax,1041
2013-08-01,Supramax,912
2013-08-02,Capesize,1950
2013-08-02,Handysize,529
2013-08-02,Panamax,1021
2013-08-02,Supramax,909
2013-08-05,Capesize,1939
2013-08-05,Handysize,527
2013-08-05,Panamax,1009
2013-08-05,Supramax,908
2013-08-06,Capesize,1907
2013-08-06,Handysize,526
2013-08-06,Panamax,992
2013-08-06,Supramax,908
2013-08-07,Capesize,1853
2013-08-07,Handysize,525
2013-08-07,Panamax,977
2013-08-07,Supramax,907
2013-08-08,Capesize,1829
2013-08-08,Handysize,522
2013-08-08,Panamax,962
2013-08-08,Supramax,911
2013-08-09,Capesize,1813
2013-08-09,Handysize,521
2013-08-09,Panamax,948
2013-08-09,Supramax,913
2013-08-12,Capesize,1805
2013-08-12,Handysize,518
2013-08-12,Panamax,940
2013-08-12,Supramax,911
2013-08-13,Capesize,1846
2013-08-13,Handysize,516
2013-08-13,Panamax,933
2013-08-13,Supramax,910
2013-08-14,Capesize,2021
2013-08-14,Handysize,518
2013-08-14,Panamax,928
2013-08-14,Supramax,909
2013-08-15,Capesize,2099
2013-08-15,Handysize,517
2013-08-15,Panamax,926
2013-08-15,Supramax,910
2013-08-16,Capesize,2112
2013-08-16,Handysize,517
2013-08-16,Panamax,923
2013-08-16,Supramax,913
2013-08-19,Capesize,2140
2013-08-19,Handysize,519
2013-08-19,Panamax,917
2013-08-19,Supramax,916
2013-08-20,Capesize,2218
2013-08-20,Handysize,520
2013-08-20,Panamax,912
2013-08-20,Supramax,917
2013-08-21,Capesize,2268
2013-08-21,Handysize,522
2013-08-21,Panamax,905
2013-08-21,Supramax,919
2013-08-22,Capesize,2284
2013-08-22,Handysize,525
2013-08-22,Panamax,904
2013-08-22,Supramax,920
2013-08-23,Capesize,2312
2013-08-23,Handysize,528
2013-08-23,Panamax,903
2013-08-23,Supramax,925
2013-08-27,Capesize,2335
2013-08-27,Handysize,531
2013-08-27,Panamax,904
2013-08-27,Supramax,927
2013-08-28,Capesize,2284
2013-08-28,Handysize,531
2013-08-28,Panamax,901
2013-08-28,Supramax,929
2013-08-29,Capesize,2256
2013-08-29,Handysize,530
2013-08-29,Panamax,904
2013-08-29,Supramax,934
2013-08-30,Capesize,2243
2013-08-30,Handysize,531
2013-08-30,Panamax,907
2013-08-30,Supramax,937
2013-09-02,Capesize,2263
2013-09-02,Handysize,534
2013-09-02,Panamax,912
2013-09-02,Supramax,939
2013-09-03,Capesize,2344
2013-09-03,Handysize,534
2013-09-03,Panamax,921
2013-09-03,Supramax,939
2013-09-04,Capesize,2445
2013-09-04,Handysize,535
2013-09-04,Panamax,933
2013-09-04,Supramax,939
2013-09-05,Capesize,2660
2013-09-05,Handysize,534
2013-09-05,Panamax,961
2013-09-05,Supramax,943
2013-09-06,Capesize,2799
2013-09-06,Handysize,537
2013-09-06,Panamax,1020
2013-09-06,Supramax,952
2013-09-09,Capesize,3113
2013-09-09,Handysize,540
2013-09-09,Panamax,1105
2013-09-09,Supramax,959
2013-09-10,Capesize,3255
2013-09-10,Handysize,542
2013-09-10,Panamax,1186
2013-09-10,Supramax,965
2013-09-11,Capesize,3431
2013-09-11,Handysize,543
2013-09-11,Panamax,1241
2013-09-11,Supramax,958
2013-09-12,Capesize,3397
2013-09-12,Handysize,545
2013-09-12,Panamax,1278
2013-09-12,Supramax,954
2013-09-13,Capesize,3446
2013-09-13,Handysize,544
2013-09-13,Panamax,1306
2013-09-13,Supramax,946
2013-09-16,Capesize,3480
2013-09-16,Handysize,547
2013-09-16,Panamax,1321
2013-09-16,Supramax,940
2013-09-17,Capesize,3691
2013-09-17,Handysize,548
2013-09-17,Panamax,1349
2013-09-17,Supramax,936
2013-09-18,Capesize,3838
2013-09-18,Handysize,549
2013-09-18,Panamax,1385
2013-09-18,Supramax,934
2013-09-19,Capesize,3924
2013-09-19,Handysize,554
2013-09-19,Panamax,1415
2013-09-19,Supramax,942
2013-09-20,Capesize,4018
2013-09-20,Handysize,558
2013-09-20,Panamax,1453
2013-09-20,Supramax,951
2013-09-23,Capesize,4111
2013-09-23,Handysize,561
2013-09-23,Panamax,1509
2013-09-23,Supramax,964
2013-09-24,Capesize,4253
2013-09-24,Handysize,567
2013-09-24,Panamax,1602
2013-09-24,Supramax,971
2013-09-25,Capesize,4329
2013-09-25,Handysize,576
2013-09-25,Panamax,1745
2013-09-25,Supramax,986
2013-09-26,Capesize,4193
2013-09-26,Handysize,585
2013-09-26,Panamax,1794
2013-09-26,Supramax,1012
2013-09-27,Capesize,3967
2013-09-27,Handysize,594
2013-09-27,Panamax,1800
2013-09-27,Supramax,1046
2013-09-30,Capesize,3853
2013-09-30,Handysize,597
2013-09-30,Panamax,1795
2013-09-30,Supramax,1069
2013-10-01,Capesize,3816
2013-10-01,Handysize,597
2013-10-01,Panamax,1786
2013-10-01,Supramax,1079
2013-10-02,Capesize,3810
2013-10-02,Handysize,599
2013-10-02,Panamax,1813
2013-10-02,Supramax,1087
2013-10-03,Capesize,3878
2013-10-03,Handysize,602
2013-10-03,Panamax,1862
2013-10-03,Supramax,1093
2013-10-04,Capesize,3943
2013-10-04,Handysize,609
2013-10-04,Panamax,1914
2013-10-04,Supramax,1101
2013-10-07,Capesize,4020
2013-10-07,Handysize,618
2013-10-07,Panamax,1947
2013-10-07,Supramax,1113
2013-10-08,Capesize,4085
2013-10-08,Handysize,622
2013-10-08,Panamax,1989
2013-10-08,Supramax,1127
2013-10-09,Capesize,3959
2013-10-09,Handysize,629
2013-10-09,Panamax,2016
2013-10-09,Supramax,1145
2013-10-10,Capesize,3621
2013-10-10,Handysize,630
2013-10-10,Panamax,2027
2013-10-10,Supramax,1162
2013-10-11,Capesize,3527
2013-10-11,Handysize,632
2013-10-11,Panamax,2024
2013-10-11,Supramax,1175
2013-10-14,Capesize,3455
2013-10-14,Handysize,634
2013-10-14,Panamax,2020
2013-10-14,Supramax,1182
2013-10-15,Capesize,3469
2013-10-15,Handysize,637
2013-10-15,Panamax,2021
2013-10-15,Supramax,1185
2013-10-16,Capesize,3478
2013-10-16,Handysize,634
2013-10-16,Panamax,2030
2013-10-16,Supramax,1186
2013-10-17,Capesize,3451
2013-10-17,Handysize,632
2013-10-17,Panamax,2059
2013-10-17,Supramax,1199
2013-10-18,Capesize,3264
2013-10-18,Handysize,634
2013-10-18,Panamax,2060
2013-10-18,Supramax,1206
2013-10-21,Capesize,3200
2013-10-21,Handysize,635
2013-10-21,Panamax,2054
2013-10-21,Supramax,1213
2013-10-22,Capesize,3110
2013-10-22,Handysize,636
2013-10-22,Panamax,2038
2013-10-22,Supramax,1221
2013-10-23,Capesize,2943
2013-10-23,Handysize,639
2013-10-23,Panamax,2010
2013-10-23,Supramax,1228
2013-10-24,Capesize,2775
2013-10-24,Handysize,644
2013-10-24,Panamax,1959
2013-10-24,Supramax,1243
2013-10-25,Capesize,2681
2013-10-25,Handysize,649
2013-10-25,Panamax,1904
2013-10-25,Supramax,1252
2013-10-28,Capesize,2526
2013-10-28,Handysize,653
2013-10-28,Panamax,1855
2013-10-28,Supramax,1258
2013-10-29,Capesize,2340
2013-10-29,Handysize,656
2013-10-29,Panamax,1790
2013-10-29,Supramax,1260
2013-10-30,Capesize,2164
2013-10-30,Handysize,660
2013-10-30,Panamax,1716
2013-10-30,Supramax,1266
2013-10-31,Capesize,2245
2013-10-31,Handysize,665
2013-10-31,Panamax,1667
2013-10-31,Supramax,1268
2013-11-01,Capesize,2316
2013-11-01,Handysize,669
2013-11-01,Panamax,1631
2013-11-01,Supramax,1269
2013-11-04,Capesize,2400
2013-11-04,Handysize,673
2013-11-04,Panamax,1612
2013-11-04,Supramax,1273
2013-11-05,Capesize,2553
2013-11-05,Handysize,678
2013-11-05,Panamax,1617
2013-11-05,Supramax,1280
2013-11-06,Capesize,2554
2013-11-06,Handysize,681
2013-11-06,Panamax,1614
2013-11-06,Supramax,1285
2013-11-07,Capesize,2533
2013-11-07,Handysize,685
2013-11-07,Panamax,1594
2013-11-07,Supramax,1291
2013-11-08,Capesize,2514
2013-11-08,Handysize,690
2013-11-08,Panamax,1565
2013-11-08,Supramax,1305
2013-11-11,Capesize,2506
2013-11-11,Handysize,692
2013-11-11,Panamax,1542
2013-11-11,Supramax,1315
2013-11-12,Capesize,2473
2013-11-12,Handysize,693
2013-11-12,Panamax,1510
2013-11-12,Supramax,1320
2013-11-13,Capesize,2455
2013-11-13,Handysize,696
2013-11-13,Panamax,1474
2013-11-13,Supramax,1321
2013-11-14,Capesize,2397
2013-11-14,Handysize,699
2013-11-14,Panamax,1438
2013-11-14,Supramax,1325
2013-11-15,Capesize,2377
2013-11-15,Handysize,703
2013-11-15,Panamax,1409
2013-11-15,Supramax,1339
2013-11-18,Capesize,2366
2013-11-18,Handysize,705
2013-11-18,Panamax,1382
2013-11-18,Supramax,1354
2013-11-19,Capesize,2366
2013-11-19,Handysize,708
2013-11-19,Panamax,1353
2013-11-19,Supramax,1360
2013-11-20,Capesize,2511
2013-11-20,Handysize,715
2013-11-20,Panamax,1346
2013-11-20,Supramax,1363
2013-11-21,Capesize,2447
2013-11-21,Handysize,721
2013-11-21,Panamax,1345
2013-11-21,Supramax,1371
2013-11-22,Capesize,2390
2013-11-22,Handysize,728
2013-11-22,Panamax,1362
2013-11-22,Supramax,1378
2013-11-25,Capesize,2391
2013-11-25,Handysize,732
2013-11-25,Panamax,1387
2013-11-25,Supramax,1393
2013-11-26,Capesize,2399
2013-11-26,Handysize,737
2013-11-26,Panamax,1427
2013-11-26,Supramax,1404
2013-11-27,Capesize,2496
2013-11-27,Handysize,745
2013-11-27,Panamax,1510
2013-11-27,Supramax,1418
2013-11-28,Capesize,2848
2013-11-28,Handysize,757
2013-11-28,Panamax,1613
2013-11-28,Supramax,1441
2013-11-29,Capesize,3089
2013-11-29,Handysize,764
2013-11-29,Panamax,1665
2013-11-29,Supramax,1458
2013-12-02,Capesize,3194
2013-12-02,Handysize,771
2013-12-02,Panamax,1695
2013-12-02,Supramax,1475
2013-12-03,Capesize,3316
2013-12-03,Handysize,776
2013-12-03,Panamax,1741
2013-12-03,Supramax,1488
2013-12-04,Capesize,3481
2013-12-04,Handysize,782
2013-12-04,Panamax,1795
2013-12-04,Supramax,1507
2013-12-05,Capesize,3843
2013-12-05,Handysize,786
2013-12-05,Panamax,1867
2013-12-05,Supramax,1522
2013-12-06,Capesize,3842
2013-12-06,Handysize,789
2013-12-06,Panamax,1923
2013-12-06,Supramax,1531
2013-12-09,Capesize,3831
2013-12-09,Handysize,792
2013-12-09,Panamax,1955
2013-12-09,Supramax,1552
2013-12-10,Capesize,4011
2013-12-10,Handysize,796
2013-12-10,Panamax,1997
2013-12-10,Supramax,1557
2013-12-11,Capesize,4210
2013-12-11,Handysize,803
2013-12-11,Panamax,2050
2013-12-11,Supramax,1554
2013-12-12,Capesize,4291
2013-12-12,Handysize,810
2013-12-12,Panamax,2085
2013-12-12,Supramax,1560
2013-12-13,Capesize,4246
2013-12-13,Handysize,814
2013-12-13,Panamax,2096
2013-12-13,Supramax,1562
2013-12-16,Capesize,4065
2013-12-16,Handysize,817
2013-12-16,Panamax,2082
2013-12-16,Supramax,1553
2013-12-17,Capesize,3818
2013-12-17,Handysize,821
2013-12-17,Panamax,2025
2013-12-17,Supramax,1546
2013-12-18,Capesize,3638
2013-12-18,Handysize,820
2013-12-18,Panamax,1946
2013-12-18,Supramax,1541
2013-12-19,Capesize,3596
2013-12-19,Handysize,818
2013-12-19,Panamax,1883
2013-12-19,Supramax,1517
2013-12-20,Capesize,3875
2013-12-20,Handysize,811
2013-12-20,Panamax,1858
2013-12-20,Supramax,1499
2013-12-23,Capesize,3996
2013-12-23,Handysize,805
2013-12-23,Panamax,1835
2013-12-23,Supramax,1482
2013-12-24,Capesize,4078
2013-12-24,Handysize,801
2013-12-24,Panamax,1825
2013-12-24,Supramax,1468
2014-01-02,Capesize,3733
2014-01-02,Handysize,773
2014-01-02,Panamax,1780
2014-01-02,Supramax,1453
2014-01-03,Capesize,3531
2014-01-03,Handysize,763
2014-01-03,Panamax,1750
2014-01-03,Supramax,1330
2014-01-06,Capesize,3287
2014-01-06,Handysize,750
2014-01-06,Panamax,1724
2014-01-06,Supramax,1276
2014-01-07,Capesize,3017
2014-01-07,Handysize,744
2014-01-07,Panamax,1692
2014-01-07,Supramax,1239
2014-01-08,Capesize,2818
2014-01-08,Handysize,741
2014-01-08,Panamax,1672
2014-01-08,Supramax,1204
2014-01-09,Capesize,2500
2014-01-09,Handysize,735
2014-01-09,Panamax,1645
2014-01-09,Supramax,1191
2014-01-10,Capesize,2101
2014-01-10,Handysize,730
2014-01-10,Panamax,1621
2014-01-10,Supramax,1188
2014-01-13,Capesize,1857
2014-01-13,Handysize,726
2014-01-13,Panamax,1598
2014-01-13,Supramax,1190
2014-01-14,Capesize,1832
2014-01-14,Handysize,725
2014-01-14,Panamax,1580
2014-01-14,Supramax,1191
2014-01-15,Capesize,1862
2014-01-15,Handysize,724
2014-01-15,Panamax,1572
2014-01-15,Supramax,1189
2014-01-16,Capesize,1929
2014-01-16,Handysize,722
2014-01-16,Panamax,1570
2014-01-16,Supramax,1182
2014-01-17,Capesize,2026
2014-01-17,Handysize,719
2014-01-17,Panamax,1564
2014-01-17,Supramax,1175
2014-01-20,Capesize,2082
2014-01-20,Handysize,719
2014-01-20,Panamax,1552
2014-01-20,Supramax,1165
2014-01-21,Capesize,1973
2014-01-21,Handysize,715
2014-01-21,Panamax,1530
2014-01-21,Supramax,1154
2014-01-22,Capesize,1880
2014-01-22,Handysize,715
2014-01-22,Panamax,1496
2014-01-22,Supramax,1141
2014-01-23,Capesize,1775
2014-01-23,Handysize,715
2014-01-23,Panamax,1468
2014-01-23,Supramax,1130
2014-01-24,Capesize,1723
2014-01-24,Handysize,712
2014-01-24,Panamax,1437
2014-01-24,Supramax,1121
2014-01-27,Capesize,1673
2014-01-27,Handysize,708
2014-01-27,Panamax,1413
2014-01-27,Supramax,1112
2014-01-28,Capesize,1577
2014-01-28,Handysize,705
2014-01-28,Panamax,1387
2014-01-28,Supramax,1098
2014-01-29,Capesize,1531
2014-01-29,Handysize,700
2014-01-29,Panamax,1369
2014-01-29,Supramax,1079
2014-01-30,Capesize,1527
2014-01-30,Handysize,691
2014-01-30,Panamax,1347
2014-01-30,Supramax,1056
2014-01-31,Capesize,1524
2014-01-31,Handysize,684
2014-01-31,Panamax,1337
2014-01-31,Supramax,1018
2014-02-03,Capesize,1516
2014-02-03,Handysize,682
2014-02-03,Panamax,1326
2014-02-03,Supramax,996
2014-02-04,Capesize,1513
2014-02-04,Handysize,681
2014-02-04,Panamax,1313
2014-02-04,Supramax,975
2014-02-05,Capesize,1544
2014-02-05,Handysize,677
2014-02-05,Panamax,1307
2014-02-05,Supramax,961
2014-02-06,Capesize,1575
2014-02-06,Handysize,676
2014-02-06,Panamax,1307
2014-02-06,Supramax,948
2014-02-07,Capesize,1588
2014-02-07,Handysize,674
2014-02-07,Panamax,1304
2014-02-07,Supramax,937
2014-02-10,Capesize,1611
2014-02-10,Handysize,669
2014-02-10,Panamax,1305
2014-02-10,Supramax,929
2014-02-11,Capesize,1581
2014-02-11,Handysize,667
2014-02-11,Panamax,1322
2014-02-11,Supramax,929
2014-02-12,Capesize,1548
2014-02-12,Handysize,665
2014-02-12,Panamax,1324
2014-02-12,Supramax,928
2014-02-13,Capesize,1557
2014-02-13,Handysize,668
2014-02-13,Panamax,1313
2014-02-13,Supramax,938
2014-02-14,Capesize,1554
2014-02-14,Handysize,671
2014-02-14,Panamax,1311
2014-02-14,Supramax,965
2014-02-17,Capesize,1625
2014-02-17,Handysize,676
2014-02-17,Panamax,1308
2014-02-17,Supramax,998
2014-02-18,Capesize,1667
2014-02-18,Handysize,677
2014-02-18,Panamax,1298
2014-02-18,Supramax,1026
2014-02-19,Capesize,1690
2014-02-19,Handysize,678
2014-02-19,Panamax,1282
2014-02-19,Supramax,1049
2014-02-20,Capesize,1680
2014-02-20,Handysize,676
2014-02-20,Panamax,1261
2014-02-20,Supramax,1068
2014-02-21,Capesize,1701
2014-02-21,Handysize,677
2014-02-21,Panamax,1244
2014-02-21,Supramax,1087
2014-02-24,Capesize,1707
2014-02-24,Handysize,679
2014-02-24,Panamax,1222
2014-02-24,Supramax,1098
2014-02-25,Capesize,1775
2014-02-25,Handysize,679
2014-02-25,Panamax,1187
2014-02-25,Supramax,1096
2014-02-26,Capesize,1912
2014-02-26,Handysize,674
2014-02-26,Panamax,1154
2014-02-26,Supramax,1096
2014-02-27,Capesize,2049
2014-02-27,Handysize,673
2014-02-27,Panamax,1123
2014-02-27,Supramax,1097
2014-02-28,Capesize,2084
2014-02-28,Handysize,669
2014-02-28,Panamax,1099
2014-02-28,Supramax,1100
2014-03-03,Capesize,2180
2014-03-03,Handysize,666
2014-03-03,Panamax,1080
2014-03-03,Supramax,1103
2014-03-04,Capesize,2326
2014-03-04,Handysize,662
2014-03-04,Panamax,1062
2014-03-04,Supramax,1107
2014-03-05,Capesize,2596
2014-03-05,Handysize,661
2014-03-05,Panamax,1053
2014-03-05,Supramax,1115
2014-03-06,Capesize,2830
2014-03-06,Handysize,663
2014-03-06,Panamax,1056
2014-03-06,Supramax,1116
2014-03-07,Capesize,2980
2014-03-07,Handysize,663
2014-03-07,Panamax,1075
2014-03-07,Supramax,1122
2014-03-10,Capesize,3023
2014-03-10,Handysize,663
2014-03-10,Panamax,1088
2014-03-10,Supramax,1131
2014-03-11,Capesize,3045
2014-03-11,Handysize,666
2014-03-11,Panamax,1104
2014-03-11,Supramax,1137
2014-03-12,Capesize,2600
2014-03-12,Handysize,668
2014-03-12,Panamax,1102
2014-03-12,Supramax,1149
2014-03-13,Capesize,2654
2014-03-13,Handysize,668
2014-03-13,Panamax,1106
2014-03-13,Supramax,1159
2014-03-14,Capesize,2677
2014-03-14,Handysize,671
2014-03-14,Panamax,1113
2014-03-14,Supramax,1173
2014-03-17,Capesize,2691
2014-03-17,Handysize,671
2014-03-17,Panamax,1116
2014-03-17,Supramax,1183
2014-03-18,Capesize,2818
2014-03-18,Handysize,668
2014-03-18,Panamax,1118
2014-03-18,Supramax,1191
2014-03-19,Capesize,2982
2014-03-19,Handysize,667
2014-03-19,Panamax,1120
2014-03-19,Supramax,1198
2014-03-20,Capesize,3129
2014-03-20,Handysize,671
2014-03-20,Panamax,1120
2014-03-20,Supramax,1200
2014-03-21,Capesize,3036
2014-03-21,Handysize,674
2014-03-21,Panamax,1112
2014-03-21,Supramax,1205
2014-03-24,Capesize,3055
2014-03-24,Handysize,676
2014-03-24,Panamax,1107
2014-03-24,Supramax,1209
2014-03-25,Capesize,2993
2014-03-25,Handysize,676
2014-03-25,Panamax,1088
2014-03-25,Supramax,1207
2014-03-26,Capesize,2761
2014-03-26,Handysize,672
2014-03-26,Panamax,1062
2014-03-26,Supramax,1201
2014-03-27,Capesize,2579
2014-03-27,Handysize,659
2014-03-27,Panamax,1018
2014-03-27,Supramax,1180
2014-03-28,Capesize,2557
2014-03-28,Handysize,649
2014-03-28,Panamax,978
2014-03-28,Supramax,1139
2014-03-31,Capesize,2573
2014-03-31,Handysize,642
2014-03-31,Panamax,942
2014-03-31,Supramax,1115
2014-04-01,Capesize,2505
2014-04-01,Handysize,632
2014-04-01,Panamax,897
2014-04-01,Supramax,1090
2014-04-02,Capesize,2418
2014-04-02,Handysize,621
2014-04-02,Panamax,867
2014-04-02,Supramax,1068
2014-04-03,Capesize,2343
2014-04-03,Handysize,610
2014-04-03,Panamax,836
2014-04-03,Supramax,1047
2014-04-04,Capesize,2306
2014-04-04,Handysize,598
2014-04-04,Panamax,822
2014-04-04,Supramax,1025
2014-04-07,Capesize,2293
2014-04-07,Handysize,588
2014-04-07,Panamax,812
2014-04-07,Supramax,1003
2014-04-08,Capesize,2029
2014-04-08,Handysize,580
2014-04-08,Panamax,801
2014-04-08,Supramax,982
2014-04-09,Capesize,1946
2014-04-09,Handysize,571
2014-04-09,Panamax,794
2014-04-09,Supramax,965
2014-04-10,Capesize,1865
2014-04-10,Handysize,562
2014-04-10,Panamax,787
2014-04-10,Supramax,949
2014-04-11,Capesize,1789
2014-04-11,Handysize,556
2014-04-11,Panamax,782
2014-04-11,Supramax,936
2014-04-14,Capesize,1765
2014-04-14,Handysize,549
2014-04-14,Panamax,778
2014-04-14,Supramax,927
2014-04-15,Capesize,1724
2014-04-15,Handysize,543
2014-04-15,Panamax,777
2014-04-15,Supramax,921
2014-04-16,Capesize,1613
2014-04-16,Handysize,536
2014-04-16,Panamax,792
2014-04-16,Supramax,916
2014-04-17,Capesize,1591
2014-04-17,Handysize,533
2014-04-17,Panamax,812
2014-04-17,Supramax,909
2014-04-22,Capesize,1616
2014-04-22,Handysize,528
2014-04-22,Panamax,828
2014-04-22,Supramax,908
2014-04-23,Capesize,1674
2014-04-23,Handysize,524
2014-04-23,Panamax,840
2014-04-23,Supramax,909
2014-04-24,Capesize,1692
2014-04-24,Handysize,520
2014-04-24,Panamax,852
2014-04-24,Supramax,911
2014-04-25,Capesize,1696
2014-04-25,Handysize,517
2014-04-25,Panamax,864
2014-04-25,Supramax,909
2014-04-28,Capesize,1668
2014-04-28,Handysize,517
2014-04-28,Panamax,868
2014-04-28,Supramax,912
2014-04-29,Capesize,1613
2014-04-29,Handysize,515
2014-04-29,Panamax,872
2014-04-29,Supramax,916
2014-04-30,Capesize,1600
2014-04-30,Handysize,513
2014-04-30,Panamax,871
2014-04-30,Supramax,922
2014-05-01,Capesize,1716
2014-05-01,Handysize,514
2014-05-01,Panamax,871
2014-05-01,Supramax,919
2014-05-02,Capesize,1829
2014-05-02,Handysize,510
2014-05-02,Panamax,865
2014-05-02,Supramax,915
2014-05-06,Capesize,1691
2014-05-06,Handysize,510
2014-05-06,Panamax,866
2014-05-06,Supramax,915
2014-05-07,Capesize,1681
2014-05-07,Handysize,509
2014-05-07,Panamax,869
2014-05-07,Supramax,917
2014-05-08,Capesize,1613
2014-05-08,Handysize,508
2014-05-08,Panamax,879
2014-05-08,Supramax,920
2014-05-09,Capesize,1541
2014-05-09,Handysize,506
2014-05-09,Panamax,898
2014-05-09,Supramax,918
2014-05-12,Capesize,1483
2014-05-12,Handysize,504
2014-05-12,Panamax,910
2014-05-12,Supramax,909
2014-05-13,Capesize,1453
2014-05-13,Handysize,502
2014-05-13,Panamax,933
2014-05-13,Supramax,905
2014-05-14,Capesize,1496
2014-05-14,Handysize,497
2014-05-14,Panamax,969
2014-05-14,Supramax,904
2014-05-15,Capesize,1546
2014-05-15,Handysize,490
2014-05-15,Panamax,1016
2014-05-15,Supramax,904
2014-05-16,Capesize,1530
2014-05-16,Handysize,485
2014-05-16,Panamax,1041
2014-05-16,Supramax,901
2014-05-19,Capesize,1494
2014-05-19,Handysize,483
2014-05-19,Panamax,1054
2014-05-19,Supramax,899
2014-05-20,Capesize,1431
2014-05-20,Handysize,482
2014-05-20,Panamax,1061
2014-05-20,Supramax,896
2014-05-21,Capesize,1354
2014-05-21,Handysize,480
2014-05-21,Panamax,1056
2014-05-21,Supramax,891
2014-05-22,Capesize,1302
2014-05-22,Handysize,480
2014-05-22,Panamax,1028
2014-05-22,Supramax,884
2014-05-23,Capesize,1358
2014-05-23,Handysize,480
2014-05-23,Panamax,1001
2014-05-23,Supramax,872
2014-05-27,Capesize,1457
2014-05-27,Handysize,481
2014-05-27,Panamax,971
2014-05-27,Supramax,866
2014-05-28,Capesize,1405
2014-05-28,Handysize,481
2014-05-28,Panamax,940
2014-05-28,Supramax,855
2014-05-29,Capesize,1379
2014-05-29,Handysize,484
2014-05-29,Panamax,904
2014-05-29,Supramax,846
2014-05-30,Capesize,1395
2014-05-30,Handysize,485
2014-05-30,Panamax,872
2014-05-30,Supramax,839
2014-06-02,Capesize,1429
2014-06-02,Handysize,485
2014-06-02,Panamax,846
2014-06-02,Supramax,830
2014-06-03,Capesize,1545
2014-06-03,Handysize,485
2014-06-03,Panamax,816
2014-06-03,Supramax,829
2014-06-04,Capesize,1604
2014-06-04,Handysize,484
2014-06-04,Panamax,786
2014-06-04,Supramax,829
2014-06-05,Capesize,1689
2014-06-05,Handysize,482
2014-06-05,Panamax,758
2014-06-05,Supramax,821
2014-06-06,Capesize,1793
2014-06-06,Handysize,481
2014-06-06,Panamax,727
2014-06-06,Supramax,811
2014-06-09,Capesize,1846
2014-06-09,Handysize,478
2014-06-09,Panamax,713
2014-06-09,Supramax,802
2014-06-10,Capesize,1903
2014-06-10,Handysize,475
2014-06-10,Panamax,699
2014-06-10,Supramax,797
2014-06-11,Capesize,1864
2014-06-11,Handysize,469
2014-06-11,Panamax,678
2014-06-11,Supramax,787
2014-06-12,Capesize,1792
2014-06-12,Handysize,465
2014-06-12,Panamax,635
2014-06-12,Supramax,774
2014-06-13,Capesize,1730
2014-06-13,Handysize,459
2014-06-13,Panamax,582
2014-06-13,Supramax,760
2014-06-16,Capesize,1695
2014-06-16,Handysize,450
2014-06-16,Panamax,542
2014-06-16,Supramax,748
2014-06-17,Capesize,1676
2014-06-17,Handysize,446
2014-06-17,Panamax,514
2014-06-17,Supramax,740
2014-06-18,Capesize,1767
2014-06-18,Handysize,443
2014-06-18,Panamax,492
2014-06-18,Supramax,724
2014-06-19,Capesize,1919
2014-06-19,Handysize,442
2014-06-19,Panamax,474
2014-06-19,Supramax,715
2014-06-20,Capesize,1950
2014-06-20,Handysize,441
2014-06-20,Panamax,461
2014-06-20,Supramax,708
2014-06-23,Capesize,1896
2014-06-23,Handysize,440
2014-06-23,Panamax,452
2014-06-23,Supramax,704
2014-06-24,Capesize,1848
2014-06-24,Handysize,438
2014-06-24,Panamax,446
2014-06-24,Supramax,701
2014-06-25,Capesize,1799
2014-06-25,Handysize,433
2014-06-25,Panamax,433
2014-06-25,Supramax,694
2014-06-26,Capesize,1748
2014-06-26,Handysize,427
2014-06-26,Panamax,423
2014-06-26,Supramax,687
2014-06-27,Capesize,1773
2014-06-27,Handysize,420
2014-06-27,Panamax,419
2014-06-27,Supramax,679
2014-06-30,Capesize,1871
2014-06-30,Handysize,413
2014-06-30,Panamax,423
2014-06-30,Supramax,678
2014-07-01,Capesize,2045
2014-07-01,Handysize,409
2014-07-01,Panamax,446
2014-07-01,Supramax,675
2014-07-02,Capesize,1999
2014-07-02,Handysize,408
2014-07-02,Panamax,485
2014-07-02,Supramax,676
2014-07-03,Capesize,1935
2014-07-03,Handysize,404
2014-07-03,Panamax,557
2014-07-03,Supramax,677
2014-07-04,Capesize,1864
2014-07-04,Handysize,403
2014-07-04,Panamax,640
2014-07-04,Supramax,680
2014-07-07,Capesize,1808
2014-07-07,Handysize,402
2014-07-07,Panamax,680
2014-07-07,Supramax,682
2014-07-08,Capesize,1755
2014-07-08,Handysize,400
2014-07-08,Panamax,704
2014-07-08,Supramax,686
2014-07-09,Capesize,1648
2014-07-09,Handysize,397
2014-07-09,Panamax,710
2014-07-09,Supramax,687
2014-07-10,Capesize,1523
2014-07-10,Handysize,393
2014-07-10,Panamax,702
2014-07-10,Supramax,684
2014-07-11,Capesize,1465
2014-07-11,Handysize,390
2014-07-11,Panamax,679
2014-07-11,Supramax,681
2014-07-14,Capesize,1422
2014-07-14,Handysize,385
2014-07-14,Panamax,666
2014-07-14,Supramax,679
2014-07-15,Capesize,1377
2014-07-15,Handysize,380
2014-07-15,Panamax,644
2014-07-15,Supramax,675
2014-07-16,Capesize,1289
2014-07-16,Handysize,377
2014-07-16,Panamax,621
2014-07-16,Supramax,671
2014-07-17,Capesize,1248
2014-07-17,Handysize,373
2014-07-17,Panamax,603
2014-07-17,Supramax,666
2014-07-18,Capesize,1235
2014-07-18,Handysize,372
2014-07-18,Panamax,586
2014-07-18,Supramax,660
2014-07-21,Capesize,1194
2014-07-21,Handysize,369
2014-07-21,Panamax,576
2014-07-21,Supramax,659
2014-07-22,Capesize,1191
2014-07-22,Handysize,364
2014-07-22,Panamax,576
2014-07-22,Supramax,659
2014-07-23,Capesize,1198
2014-07-23,Handysize,361
2014-07-23,Panamax,584
2014-07-23,Supramax,661
2014-07-24,Capesize,1201
2014-07-24,Handysize,358
2014-07-24,Panamax,596
2014-07-24,Supramax,661
2014-07-25,Capesize,1193
2014-07-25,Handysize,357
2014-07-25,Panamax,606
2014-07-25,Supramax,666
2014-07-28,Capesize,1187
2014-07-28,Handysize,358
2014-07-28,Panamax,616
2014-07-28,Supramax,679
2014-07-29,Capesize,1195
2014-07-29,Handysize,357
2014-07-29,Panamax,624
2014-07-29,Supramax,684
2014-07-30,Capesize,1200
2014-07-30,Handysize,356
2014-07-30,Panamax,625
2014-07-30,Supramax,688
2014-07-31,Capesize,1195
2014-07-31,Handysize,355
2014-07-31,Panamax,619
2014-07-31,Supramax,704
2014-08-01,Capesize,1176
2014-08-01,Handysize,357
2014-08-01,Panamax,611
2014-08-01,Supramax,716
2014-08-04,Capesize,1178
2014-08-04,Handysize,356
2014-08-04,Panamax,610
2014-08-04,Supramax,728
2014-08-05,Capesize,1163
2014-08-05,Handysize,357
2014-08-05,Panamax,609
2014-08-05,Supramax,740
2014-08-06,Capesize,1153
2014-08-06,Handysize,358
2014-08-06,Panamax,609
2014-08-06,Supramax,753
2014-08-07,Capesize,1150
2014-08-07,Handysize,360
2014-08-07,Panamax,616
2014-08-07,Supramax,767
2014-08-08,Capesize,1166
2014-08-08,Handysize,363
2014-08-08,Panamax,624
2014-08-08,Supramax,785
2014-08-11,Capesize,1197
2014-08-11,Handysize,366
2014-08-11,Panamax,634
2014-08-11,Supramax,804
2014-08-12,Capesize,1350
2014-08-12,Handysize,370
2014-08-12,Panamax,651
2014-08-12,Supramax,819
2014-08-13,Capesize,1546
2014-08-13,Handysize,373
2014-08-13,Panamax,674
2014-08-13,Supramax,829
2014-08-14,Capesize,1882
2014-08-14,Handysize,376
2014-08-14,Panamax,739
2014-08-14,Supramax,845
2014-08-15,Capesize,2151
2014-08-15,Handysize,382
2014-08-15,Panamax,803
2014-08-15,Supramax,861
2014-08-18,Capesize,2254
2014-08-18,Handysize,387
2014-08-18,Panamax,836
2014-08-18,Supramax,877
2014-08-19,Capesize,2256
2014-08-19,Handysize,394
2014-08-19,Panamax,837
2014-08-19,Supramax,889
2014-08-20,Capesize,2380
2014-08-20,Handysize,399
2014-08-20,Panamax,828
2014-08-20,Supramax,902
2014-08-21,Capesize,2578
2014-08-21,Handysize,406
2014-08-21,Panamax,818
2014-08-21,Supramax,912
2014-08-22,Capesize,2535
2014-08-22,Handysize,413
2014-08-22,Panamax,812
2014-08-22,Supramax,925
2014-08-26,Capesize,2430
2014-08-26,Handysize,420
2014-08-26,Panamax,808
2014-08-26,Supramax,937
2014-08-27,Capesize,2366
2014-08-27,Handysize,427
2014-08-27,Panamax,811
2014-08-27,Supramax,944
2014-08-28,Capesize,2551
2014-08-28,Handysize,437
2014-08-28,Panamax,842
2014-08-28,Supramax,952
2014-08-29,Capesize,2627
2014-08-29,Handysize,442
2014-08-29,Panamax,871
2014-08-29,Supramax,963
2014-09-01,Capesize,2606
2014-09-01,Handysize,450
2014-09-01,Panamax,888
2014-09-01,Supramax,970
2014-09-02,Capesize,2568
2014-09-02,Handysize,456
2014-09-02,Panamax,903
2014-09-02,Supramax,977
2014-09-03,Capesize,2489
2014-09-03,Handysize,462
2014-09-03,Panamax,919
2014-09-03,Supramax,983
2014-09-04,Capesize,2464
2014-09-04,Handysize,466
2014-09-04,Panamax,927
2014-09-04,Supramax,988
2014-09-05,Capesize,2483
2014-09-05,Handysize,469
2014-09-05,Panamax,931
2014-09-05,Supramax,993
2014-09-08,Capesize,2519
2014-09-08,Handysize,472
2014-09-08,Panamax,940
2014-09-08,Supramax,997
2014-09-09,Capesize,2596
2014-09-09,Handysize,472
2014-09-09,Panamax,940
2014-09-09,Supramax,995
2014-09-10,Capesize,2602
2014-09-10,Handysize,474
2014-09-10,Panamax,916
2014-09-10,Supramax,1001
2014-09-11,Capesize,2570
2014-09-11,Handysize,476
2014-09-11,Panamax,895
2014-09-11,Supramax,1003
2014-09-12,Capesize,2546
2014-09-12,Handysize,477
2014-09-12,Panamax,875
2014-09-12,Supramax,1000
2014-09-15,Capesize,2523
2014-09-15,Handysize,479
2014-09-15,Panamax,860
2014-09-15,Supramax,1006
2014-09-16,Capesize,2442
2014-09-16,Handysize,484
2014-09-16,Panamax,843
2014-09-16,Supramax,1016
2014-09-17,Capesize,2342
2014-09-17,Handysize,488
2014-09-17,Panamax,829
2014-09-17,Supramax,1028
2014-09-18,Capesize,2192
2014-09-18,Handysize,494
2014-09-18,Panamax,819
2014-09-18,Supramax,1031
2014-09-19,Capesize,2112
2014-09-19,Handysize,498
2014-09-19,Panamax,814
2014-09-19,Supramax,1030
2014-09-22,Capesize,2118
2014-09-22,Handysize,505
2014-09-22,Panamax,809
2014-09-22,Supramax,1029
2014-09-23,Capesize,2077
2014-09-23,Handysize,513
2014-09-23,Panamax,800
2014-09-23,Supramax,1032
2014-09-24,Capesize,1967
2014-09-24,Handysize,521
2014-09-24,Panamax,798
2014-09-24,Supramax,1041
2014-09-25,Capesize,1837
2014-09-25,Handysize,525
2014-09-25,Panamax,799
2014-09-25,Supramax,1045
2014-09-26,Capesize,1852
2014-09-26,Handysize,526
2014-09-26,Panamax,807
2014-09-26,Supramax,1046
2014-09-29,Capesize,1922
2014-09-29,Handysize,528
2014-09-29,Panamax,812
2014-09-29,Supramax,1053
2014-09-30,Capesize,1915
2014-09-30,Handysize,529
2014-09-30,Panamax,826
2014-09-30,Supramax,1054
2014-10-01,Capesize,1853
2014-10-01,Handysize,531
2014-10-01,Panamax,854
2014-10-01,Supramax,1051
2014-10-02,Capesize,1788
2014-10-02,Handysize,531
2014-10-02,Panamax,878
2014-10-02,Supramax,1045
2014-10-03,Capesize,1758
2014-10-03,Handysize,530
2014-10-03,Panamax,887
2014-10-03,Supramax,1033
2014-10-06,Capesize,1735
2014-10-06,Handysize,530
2014-10-06,Panamax,889
2014-10-06,Supramax,1028
2014-10-07,Capesize,1698
2014-10-07,Handysize,528
2014-10-07,Panamax,884
2014-10-07,Supramax,1017
2014-10-08,Capesize,1632
2014-10-08,Handysize,523
2014-10-08,Panamax,869
2014-10-08,Supramax,1007
2014-10-09,Capesize,1580
2014-10-09,Handysize,520
2014-10-09,Panamax,864
2014-10-09,Supramax,993
2014-10-10,Capesize,1544
2014-10-10,Handysize,516
2014-10-10,Panamax,865
2014-10-10,Supramax,980
2014-10-13,Capesize,1521
2014-10-13,Handysize,513
2014-10-13,Panamax,868
2014-10-13,Supramax,970
2014-10-14,Capesize,1485
2014-10-14,Handysize,510
2014-10-14,Panamax,885
2014-10-14,Supramax,959
2014-10-15,Capesize,1376
2014-10-15,Handysize,506
2014-10-15,Panamax,909
2014-10-15,Supramax,952
2014-10-16,Capesize,1315
2014-10-16,Handysize,503
2014-10-16,Panamax,940
2014-10-16,Supramax,944
2014-10-17,Capesize,1362
2014-10-17,Handysize,501
2014-10-17,Panamax,966
2014-10-17,Supramax,933
2014-10-20,Capesize,1512
2014-10-20,Handysize,498
2014-10-20,Panamax,995
2014-10-20,Supramax,923
2014-10-21,Capesize,2003
2014-10-21,Handysize,498
2014-10-21,Panamax,1032
2014-10-21,Supramax,916
2014-10-22,Capesize,2186
2014-10-22,Handysize,496
2014-10-22,Panamax,1066
2014-10-22,Supramax,911
2014-10-23,Capesize,2258
2014-10-23,Handysize,491
2014-10-23,Panamax,1099
2014-10-23,Supramax,907
2014-10-24,Capesize,2422
2014-10-24,Handysize,489
2014-10-24,Panamax,1121
2014-10-24,Supramax,906
2014-10-27,Capesize,2852
2014-10-27,Handysize,485
2014-10-27,Panamax,1137
2014-10-27,Supramax,900
2014-10-28,Capesize,3436
2014-10-28,Handysize,481
2014-10-28,Panamax,1172
2014-10-28,Supramax,899
2014-10-29,Capesize,3560
2014-10-29,Handysize,476
2014-10-29,Panamax,1202
2014-10-29,Supramax,898
2014-10-30,Capesize,3534
2014-10-30,Handysize,472
2014-10-30,Panamax,1222
2014-10-30,Supramax,896
2014-10-31,Capesize,3552
2014-10-31,Handysize,467
2014-10-31,Panamax,1233
2014-10-31,Supramax,891
2014-11-03,Capesize,3640
2014-11-03,Handysize,463
2014-11-03,Panamax,1241
2014-11-03,Supramax,892
2014-11-04,Capesize,3781
2014-11-04,Handysize,458
2014-11-04,Panamax,1238
2014-11-04,Supramax,889
2014-11-05,Capesize,3702
2014-11-05,Handysize,457
2014-11-05,Panamax,1224
2014-11-05,Supramax,888
2014-11-06,Capesize,3612
2014-11-06,Handysize,455
2014-11-06,Panamax,1205
2014-11-06,Supramax,888
2014-11-07,Capesize,3661
2014-11-07,Handysize,454
2014-11-07,Panamax,1183
2014-11-07,Supramax,886
2014-11-10,Capesize,3613
2014-11-10,Handysize,451
2014-11-10,Panamax,1168
2014-11-10,Supramax,881
2014-11-11,Capesize,3419
2014-11-11,Handysize,451
2014-11-11,Panamax,1150
2014-11-11,Supramax,879
2014-11-12,Capesize,3229
2014-11-12,Handysize,451
2014-11-12,Panamax,1133
2014-11-12,Supramax,876
2014-11-13,Capesize,2972
2014-11-13,Handysize,451
2014-11-13,Panamax,1112
2014-11-13,Supramax,873
2014-11-14,Capesize,2931
2014-11-14,Handysize,450
2014-11-14,Panamax,1089
2014-11-14,Supramax,873
2014-11-17,Capesize,2971
2014-11-17,Handysize,451
2014-11-17,Panamax,1069
2014-11-17,Supramax,875
2014-11-18,Capesize,3106
2014-11-18,Handysize,453
2014-11-18,Panamax,1061
2014-11-18,Supramax,875
2014-11-19,Capesize,3127
2014-11-19,Handysize,455
2014-11-19,Panamax,1055
2014-11-19,Supramax,881
2014-11-20,Capesize,3130
2014-11-20,Handysize,457
2014-11-20,Panamax,1053
2014-11-20,Supramax,904
2014-11-21,Capesize,3038
2014-11-21,Handysize,462
2014-11-21,Panamax,1055
2014-11-21,Supramax,926
2014-11-24,Capesize,2975
2014-11-24,Handysize,469
2014-11-24,Panamax,1059
2014-11-24,Supramax,942
2014-11-25,Capesize,2963
2014-11-25,Handysize,476
2014-11-25,Panamax,1064
2014-11-25,Supramax,956
2014-11-26,Capesize,2612
2014-11-26,Handysize,482
2014-11-26,Panamax,1073
2014-11-26,Supramax,970
2014-11-27,Capesize,2347
2014-11-27,Handysize,487
2014-11-27,Panamax,1099
2014-11-27,Supramax,980
2014-11-28,Capesize,2151
2014-11-28,Handysize,491
2014-11-28,Panamax,1120
2014-11-28,Supramax,984
2014-12-01,Capesize,2025
2014-12-01,Handysize,492
2014-12-01,Panamax,1124
2014-12-01,Supramax,986
2014-12-02,Capesize,1898
2014-12-02,Handysize,495
2014-12-02,Panamax,1119
2014-12-02,Supramax,989
2014-12-03,Capesize,1677
2014-12-03,Handysize,498
2014-12-03,Panamax,1108
2014-12-03,Supramax,987
2014-12-04,Capesize,1452
2014-12-04,Handysize,498
2014-12-04,Panamax,1097
2014-12-04,Supramax,984
2014-12-05,Capesize,1282
2014-12-05,Handysize,499
2014-12-05,Panamax,1088
2014-12-05,Supramax,980
2014-12-08,Capesize,1165
2014-12-08,Handysize,497
2014-12-08,Panamax,1081
2014-12-08,Supramax,971
2014-12-09,Capesize,1075
2014-12-09,Handysize,497
2014-12-09,Panamax,1066
2014-12-09,Supramax,969
2014-12-10,Capesize,979
2014-12-10,Handysize,494
2014-12-10,Panamax,1047
2014-12-10,Supramax,966
2014-12-11,Capesize,879
2014-12-11,Handysize,492
2014-12-11,Panamax,1026
2014-12-11,Supramax,960
2014-12-12,Capesize,763
2014-12-12,Handysize,493
2014-12-12,Panamax,1001
2014-12-12,Supramax,953
2014-12-15,Capesize,659
2014-12-15,Handysize,493
2014-12-15,Panamax,980
2014-12-15,Supramax,950
2014-12-16,Capesize,617
2014-12-16,Handysize,495
2014-12-16,Panamax,961
2014-12-16,Supramax,947
2014-12-17,Capesize,571
2014-12-17,Handysize,496
2014-12-17,Panamax,945
2014-12-17,Supramax,942
2014-12-18,Capesize,517
2014-12-18,Handysize,496
2014-12-18,Panamax,929
2014-12-18,Supramax,932
2014-12-19,Capesize,488
2014-12-19,Handysize,497
2014-12-19,Panamax,907
2014-12-19,Supramax,925
2014-12-22,Capesize,480
2014-12-22,Handysize,495
2014-12-22,Panamax,891
2014-12-22,Supramax,917
2014-12-23,Capesize,472
2014-12-23,Handysize,495
2014-12-23,Panamax,872
2014-12-23,Supramax,906
2014-12-24,Capesize,474
2014-12-24,Handysize,495
2014-12-24,Panamax,856
2014-12-24,Supramax,897
2015-01-02,Capesize,456
2015-01-02,Handysize,488
2015-01-02,Panamax,827
2015-01-02,Supramax,887
2015-01-05,Capesize,442
2015-01-05,Handysize,482
2015-01-05,Panamax,811
2015-01-05,Supramax,884
2015-01-06,Capesize,432
2015-01-06,Handysize,479
2015-01-06,Panamax,794
2015-01-06,Supramax,873
2015-01-07,Capesize,397
2015-01-07,Handysize,466
2015-01-07,Panamax,780
2015-01-07,Supramax,861
2015-01-08,Capesize,335
2015-01-08,Handysize,455
2015-01-08,Panamax,776
2015-01-08,Supramax,843
2015-01-09,Capesize,311
2015-01-09,Handysize,446
2015-01-09,Panamax,764
2015-01-09,Supramax,820
2015-01-12,Capesize,373
2015-01-12,Handysize,441
2015-01-12,Panamax,762
2015-01-12,Supramax,800
2015-01-13,Capesize,537
2015-01-13,Handysize,435
2015-01-13,Panamax,766
2015-01-13,Supramax,778
2015-01-14,Capesize,557
2015-01-14,Handysize,429
2015-01-14,Panamax,766
2015-01-14,Supramax,763
2015-01-15,Capesize,585
2015-01-15,Handysize,425
2015-01-15,Panamax,766
2015-01-15,Supramax,752
2015-01-16,Capesize,620
2015-01-16,Handysize,418
2015-01-16,Panamax,759
2015-01-16,Supramax,735
2015-01-19,Capesize,662
2015-01-19,Handysize,415
2015-01-19,Panamax,751
2015-01-19,Supramax,716
2015-01-20,Capesize,752
2015-01-20,Handysize,410
2015-01-20,Panamax,741
2015-01-20,Supramax,699
2015-01-21,Capesize,971
2015-01-21,Handysize,402
2015-01-21,Panamax,725
2015-01-21,Supramax,684
2015-01-22,Capesize,965
2015-01-22,Handysize,392
2015-01-22,Panamax,704
2015-01-22,Supramax,673
2015-01-23,Capesize,887
2015-01-23,Handysize,380
2015-01-23,Panamax,685
2015-01-23,Supramax,659
2015-01-26,Capesize,857
2015-01-26,Handysize,373
2015-01-26,Panamax,669
2015-01-26,Supramax,650
2015-01-27,Capesize,831
2015-01-27,Handysize,364
2015-01-27,Panamax,648
2015-01-27,Supramax,642
2015-01-28,Capesize,785
2015-01-28,Handysize,356
2015-01-28,Panamax,620
2015-01-28,Supramax,632
2015-01-29,Capesize,725
2015-01-29,Handysize,348
2015-01-29,Panamax,550
2015-01-29,Supramax,618
2015-01-30,Capesize,679
2015-01-30,Handysize,340
2015-01-30,Panamax,508
2015-01-30,Supramax,599
2015-02-02,Capesize,665
2015-02-02,Handysize,332
2015-02-02,Panamax,480
2015-02-02,Supramax,585
2015-02-03,Capesize,663
2015-02-03,Handysize,326
2015-02-03,Panamax,454
2015-02-03,Supramax,567
2015-02-04,Capesize,669
2015-02-04,Handysize,321
2015-02-04,Panamax,437
2015-02-04,Supramax,556
2015-02-05,Capesize,680
2015-02-05,Handysize,309
2015-02-05,Panamax,428
2015-02-05,Supramax,545
2015-02-06,Capesize,689
2015-02-06,Handysize,301
2015-02-06,Panamax,430
2015-02-06,Supramax,538
2015-02-09,Capesize,687
2015-02-09,Handysize,295
2015-02-09,Panamax,434
2015-02-09,Supramax,530
2015-02-10,Capesize,711
2015-02-10,Handysize,289
2015-02-10,Panamax,446
2015-02-10,Supramax,523
2015-02-11,Capesize,700
2015-02-11,Handysize,281
2015-02-11,Panamax,469
2015-02-11,Supramax,516
2015-02-12,Capesize,652
2015-02-12,Handysize,273
2015-02-12,Panamax,489
2015-02-12,Supramax,508
2015-02-13,Capesize,630
2015-02-13,Handysize,268
2015-02-13,Panamax,499
2015-02-13,Supramax,496
2015-02-16,Capesize,614
2015-02-16,Handysize,263
2015-02-16,Panamax,505
2015-02-16,Supramax,486
2015-02-17,Capesize,589
2015-02-17,Handysize,261
2015-02-17,Panamax,508
2015-02-17,Supramax,480
2015-02-18,Capesize,564
2015-02-18,Handysize,260
2015-02-18,Panamax,514
2015-02-18,Supramax,480
2015-02-19,Capesize,539
2015-02-19,Handysize,267
2015-02-19,Panamax,516
2015-02-19,Supramax,478
2015-02-20,Capesize,542
2015-02-20,Handysize,270
2015-02-20,Panamax,514
2015-02-20,Supramax,483
2015-02-23,Capesize,543
2015-02-23,Handysize,266
2015-02-23,Panamax,512
2015-02-23,Supramax,490
2015-02-24,Capesize,534
2015-02-24,Handysize,274
2015-02-24,Panamax,514
2015-02-24,Supramax,492
2015-02-25,Capesize,529
2015-02-25,Handysize,289
2015-02-25,Panamax,519
2015-02-25,Supramax,490
2015-02-26,Capesize,525
2015-02-26,Handysize,300
2015-02-26,Panamax,531
2015-02-26,Supramax,496
2015-02-27,Capesize,521
2015-02-27,Handysize,308
2015-02-27,Panamax,540
2015-02-27,Supramax,506
2015-03-02,Capesize,516
2015-03-02,Handysize,318
2015-03-02,Panamax,551
2015-03-02,Supramax,515
2015-03-03,Capesize,490
2015-03-03,Handysize,327
2015-03-03,Panamax,564
2015-03-03,Supramax,528
2015-03-04,Capesize,478
2015-03-04,Handysize,338
2015-03-04,Panamax,576
2015-03-04,Supramax,541
2015-03-05,Capesize,464
2015-03-05,Handysize,348
2015-03-05,Panamax,583
2015-03-05,Supramax,550
2015-03-06,Capesize,470
2015-03-06,Handysize,352
2015-03-06,Panamax,587
2015-03-06,Supramax,560
2015-03-09,Capesize,468
2015-03-09,Handysize,356
2015-03-09,Panamax,590
2015-03-09,Supramax,566
2015-03-10,Capesize,457
2015-03-10,Handysize,357
2015-03-10,Panamax,591
2015-03-10,Supramax,573
2015-03-11,Capesize,431
2015-03-11,Handysize,361
2015-03-11,Panamax,588
2015-03-11,Supramax,580
2015-03-12,Capesize,394
2015-03-12,Handysize,364
2015-03-12,Panamax,586
2015-03-12,Supramax,589
2015-03-13,Capesize,378
2015-03-13,Handysize,368
2015-03-13,Panamax,585
2015-03-13,Supramax,596
2015-03-16,Capesize,372
2015-03-16,Handysize,370
2015-03-16,Panamax,588
2015-03-16,Supramax,606
2015-03-17,Capesize,366
2015-03-17,Handysize,375
2015-03-17,Panamax,595
2015-03-17,Supramax,611
2015-03-18,Capesize,357
2015-03-18,Handysize,378
2015-03-18,Panamax,604
2015-03-18,Supramax,616
2015-03-19,Capesize,407
2015-03-19,Handysize,383
2015-03-19,Panamax,613
2015-03-19,Supramax,623
2015-03-20,Capesize,423
2015-03-20,Handysize,384
2015-03-20,Panamax,617
2015-03-20,Supramax,627
2015-03-23,Capesize,435
2015-03-23,Handysize,386
2015-03-23,Panamax,617
2015-03-23,Supramax,635
2015-03-24,Capesize,448
2015-03-24,Handysize,388
2015-03-24,Panamax,609
2015-03-24,Supramax,640
2015-03-25,Capesize,455
2015-03-25,Handysize,390
2015-03-25,Panamax,602
2015-03-25,Supramax,645
2015-03-26,Capesize,456
2015-03-26,Handysize,390
2015-03-26,Panamax,599
2015-03-26,Supramax,648
2015-03-27,Capesize,456
2015-03-27,Handysize,390
2015-03-27,Panamax,597
2015-03-27,Supramax,648
2015-03-30,Capesize,460
2015-03-30,Handysize,393
2015-03-30,Panamax,600
2015-03-30,Supramax,647
2015-03-31,Capesize,475
2015-03-31,Handysize,392
2015-03-31,Panamax,598
2015-03-31,Supramax,649
2015-04-01,Capesize,463
2015-04-01,Handysize,389
2015-04-01,Panamax,596
2015-04-01,Supramax,650
2015-04-02,Capesize,454
2015-04-02,Handysize,386
2015-04-02,Panamax,589
2015-04-02,Supramax,646
2015-04-07,Capesize,448
2015-04-07,Handysize,385
2015-04-07,Panamax,584
2015-04-07,Supramax,636
2015-04-08,Capesize,450
2015-04-08,Handysize,382
2015-04-08,Panamax,585
2015-04-08,Supramax,631
2015-04-09,Capesize,461
2015-04-09,Handysize,379
2015-04-09,Panamax,591
2015-04-09,Supramax,624
2015-04-10,Capesize,466
2015-04-10,Handysize,373
2015-04-10,Panamax,600
2015-04-10,Supramax,617
2015-04-13,Capesize,460
2015-04-13,Handysize,369
2015-04-13,Panamax,609
2015-04-13,Supramax,613
2015-04-14,Capesize,470
2015-04-14,Handysize,366
2015-04-14,Panamax,619
2015-04-14,Supramax,609
2015-04-15,Capesize,494
2015-04-15,Handysize,362
2015-04-15,Panamax,626
2015-04-15,Supramax,608
2015-04-16,Capesize,521
2015-04-16,Handysize,360
2015-04-16,Panamax,636
2015-04-16,Supramax,608
2015-04-17,Capesize,532
2015-04-17,Handysize,358
2015-04-17,Panamax,642
2015-04-17,Supramax,612
2015-04-20,Capesize,537
2015-04-20,Handysize,357
2015-04-20,Panamax,646
2015-04-20,Supramax,619
2015-04-21,Capesize,549
2015-04-21,Handysize,355
2015-04-21,Panamax,659
2015-04-21,Supramax,618
2015-04-22,Capesize,544
2015-04-22,Handysize,355
2015-04-22,Panamax,669
2015-04-22,Supramax,619
2015-04-23,Capesize,543
2015-04-23,Handysize,351
2015-04-23,Panamax,680
2015-04-23,Supramax,620
2015-04-24,Capesize,545
2015-04-24,Handysize,348
2015-04-24,Panamax,685
2015-04-24,Supramax,621
2015-04-27,Capesize,546
2015-04-27,Handysize,347
2015-04-27,Panamax,687
2015-04-27,Supramax,624
2015-04-28,Capesize,551
2015-04-28,Handysize,346
2015-04-28,Panamax,685
2015-04-28,Supramax,626
2015-04-29,Capesize,558
2015-04-29,Handysize,345
2015-04-29,Panamax,673
2015-04-29,Supramax,628
2015-04-30,Capesize,565
2015-04-30,Handysize,343
2015-04-30,Panamax,658
2015-04-30,Supramax,627
2015-05-01,Capesize,574
2015-05-01,Handysize,340
2015-05-01,Panamax,647
2015-05-01,Supramax,625
2015-05-05,Capesize,571
2015-05-05,Handysize,335
2015-05-05,Panamax,633
2015-05-05,Supramax,621
2015-05-06,Capesize,574
2015-05-06,Handysize,332
2015-05-06,Panamax,618
2015-05-06,Supramax,618
2015-05-07,Capesize,594
2015-05-07,Handysize,331
2015-05-07,Panamax,603
2015-05-07,Supramax,618
2015-05-08,Capesize,616
2015-05-08,Handysize,329
2015-05-08,Panamax,594
2015-05-08,Supramax,618
2015-05-11,Capesize,660
2015-05-11,Handysize,328
2015-05-11,Panamax,586
2015-05-11,Supramax,618
2015-05-12,Capesize,731
2015-05-12,Handysize,327
2015-05-12,Panamax,583
2015-05-12,Supramax,617
2015-05-13,Capesize,942
2015-05-13,Handysize,326
2015-05-13,Panamax,584
2015-05-13,Supramax,619
2015-05-14,Capesize,972
2015-05-14,Handysize,326
2015-05-14,Panamax,580
2015-05-14,Supramax,624
2015-05-15,Capesize,954
2015-05-15,Handysize,327
2015-05-15,Panamax,579
2015-05-15,Supramax,626
2015-05-18,Capesize,950
2015-05-18,Handysize,326
2015-05-18,Panamax,578
2015-05-18,Supramax,628
2015-05-19,Capesize,923
2015-05-19,Handysize,325
2015-05-19,Panamax,574
2015-05-19,Supramax,626
2015-05-20,Capesize,889
2015-05-20,Handysize,326
2015-05-20,Panamax,565
2015-05-20,Supramax,625
2015-05-21,Capesize,844
2015-05-21,Handysize,327
2015-05-21,Panamax,556
2015-05-21,Supramax,623
2015-05-22,Capesize,816
2015-05-22,Handysize,327
2015-05-22,Panamax,549
2015-05-22,Supramax,624
2015-05-26,Capesize,806
2015-05-26,Handysize,327
2015-05-26,Panamax,540
2015-05-26,Supramax,627
2015-05-27,Capesize,823
2015-05-27,Handysize,327
2015-05-27,Panamax,530
2015-05-27,Supramax,631
2015-05-28,Capesize,817
2015-05-28,Handysize,328
2015-05-28,Panamax,525
2015-05-28,Supramax,635
2015-05-29,Capesize,810
2015-05-29,Handysize,331
2015-05-29,Panamax,524
2015-05-29,Supramax,642
2015-06-01,Capesize,804
2015-06-01,Handysize,332
2015-06-01,Panamax,522
2015-06-01,Supramax,647
2015-06-02,Capesize,821
2015-06-02,Handysize,332
2015-06-02,Panamax,528
2015-06-02,Supramax,652
2015-06-03,Capesize,821
2015-06-03,Handysize,332
2015-06-03,Panamax,544
2015-06-03,Supramax,653
2015-06-04,Capesize,818
2015-06-04,Handysize,333
2015-06-04,Panamax,570
2015-06-04,Supramax,654
2015-06-05,Capesize,865
2015-06-05,Handysize,332
2015-06-05,Panamax,596
2015-06-05,Supramax,654
2015-06-08,Capesize,856
2015-06-08,Handysize,331
2015-06-08,Panamax,608
2015-06-08,Supramax,656
2015-06-09,Capesize,834
2015-06-09,Handysize,331
2015-06-09,Panamax,630
2015-06-09,Supramax,655
2015-06-10,Capesize,816
2015-06-10,Handysize,333
2015-06-10,Panamax,662
2015-06-10,Supramax,654
2015-06-11,Capesize,810
2015-06-11,Handysize,336
2015-06-11,Panamax,696
2015-06-11,Supramax,661
2015-06-12,Capesize,820
2015-06-12,Handysize,338
2015-06-12,Panamax,719
2015-06-12,Supramax,669
2015-06-15,Capesize,840
2015-06-15,Handysize,341
2015-06-15,Panamax,742
2015-06-15,Supramax,678
2015-06-16,Capesize,904
2015-06-16,Handysize,345
2015-06-16,Panamax,772
2015-06-16,Supramax,685
2015-06-17,Capesize,1045
2015-06-17,Handysize,349
2015-06-17,Panamax,817
2015-06-17,Supramax,695
2015-06-18,Capesize,1234
2015-06-18,Handysize,351
2015-06-18,Panamax,847
2015-06-18,Supramax,706
2015-06-19,Capesize,1241
2015-06-19,Handysize,355
2015-06-19,Panamax,851
2015-06-19,Supramax,715
2015-06-22,Capesize,1248
2015-06-22,Handysize,355
2015-06-22,Panamax,845
2015-06-22,Supramax,721
2015-06-23,Capesize,1300
2015-06-23,Handysize,358
2015-06-23,Panamax,834
2015-06-23,Supramax,722
2015-06-24,Capesize,1428
2015-06-24,Handysize,359
2015-06-24,Panamax,829
2015-06-24,Supramax,721
2015-06-25,Capesize,1432
2015-06-25,Handysize,361
2015-06-25,Panamax,827
2015-06-25,Supramax,723
2015-06-26,Capesize,1393
2015-06-26,Handysize,362
2015-06-26,Panamax,833
2015-06-26,Supramax,723
2015-06-29,Capesize,1346
2015-06-29,Handysize,361
2015-06-29,Panamax,838
2015-06-29,Supramax,723
2015-06-30,Capesize,1292
2015-06-30,Handysize,361
2015-06-30,Panamax,845
2015-06-30,Supramax,722
2015-07-01,Capesize,1251
2015-07-01,Handysize,360
2015-07-01,Panamax,858
2015-07-01,Supramax,715
2015-07-02,Capesize,1226
2015-07-02,Handysize,360
2015-07-02,Panamax,883
2015-07-02,Supramax,713
2015-07-03,Capesize,1249
2015-07-03,Handysize,361
2015-07-03,Panamax,908
2015-07-03,Supramax,712
2015-07-06,Capesize,1266
2015-07-06,Handysize,362
2015-07-06,Panamax,927
2015-07-06,Supramax,716
2015-07-07,Capesize,1285
2015-07-07,Handysize,367
2015-07-07,Panamax,945
2015-07-07,Supramax,723
2015-07-08,Capesize,1278
2015-07-08,Handysize,373
2015-07-08,Panamax,973
2015-07-08,Supramax,742
2015-07-09,Capesize,1279
2015-07-09,Handysize,377
2015-07-09,Panamax,1016
2015-07-09,Supramax,750
2015-07-10,Capesize,1318
2015-07-10,Handysize,384
2015-07-10,Panamax,1052
2015-07-10,Supramax,759
2015-07-13,Capesize,1389
2015-07-13,Handysize,391
2015-07-13,Panamax,1076
2015-07-13,Supramax,767
2015-07-14,Capesize,1394
2015-07-14,Handysize,399
2015-07-14,Panamax,1096
2015-07-14,Supramax,774
2015-07-15,Capesize,1462
2015-07-15,Handysize,409
2015-07-15,Panamax,1122
2015-07-15,Supramax,784
2015-07-16,Capesize,1611
2015-07-16,Handysize,417
2015-07-16,Panamax,1149
2015-07-16,Supramax,801
2015-07-17,Capesize,1712
2015-07-17,Handysize,427
2015-07-17,Panamax,1162
2015-07-17,Supramax,823
2015-07-20,Capesize,1763
2015-07-20,Handysize,431
2015-07-20,Panamax,1170
2015-07-20,Supramax,846
2015-07-21,Capesize,1935
2015-07-21,Handysize,432
2015-07-21,Panamax,1179
2015-07-21,Supramax,862
2015-07-22,Capesize,1952
2015-07-22,Handysize,433
2015-07-22,Panamax,1179
2015-07-22,Supramax,875
2015-07-23,Capesize,1924
2015-07-23,Handysize,431
2015-07-23,Panamax,1161
2015-07-23,Supramax,889
2015-07-24,Capesize,1896
2015-07-24,Handysize,428
2015-07-24,Panamax,1137
2015-07-24,Supramax,896
2015-07-27,Capesize,1935
2015-07-27,Handysize,427
2015-07-27,Panamax,1115
2015-07-27,Supramax,899
2015-07-28,Capesize,1990
2015-07-28,Handysize,425
2015-07-28,Panamax,1095
2015-07-28,Supramax,903
2015-07-29,Capesize,2103
2015-07-29,Handysize,423
2015-07-29,Panamax,1069
2015-07-29,Supramax,903
2015-07-30,Capesize,2116
2015-07-30,Handysize,422
2015-07-30,Panamax,1044
2015-07-30,Supramax,898
2015-07-31,Capesize,2209
2015-07-31,Handysize,423
2015-07-31,Panamax,1023
2015-07-31,Supramax,892
2015-08-03,Capesize,2308
2015-08-03,Handysize,424
2015-08-03,Panamax,1006
2015-08-03,Supramax,899
2015-08-04,Capesize,2512
2015-08-04,Handysize,425
2015-08-04,Panamax,1001
2015-08-04,Supramax,900
2015-08-05,Capesize,2604
2015-08-05,Handysize,427
2015-08-05,Panamax,1005
2015-08-05,Supramax,899
2015-08-06,Capesize,2514
2015-08-06,Handysize,432
2015-08-06,Panamax,1013
2015-08-06,Supramax,901
2015-08-07,Capesize,2512
2015-08-07,Handysize,438
2015-08-07,Panamax,1021
2015-08-07,Supramax,904
2015-08-10,Capesize,2499
2015-08-10,Handysize,443
2015-08-10,Panamax,1028
2015-08-10,Supramax,904
2015-08-11,Capesize,2367
2015-08-11,Handysize,446
2015-08-11,Panamax,1043
2015-08-11,Supramax,901
2015-08-12,Capesize,2107
2015-08-12,Handysize,447
2015-08-12,Panamax,1053
2015-08-12,Supramax,900
2015-08-13,Capesize,1875
2015-08-13,Handysize,448
2015-08-13,Panamax,1054
2015-08-13,Supramax,899
2015-08-14,Capesize,1884
2015-08-14,Handysize,449
2015-08-14,Panamax,1057
2015-08-14,Supramax,901
2015-08-17,Capesize,1913
2015-08-17,Handysize,449
2015-08-17,Panamax,1057
2015-08-17,Supramax,905
2015-08-18,Capesize,1838
2015-08-18,Handysize,449
2015-08-18,Panamax,1052
2015-08-18,Supramax,908
2015-08-19,Capesize,1773
2015-08-19,Handysize,453
2015-08-19,Panamax,1049
2015-08-19,Supramax,915
2015-08-20,Capesize,1679
2015-08-20,Handysize,460
2015-08-20,Panamax,1052
2015-08-20,Supramax,920
2015-08-21,Capesize,1559
2015-08-21,Handysize,464
2015-08-21,Panamax,1054
2015-08-21,Supramax,924
2015-08-24,Capesize,1403
2015-08-24,Handysize,469
2015-08-24,Panamax,1052
2015-08-24,Supramax,930
2015-08-25,Capesize,1248
2015-08-25,Handysize,473
2015-08-25,Panamax,1047
2015-08-25,Supramax,933
2015-08-26,Capesize,1089
2015-08-26,Handysize,477
2015-08-26,Panamax,1031
2015-08-26,Supramax,934
2015-08-27,Capesize,1051
2015-08-27,Handysize,479
2015-08-27,Panamax,1000
2015-08-27,Supramax,933
2015-08-28,Capesize,1071
2015-08-28,Handysize,480
2015-08-28,Panamax,974
2015-08-28,Supramax,931
2015-09-01,Capesize,1176
2015-09-01,Handysize,480
2015-09-01,Panamax,949
2015-09-01,Supramax,925
2015-09-02,Capesize,1194
2015-09-02,Handysize,481
2015-09-02,Panamax,912
2015-09-02,Supramax,912
2015-09-03,Capesize,1195
2015-09-03,Handysize,483
2015-09-03,Panamax,870
2015-09-03,Supramax,896
2015-09-04,Capesize,1187
2015-09-04,Handysize,485
2015-09-04,Panamax,837
2015-09-04,Supramax,882
2015-09-07,Capesize,1243
2015-09-07,Handysize,482
2015-09-07,Panamax,812
2015-09-07,Supramax,870
2015-09-08,Capesize,1286
2015-09-08,Handysize,477
2015-09-08,Panamax,793
2015-09-08,Supramax,857
2015-09-09,Capesize,1256
2015-09-09,Handysize,472
2015-09-09,Panamax,776
2015-09-09,Supramax,848
2015-09-10,Capesize,1202
2015-09-10,Handysize,468
2015-09-10,Panamax,751
2015-09-10,Supramax,838
2015-09-11,Capesize,1198
2015-09-11,Handysize,460
2015-09-11,Panamax,735
2015-09-11,Supramax,824
2015-09-14,Capesize,1185
2015-09-14,Handysize,452
2015-09-14,Panamax,723
2015-09-14,Supramax,810
2015-09-15,Capesize,1196
2015-09-15,Handysize,445
2015-09-15,Panamax,720
2015-09-15,Supramax,799
2015-09-16,Capesize,1264
2015-09-16,Handysize,439
2015-09-16,Panamax,716
2015-09-16,Supramax,789
2015-09-17,Capesize,1637
2015-09-17,Handysize,431
2015-09-17,Panamax,727
2015-09-17,Supramax,783
2015-09-18,Capesize,1995
2015-09-18,Handysize,426
2015-09-18,Panamax,753
2015-09-18,Supramax,772
2015-09-21,Capesize,2096
2015-09-21,Handysize,421
2015-09-21,Panamax,769
2015-09-21,Supramax,762
2015-09-22,Capesize,1873
2015-09-22,Handysize,417
2015-09-22,Panamax,769
2015-09-22,Supramax,757
2015-09-23,Capesize,1872
2015-09-23,Handysize,414
2015-09-23,Panamax,761
2015-09-23,Supramax,749
2015-09-24,Capesize,1911
2015-09-24,Handysize,411
2015-09-24,Panamax,751
2015-09-24,Supramax,742
2015-09-25,Capesize,2024
2015-09-25,Handysize,408
2015-09-25,Panamax,744
2015-09-25,Supramax,738
2015-09-28,Capesize,2075
2015-09-28,Handysize,402
2015-09-28,Panamax,738
2015-09-28,Supramax,733
2015-09-29,Capesize,2031
2015-09-29,Handysize,400
2015-09-29,Panamax,725
2015-09-29,Supramax,724
2015-09-30,Capesize,1936
2015-09-30,Handysize,398
2015-09-30,Panamax,712
2015-09-30,Supramax,713
2015-10-01,Capesize,1911
2015-10-01,Handysize,396
2015-10-01,Panamax,704
2015-10-01,Supramax,703
2015-10-02,Capesize,1931
2015-10-02,Handysize,392
2015-10-02,Panamax,701
2015-10-02,Supramax,695
2015-10-05,Capesize,1901
2015-10-05,Handysize,390
2015-10-05,Panamax,699
2015-10-05,Supramax,691
2015-10-06,Capesize,1860
2015-10-06,Handysize,386
2015-10-06,Panamax,700
2015-10-06,Supramax,688
2015-10-07,Capesize,1742
2015-10-07,Handysize,384
2015-10-07,Panamax,709
2015-10-07,Supramax,681
2015-10-08,Capesize,1598
2015-10-08,Handysize,382
2015-10-08,Panamax,736
2015-10-08,Supramax,676
2015-10-09,Capesize,1549
2015-10-09,Handysize,380
2015-10-09,Panamax,761
2015-10-09,Supramax,672
2015-10-12,Capesize,1551
2015-10-12,Handysize,380
2015-10-12,Panamax,768
2015-10-12,Supramax,669
2015-10-13,Capesize,1531
2015-10-13,Handysize,379
2015-10-13,Panamax,770
2015-10-13,Supramax,666
2015-10-14,Capesize,1457
2015-10-14,Handysize,379
2015-10-14,Panamax,761
2015-10-14,Supramax,664
2015-10-15,Capesize,1368
2015-10-15,Handysize,378
2015-10-15,Panamax,742
2015-10-15,Supramax,662
2015-10-16,Capesize,1318
2015-10-16,Handysize,376
2015-10-16,Panamax,722
2015-10-16,Supramax,661
2015-10-19,Capesize,1312
2015-10-19,Handysize,371
2015-10-19,Panamax,710
2015-10-19,Supramax,658
2015-10-20,Capesize,1399
2015-10-20,Handysize,368
2015-10-20,Panamax,701
2015-10-20,Supramax,656
2015-10-21,Capesize,1483
2015-10-21,Handysize,366
2015-10-21,Panamax,693
2015-10-21,Supramax,654
2015-10-22,Capesize,1512
2015-10-22,Handysize,365
2015-10-22,Panamax,685
2015-10-22,Supramax,652
2015-10-23,Capesize,1461
2015-10-23,Handysize,362
2015-10-23,Panamax,683
2015-10-23,Supramax,649
2015-10-26,Capesize,1403
2015-10-26,Handysize,360
2015-10-26,Panamax,681
2015-10-26,Supramax,648
2015-10-27,Capesize,1307
2015-10-27,Handysize,356
2015-10-27,Panamax,686
2015-10-27,Supramax,646
2015-10-28,Capesize,1275
2015-10-28,Handysize,354
2015-10-28,Panamax,687
2015-10-28,Supramax,645
2015-10-29,Capesize,1254
2015-10-29,Handysize,351
2015-10-29,Panamax,682
2015-10-29,Supramax,643
2015-10-30,Capesize,1229
2015-10-30,Handysize,349
2015-10-30,Panamax,675
2015-10-30,Supramax,633
2015-11-02,Capesize,1184
2015-11-02,Handysize,347
2015-11-02,Panamax,665
2015-11-02,Supramax,629
2015-11-03,Capesize,1099
2015-11-03,Handysize,339
2015-11-03,Panamax,653
2015-11-03,Supramax,620
2015-11-04,Capesize,1043
2015-11-04,Handysize,333
2015-11-04,Panamax,636
2015-11-04,Supramax,609
2015-11-05,Capesize,1002
2015-11-05,Handysize,328
2015-11-05,Panamax,618
2015-11-05,Supramax,596
2015-11-06,Capesize,1003
2015-11-06,Handysize,323
2015-11-06,Panamax,603
2015-11-06,Supramax,584
2015-11-09,Capesize,1021
2015-11-09,Handysize,319
2015-11-09,Panamax,589
2015-11-09,Supramax,571
2015-11-10,Capesize,1018
2015-11-10,Handysize,316
2015-11-10,Panamax,575
2015-11-10,Supramax,562
2015-11-11,Capesize,946
2015-11-11,Handysize,311
2015-11-11,Panamax,555
2015-11-11,Supramax,554
2015-11-12,Capesize,881
2015-11-12,Handysize,307
2015-11-12,Panamax,534
2015-11-12,Supramax,543
2015-11-13,Capesize,809
2015-11-13,Handysize,304
2015-11-13,Panamax,514
2015-11-13,Supramax,533
2015-11-16,Capesize,770
2015-11-16,Handysize,302
2015-11-16,Panamax,500
2015-11-16,Supramax,523
2015-11-17,Capesize,733
2015-11-17,Handysize,296
2015-11-17,Panamax,487
2015-11-17,Supramax,516
2015-11-18,Capesize,671
2015-11-18,Handysize,292
2015-11-18,Panamax,477
2015-11-18,Supramax,504
2015-11-19,Capesize,619
2015-11-19,Handysize,290
2015-11-19,Panamax,468
2015-11-19,Supramax,491
2015-11-20,Capesize,606
2015-11-20,Handysize,288
2015-11-20,Panamax,463
2015-11-20,Supramax,479
2015-11-23,Capesize,698
2015-11-23,Handysize,286
2015-11-23,Panamax,461
2015-11-23,Supramax,472
2015-11-24,Capesize,731
2015-11-24,Handysize,285
2015-11-24,Panamax,460
2015-11-24,Supramax,469
2015-11-25,Capesize,807
2015-11-25,Handysize,285
2015-11-25,Panamax,463
2015-11-25,Supramax,467
2015-11-26,Capesize,898
2015-11-26,Handysize,284
2015-11-26,Panamax,459
2015-11-26,Supramax,467
2015-11-27,Capesize,989
2015-11-27,Handysize,283
2015-11-27,Panamax,456
2015-11-27,Supramax,467
2015-11-30,Capesize,1007
2015-11-30,Handysize,285
2015-11-30,Panamax,453
2015-11-30,Supramax,467
2015-12-01,Capesize,1046
2015-12-01,Handysize,286
2015-12-01,Panamax,450
2015-12-01,Supramax,469
2015-12-02,Capesize,1001
2015-12-02,Handysize,286
2015-12-02,Panamax,446
2015-12-02,Supramax,471
2015-12-03,Capesize,931
2015-12-03,Handysize,286
2015-12-03,Panamax,438
2015-12-03,Supramax,472
2015-12-04,Capesize,890
2015-12-04,Handysize,286
2015-12-04,Panamax,433
2015-12-04,Supramax,470
2015-12-07,Capesize,852
2015-12-07,Handysize,286
2015-12-07,Panamax,426
2015-12-07,Supramax,469
2015-12-08,Capesize,870
2015-12-08,Handysize,286
2015-12-08,Panamax,420
2015-12-08,Supramax,465
2015-12-09,Capesize,857
2015-12-09,Handysize,286
2015-12-09,Panamax,412
2015-12-09,Supramax,461
2015-12-10,Capesize,824
2015-12-10,Handysize,285
2015-12-10,Panamax,408
2015-12-10,Supramax,460
2015-12-11,Capesize,779
2015-12-11,Handysize,282
2015-12-11,Panamax,410
2015-12-11,Supramax,455
2015-12-14,Capesize,722
2015-12-14,Handysize,279
2015-12-14,Panamax,410
2015-12-14,Supramax,451
2015-12-15,Capesize,623
2015-12-15,Handysize,276
2015-12-15,Panamax,411
2015-12-15,Supramax,450
2015-12-16,Capesize,549
2015-12-16,Handysize,275
2015-12-16,Panamax,415
2015-12-16,Supramax,449
2015-12-17,Capesize,524
2015-12-17,Handysize,274
2015-12-17,Panamax,421
2015-12-17,Supramax,448
2015-12-18,Capesize,524
2015-12-18,Handysize,273
2015-12-18,Panamax,426
2015-12-18,Supramax,448
2015-12-21,Capesize,512
2015-12-21,Handysize,273
2015-12-21,Panamax,433
2015-12-21,Supramax,449
2015-12-22,Capesize,485
2015-12-22,Handysize,271
2015-12-22,Panamax,445
2015-12-22,Supramax,449
2015-12-23,Capesize,469
2015-12-23,Handysize,270
2015-12-23,Panamax,457
2015-12-23,Supramax,449
2015-12-24,Capesize,470
2015-12-24,Handysize,270
2015-12-24,Panamax,462
2015-12-24,Supramax,450
2016-01-04,Capesize,472
2016-01-04,Handysize,267
2016-01-04,Panamax,464
2016-01-04,Supramax,450
2016-01-05,Capesize,462
2016-01-05,Handysize,266
2016-01-05,Panamax,466
2016-01-05,Supramax,449
2016-01-06,Capesize,467
2016-01-06,Handysize,263
2016-01-06,Panamax,464
2016-01-06,Supramax,445
2016-01-07,Capesize,399
2016-01-07,Handysize,259
2016-01-07,Panamax,450
2016-01-07,Supramax,442
2016-01-08,Capesize,343
2016-01-08,Handysize,256
2016-01-08,Panamax,434
2016-01-08,Supramax,436
2016-01-11,Capesize,314
2016-01-11,Handysize,251
2016-01-11,Panamax,420
2016-01-11,Supramax,430
2016-01-12,Capesize,266
2016-01-12,Handysize,250
2016-01-12,Panamax,411
2016-01-12,Supramax,422
2016-01-13,Capesize,245
2016-01-13,Handysize,250
2016-01-13,Panamax,399
2016-01-13,Supramax,416
2016-01-14,Capesize,225
2016-01-14,Handysize,247
2016-01-14,Panamax,388
2016-01-14,Supramax,412
2016-01-15,Capesize,198
2016-01-15,Handysize,245
2016-01-15,Panamax,381
2016-01-15,Supramax,402
2016-01-18,Capesize,197
2016-01-18,Handysize,243
2016-01-18,Panamax,375
2016-01-18,Supramax,394
2016-01-19,Capesize,185
2016-01-19,Handysize,240
2016-01-19,Panamax,369
2016-01-19,Supramax,388
2016-01-20,Capesize,186
2016-01-20,Handysize,238
2016-01-20,Panamax,360
2016-01-20,Supramax,381
2016-01-21,Capesize,206
2016-01-21,Handysize,237
2016-01-21,Panamax,346
2016-01-21,Supramax,372
2016-01-22,Capesize,229
2016-01-22,Handysize,233
2016-01-22,Panamax,334
2016-01-22,Supramax,366
2016-01-25,Capesize,254
2016-01-25,Handysize,231
2016-01-25,Panamax,325
2016-01-25,Supramax,358
2016-01-26,Capesize,242
2016-01-26,Handysize,229
2016-01-26,Panamax,312
2016-01-26,Supramax,350
2016-01-27,Capesize,235
2016-01-27,Handysize,225
2016-01-27,Panamax,303
2016-01-27,Supramax,338
2016-01-28,Capesize,216
2016-01-28,Handysize,222
2016-01-28,Panamax,293
2016-01-28,Supramax,327
2016-01-29,Capesize,211
2016-01-29,Handysize,219
2016-01-29,Panamax,287
2016-01-29,Supramax,316
2016-02-01,Capesize,217
2016-02-01,Handysize,216
2016-02-01,Panamax,282
2016-02-01,Supramax,304
2016-02-02,Capesize,217
2016-02-02,Handysize,212
2016-02-02,Panamax,282
2016-02-02,Supramax,299
2016-02-03,Capesize,209
2016-02-03,Handysize,203
2016-02-03,Panamax,284
2016-02-03,Supramax,289
2016-02-04,Capesize,208
2016-02-04,Handysize,197
2016-02-04,Panamax,289
2016-02-04,Supramax,280
2016-02-05,Capesize,212
2016-02-05,Handysize,194
2016-02-05,Panamax,295
2016-02-05,Supramax,271
2016-02-08,Capesize,207
2016-02-08,Handysize,190
2016-02-08,Panamax,298
2016-02-08,Supramax,262
2016-02-09,Capesize,207
2016-02-09,Handysize,188
2016-02-09,Panamax,297
2016-02-09,Supramax,255
2016-02-10,Capesize,208
2016-02-10,Handysize,186
2016-02-10,Panamax,301
2016-02-10,Supramax,250
2016-02-11,Capesize,206
2016-02-11,Handysize,184
2016-02-11,Panamax,312
2016-02-11,Supramax,247
2016-02-12,Capesize,199
2016-02-12,Handysize,183
2016-02-12,Panamax,324
2016-02-12,Supramax,244
2016-02-15,Capesize,204
2016-02-15,Handysize,183
2016-02-15,Panamax,334
2016-02-15,Supramax,243
2016-02-16,Capesize,223
2016-02-16,Handysize,184
2016-02-16,Panamax,346
2016-02-16,Supramax,247
2016-02-17,Capesize,223
2016-02-17,Handysize,186
2016-02-17,Panamax,357
2016-02-17,Supramax,252
2016-02-18,Capesize,220
2016-02-18,Handysize,193
2016-02-18,Panamax,358
2016-02-18,Supramax,259
2016-02-19,Capesize,207
2016-02-19,Handysize,198
2016-02-19,Panamax,355
2016-02-19,Supramax,270
2016-02-22,Capesize,197
2016-02-22,Handysize,200
2016-02-22,Panamax,350
2016-02-22,Supramax,286
2016-02-23,Capesize,189
2016-02-23,Handysize,203
2016-02-23,Panamax,346
2016-02-23,Supramax,298
2016-02-24,Capesize,186
2016-02-24,Handysize,206
2016-02-24,Panamax,346
2016-02-24,Supramax,310
2016-02-25,Capesize,182
2016-02-25,Handysize,209
2016-02-25,Panamax,346
2016-02-25,Supramax,321
2016-02-26,Capesize,177
2016-02-26,Handysize,212
2016-02-26,Panamax,352
2016-02-26,Supramax,328
2016-02-29,Capesize,174
2016-02-29,Handysize,214
2016-02-29,Panamax,354
2016-02-29,Supramax,333
2016-03-01,Capesize,174
2016-03-01,Handysize,217
2016-03-01,Panamax,357
2016-03-01,Supramax,339
2016-03-02,Capesize,171
2016-03-02,Handysize,220
2016-03-02,Panamax,364
2016-03-02,Supramax,345
2016-03-03,Capesize,166
2016-03-03,Handysize,227
2016-03-03,Panamax,374
2016-03-03,Supramax,350
2016-03-04,Capesize,164
2016-03-04,Handysize,232
2016-03-04,Panamax,386
2016-03-04,Supramax,363
2016-03-07,Capesize,161
2016-03-07,Handysize,237
2016-03-07,Panamax,397
2016-03-07,Supramax,371
2016-03-08,Capesize,180
2016-03-08,Handysize,240
2016-03-08,Panamax,422
2016-03-08,Supramax,377
2016-03-09,Capesize,178
2016-03-09,Handysize,243
2016-03-09,Panamax,447
2016-03-09,Supramax,386
2016-03-10,Capesize,178
2016-03-10,Handysize,246
2016-03-10,Panamax,466
2016-03-10,Supramax,399
2016-03-11,Capesize,176
2016-03-11,Handysize,249
2016-03-11,Panamax,477
2016-03-11,Supramax,412
2016-03-14,Capesize,179
2016-03-14,Handysize,252
2016-03-14,Panamax,481
2016-03-14,Supramax,420
2016-03-15,Capesize,186
2016-03-15,Handysize,255
2016-03-15,Panamax,481
2016-03-15,Supramax,427
2016-03-16,Capesize,172
2016-03-16,Handysize,257
2016-03-16,Panamax,474
2016-03-16,Supramax,432
2016-03-17,Capesize,178
2016-03-17,Handysize,258
2016-03-17,Panamax,467
2016-03-17,Supramax,439
2016-03-18,Capesize,197
2016-03-18,Handysize,260
2016-03-18,Panamax,463
2016-03-18,Supramax,445
2016-03-21,Capesize,197
2016-03-21,Handysize,262
2016-03-21,Panamax,459
2016-03-21,Supramax,449
2016-03-22,Capesize,186
2016-03-22,Handysize,264
2016-03-22,Panamax,455
2016-03-22,Supramax,460
2016-03-23,Capesize,196
2016-03-23,Handysize,266
2016-03-23,Panamax,458
2016-03-23,Supramax,464
2016-03-24,Capesize,203
2016-03-24,Handysize,268
2016-03-24,Panamax,466
2016-03-24,Supramax,468
2016-03-29,Capesize,207
2016-03-29,Handysize,270
2016-03-29,Panamax,471
2016-03-29,Supramax,473
2016-03-30,Capesize,210
2016-03-30,Handysize,271
2016-03-30,Panamax,484
2016-03-30,Supramax,474
2016-03-31,Capesize,270
2016-03-31,Handysize,272
2016-03-31,Panamax,501
2016-03-31,Supramax,475
2016-04-01,Capesize,345
2016-04-01,Handysize,272
2016-04-01,Panamax,535
2016-04-01,Supramax,476
2016-04-04,Capesize,424
2016-04-04,Handysize,274
2016-04-04,Panamax,563
2016-04-04,Supramax,476
2016-04-05,Capesize,466
2016-04-05,Handysize,275
2016-04-05,Panamax,596
2016-04-05,Supramax,479
2016-04-06,Capesize,477
2016-04-06,Handysize,278
2016-04-06,Panamax,619
2016-04-06,Supramax,479
2016-04-07,Capesize,562
2016-04-07,Handysize,280
2016-04-07,Panamax,627
2016-04-07,Supramax,482
2016-04-08,Capesize,656
2016-04-08,Handysize,286
2016-04-08,Panamax,643
2016-04-08,Supramax,485
2016-04-11,Capesize,733
2016-04-11,Handysize,288
2016-04-11,Panamax,654
2016-04-11,Supramax,488
2016-04-12,Capesize,744
2016-04-12,Handysize,290
2016-04-12,Panamax,666
2016-04-12,Supramax,492
2016-04-13,Capesize,744
2016-04-13,Handysize,296
2016-04-13,Panamax,678
2016-04-13,Supramax,498
2016-04-14,Capesize,831
2016-04-14,Handysize,309
2016-04-14,Panamax,700
2016-04-14,Supramax,506
2016-04-15,Capesize,949
2016-04-15,Handysize,321
2016-04-15,Panamax,727
2016-04-15,Supramax,514
2016-04-18,Capesize,1030
2016-04-18,Handysize,328
2016-04-18,Panamax,740
2016-04-18,Supramax,525
2016-04-19,Capesize,1065
2016-04-19,Handysize,334
2016-04-19,Panamax,746
2016-04-19,Supramax,529
2016-04-20,Capesize,1022
2016-04-20,Handysize,342
2016-04-20,Panamax,747
2016-04-20,Supramax,534
2016-04-21,Capesize,1004
2016-04-21,Handysize,348
2016-04-21,Panamax,743
2016-04-21,Supramax,543
2016-04-22,Capesize,1085
2016-04-22,Handysize,354
2016-04-22,Panamax,736
2016-04-22,Supramax,551
2016-04-25,Capesize,1087
2016-04-25,Handysize,356
2016-04-25,Panamax,727
2016-04-25,Supramax,558
2016-04-26,Capesize,1135
2016-04-26,Handysize,358
2016-04-26,Panamax,718
2016-04-26,Supramax,562
2016-04-27,Capesize,1160
2016-04-27,Handysize,362
2016-04-27,Panamax,704
2016-04-27,Supramax,564
2016-04-28,Capesize,1137
2016-04-28,Handysize,365
2016-04-28,Panamax,685
2016-04-28,Supramax,573
2016-04-29,Capesize,1117
2016-04-29,Handysize,367
2016-04-29,Panamax,667
2016-04-29,Supramax,578
2016-05-03,Capesize,1055
2016-05-03,Handysize,368
2016-05-03,Panamax,640
2016-05-03,Supramax,582
2016-05-04,Capesize,954
2016-05-04,Handysize,365
2016-05-04,Panamax,621
2016-05-04,Supramax,583
2016-05-05,Capesize,915
2016-05-05,Handysize,365
2016-05-05,Panamax,607
2016-05-05,Supramax,583
2016-05-06,Capesize,892
2016-05-06,Handysize,359
2016-05-06,Panamax,591
2016-05-06,Supramax,582
2016-05-09,Capesize,837
2016-05-09,Handysize,355
2016-05-09,Panamax,584
2016-05-09,Supramax,578
2016-05-10,Capesize,752
2016-05-10,Handysize,352
2016-05-10,Panamax,581
2016-05-10,Supramax,575
2016-05-11,Capesize,713
2016-05-11,Handysize,349
2016-05-11,Panamax,583
2016-05-11,Supramax,567
2016-05-12,Capesize,724
2016-05-12,Handysize,347
2016-05-12,Panamax,589
2016-05-12,Supramax,560
2016-05-13,Capesize,798
2016-05-13,Handysize,347
2016-05-13,Panamax,597
2016-05-13,Supramax,555
2016-05-16,Capesize,854
2016-05-16,Handysize,347
2016-05-16,Panamax,598
2016-05-16,Supramax,553
2016-05-17,Capesize,988
2016-05-17,Handysize,345
2016-05-17,Panamax,604
2016-05-17,Supramax,552
2016-05-18,Capesize,954
2016-05-18,Handysize,342
2016-05-18,Panamax,611
2016-05-18,Supramax,552
2016-05-19,Capesize,906
2016-05-19,Handysize,342
2016-05-19,Panamax,617
2016-05-19,Supramax,553
2016-05-20,Capesize,870
2016-05-20,Handysize,343
2016-05-20,Panamax,614
2016-05-20,Supramax,558
2016-05-23,Capesize,870
2016-05-23,Handysize,344
2016-05-23,Panamax,611
2016-05-23,Supramax,562
2016-05-24,Capesize,848
2016-05-24,Handysize,345
2016-05-24,Panamax,608
2016-05-24,Supramax,565
2016-05-25,Capesize,799
2016-05-25,Handysize,346
2016-05-25,Panamax,596
2016-05-25,Supramax,568
2016-05-26,Capesize,793
2016-05-26,Handysize,347
2016-05-26,Panamax,586
2016-05-26,Supramax,571
2016-05-27,Capesize,830
2016-05-27,Handysize,347
2016-05-27,Panamax,582
2016-05-27,Supramax,575
2016-05-31,Capesize,854
2016-05-31,Handysize,351
2016-05-31,Panamax,574
2016-05-31,Supramax,579
2016-06-01,Capesize,861
2016-06-01,Handysize,355
2016-06-01,Panamax,568
2016-06-01,Supramax,580
2016-06-02,Capesize,854
2016-06-02,Handysize,354
2016-06-02,Panamax,560
2016-06-02,Supramax,578
2016-06-03,Capesize,913
2016-06-03,Handysize,349
2016-06-03,Panamax,550
2016-06-03,Supramax,575
2016-06-06,Capesize,922
2016-06-06,Handysize,345
2016-06-06,Panamax,544
2016-06-06,Supramax,574
2016-06-07,Capesize,920
2016-06-07,Handysize,344
2016-06-07,Panamax,542
2016-06-07,Supramax,570
2016-06-08,Capesize,973
2016-06-08,Handysize,338
2016-06-08,Panamax,540
2016-06-08,Supramax,567
2016-06-09,Capesize,995
2016-06-09,Handysize,332
2016-06-09,Panamax,543
2016-06-09,Supramax,564
2016-06-10,Capesize,1006
2016-06-10,Handysize,327
2016-06-10,Panamax,543
2016-06-10,Supramax,560
2016-06-13,Capesize,1014
2016-06-13,Handysize,322
2016-06-13,Panamax,542
2016-06-13,Supramax,557
2016-06-14,Capesize,1018
2016-06-14,Handysize,317
2016-06-14,Panamax,543
2016-06-14,Supramax,554
2016-06-15,Capesize,1000
2016-06-15,Handysize,315
2016-06-15,Panamax,545
2016-06-15,Supramax,552
2016-06-16,Capesize,976
2016-06-16,Handysize,314
2016-06-16,Panamax,545
2016-06-16,Supramax,552
2016-06-17,Capesize,927
2016-06-17,Handysize,311
2016-06-17,Panamax,546
2016-06-17,Supramax,554
2016-06-20,Capesize,897
2016-06-20,Handysize,312
2016-06-20,Panamax,546
2016-06-20,Supramax,555
2016-06-21,Capesize,873
2016-06-21,Handysize,315
2016-06-21,Panamax,548
2016-06-21,Supramax,559
2016-06-22,Capesize,878
2016-06-22,Handysize,318
2016-06-22,Panamax,556
2016-06-22,Supramax,563
2016-06-23,Capesize,897
2016-06-23,Handysize,322
2016-06-23,Panamax,569
2016-06-23,Supramax,570
2016-06-24,Capesize,913
2016-06-24,Handysize,329
2016-06-24,Panamax,585
2016-06-24,Supramax,577
2016-06-27,Capesize,919
2016-06-27,Handysize,331
2016-06-27,Panamax,601
2016-06-27,Supramax,583
2016-06-28,Capesize,936
2016-06-28,Handysize,336
2016-06-28,Panamax,618
2016-06-28,Supramax,587
2016-06-29,Capesize,955
2016-06-29,Handysize,338
2016-06-29,Panamax,634
2016-06-29,Supramax,593
2016-06-30,Capesize,996
2016-06-30,Handysize,342
2016-06-30,Panamax,662
2016-06-30,Supramax,606
2016-07-01,Capesize,1030
2016-07-01,Handysize,344
2016-07-01,Panamax,691
2016-07-01,Supramax,619
2016-07-04,Capesize,1049
2016-07-04,Handysize,347
2016-07-04,Panamax,710
2016-07-04,Supramax,627
2016-07-05,Capesize,1034
2016-07-05,Handysize,349
2016-07-05,Panamax,735
2016-07-05,Supramax,633
2016-07-06,Capesize,1019
2016-07-06,Handysize,349
2016-07-06,Panamax,755
2016-07-06,Supramax,637
2016-07-07,Capesize,1008
2016-07-07,Handysize,352
2016-07-07,Panamax,779
2016-07-07,Supramax,639
2016-07-08,Capesize,1002
2016-07-08,Handysize,354
2016-07-08,Panamax,792
2016-07-08,Supramax,644
2016-07-11,Capesize,991
2016-07-11,Handysize,356
2016-07-11,Panamax,799
2016-07-11,Supramax,647
2016-07-12,Capesize,987
2016-07-12,Handysize,358
2016-07-12,Panamax,809
2016-07-12,Supramax,651
2016-07-13,Capesize,1010
2016-07-13,Handysize,360
2016-07-13,Panamax,819
2016-07-13,Supramax,666
2016-07-14,Capesize,1020
2016-07-14,Handysize,361
2016-07-14,Panamax,842
2016-07-14,Supramax,679
2016-07-15,Capesize,1023
2016-07-15,Handysize,363
2016-07-15,Panamax,863
2016-07-15,Supramax,686
2016-07-18,Capesize,1016
2016-07-18,Handysize,366
2016-07-18,Panamax,874
2016-07-18,Supramax,693
2016-07-19,Capesize,986
2016-07-19,Handysize,371
2016-07-19,Panamax,879
2016-07-19,Supramax,697
2016-07-20,Capesize,937
2016-07-20,Handysize,376
2016-07-20,Panamax,872
2016-07-20,Supramax,700
2016-07-21,Capesize,906
2016-07-21,Handysize,379
2016-07-21,Panamax,850
2016-07-21,Supramax,702
2016-07-22,Capesize,895
2016-07-22,Handysize,383
2016-07-22,Panamax,827
2016-07-22,Supramax,701
2016-07-25,Capesize,877
2016-07-25,Handysize,386
2016-07-25,Panamax,806
2016-07-25,Supramax,698
2016-07-26,Capesize,841
2016-07-26,Handysize,390
2016-07-26,Panamax,784
2016-07-26,Supramax,697
2016-07-27,Capesize,803
2016-07-27,Handysize,392
2016-07-27,Panamax,752
2016-07-27,Supramax,690
2016-07-28,Capesize,780
2016-07-28,Handysize,396
2016-07-28,Panamax,719
2016-07-28,Supramax,684
2016-07-29,Capesize,768
2016-07-29,Handysize,399
2016-07-29,Panamax,692
2016-07-29,Supramax,676
2016-08-01,Capesize,757
2016-08-01,Handysize,401
2016-08-01,Panamax,673
2016-08-01,Supramax,671
2016-08-02,Capesize,757
2016-08-02,Handysize,400
2016-08-02,Panamax,658
2016-08-02,Supramax,667
2016-08-03,Capesize,758
2016-08-03,Handysize,397
2016-08-03,Panamax,648
2016-08-03,Supramax,663
2016-08-04,Capesize,759
2016-08-04,Handysize,395
2016-08-04,Panamax,641
2016-08-04,Supramax,660
2016-08-05,Capesize,770
2016-08-05,Handysize,394
2016-08-05,Panamax,640
2016-08-05,Supramax,654
2016-08-08,Capesize,777
2016-08-08,Handysize,392
2016-08-08,Panamax,638
2016-08-08,Supramax,647
2016-08-09,Capesize,770
2016-08-09,Handysize,389
2016-08-09,Panamax,642
2016-08-09,Supramax,645
2016-08-10,Capesize,795
2016-08-10,Handysize,391
2016-08-10,Panamax,659
2016-08-10,Supramax,642
2016-08-11,Capesize,833
2016-08-11,Handysize,394
2016-08-11,Panamax,687
2016-08-11,Supramax,639
2016-08-12,Capesize,891
2016-08-12,Handysize,396
2016-08-12,Panamax,703
2016-08-12,Supramax,640
2016-08-15,Capesize,920
2016-08-15,Handysize,399
2016-08-15,Panamax,713
2016-08-15,Supramax,643
2016-08-16,Capesize,926
2016-08-16,Handysize,403
2016-08-16,Panamax,721
2016-08-16,Supramax,646
2016-08-17,Capesize,885
2016-08-17,Handysize,405
2016-08-17,Panamax,726
2016-08-17,Supramax,652
2016-08-18,Capesize,852
2016-08-18,Handysize,407
2016-08-18,Panamax,727
2016-08-18,Supramax,666
2016-08-19,Capesize,843
2016-08-19,Handysize,412
2016-08-19,Panamax,727
2016-08-19,Supramax,677
2016-08-22,Capesize,848
2016-08-22,Handysize,416
2016-08-22,Panamax,721
2016-08-22,Supramax,686
2016-08-23,Capesize,861
2016-08-23,Handysize,420
2016-08-23,Panamax,714
2016-08-23,Supramax,694
2016-08-24,Capesize,910
2016-08-24,Handysize,425
2016-08-24,Panamax,706
2016-08-24,Supramax,702
2016-08-25,Capesize,974
2016-08-25,Handysize,428
2016-08-25,Panamax,700
2016-08-25,Supramax,712
2016-08-26,Capesize,1001
2016-08-26,Handysize,431
2016-08-26,Panamax,687
2016-08-26,Supramax,715
2016-08-30,Capesize,986
2016-08-30,Handysize,432
2016-08-30,Panamax,674
2016-08-30,Supramax,719
2016-08-31,Capesize,978
2016-08-31,Handysize,432
2016-08-31,Panamax,660
2016-08-31,Supramax,721
2016-09-01,Capesize,1002
2016-09-01,Handysize,433
2016-09-01,Panamax,652
2016-09-01,Supramax,723
2016-09-02,Capesize,1054
2016-09-02,Handysize,432
2016-09-02,Panamax,644
2016-09-02,Supramax,721
2016-09-05,Capesize,1079
2016-09-05,Handysize,429
2016-09-05,Panamax,640
2016-09-05,Supramax,718
2016-09-06,Capesize,1182
2016-09-06,Handysize,425
2016-09-06,Panamax,641
2016-09-06,Supramax,714
2016-09-07,Capesize,1371
2016-09-07,Handysize,422
2016-09-07,Panamax,648
2016-09-07,Supramax,702
2016-09-08,Capesize,1478
2016-09-08,Handysize,420
2016-09-08,Panamax,655
2016-09-08,Supramax,694
2016-09-09,Capesize,1566
2016-09-09,Handysize,419
2016-09-09,Panamax,658
2016-09-09,Supramax,688
2016-09-12,Capesize,1581
2016-09-12,Handysize,417
2016-09-12,Panamax,659
2016-09-12,Supramax,681
2016-09-13,Capesize,1607
2016-09-13,Handysize,415
2016-09-13,Panamax,656
2016-09-13,Supramax,671
2016-09-14,Capesize,1444
2016-09-14,Handysize,415
2016-09-14,Panamax,649
2016-09-14,Supramax,665
2016-09-15,Capesize,1487
2016-09-15,Handysize,415
2016-09-15,Panamax,645
2016-09-15,Supramax,661
2016-09-16,Capesize,1680
2016-09-16,Handysize,415
2016-09-16,Panamax,646
2016-09-16,Supramax,660
2016-09-19,Capesize,1853
2016-09-19,Handysize,416
2016-09-19,Panamax,650
2016-09-19,Supramax,661
2016-09-20,Capesize,1964
2016-09-20,Handysize,417
2016-09-20,Panamax,657
2016-09-20,Supramax,660
2016-09-21,Capesize,2118
2016-09-21,Handysize,418
2016-09-21,Panamax,673
2016-09-21,Supramax,662
2016-09-22,Capesize,2389
2016-09-22,Handysize,420
2016-09-22,Panamax,700
2016-09-22,Supramax,688
2016-09-23,Capesize,2383
2016-09-23,Handysize,421
2016-09-23,Panamax,722
2016-09-23,Supramax,671
2016-09-26,Capesize,2325
2016-09-26,Handysize,422
2016-09-26,Panamax,739
2016-09-26,Supramax,673
2016-09-27,Capesize,2298
2016-09-27,Handysize,422
2016-09-27,Panamax,750
2016-09-27,Supramax,674
2016-09-28,Capesize,2196
2016-09-28,Handysize,422
2016-09-28,Panamax,751
2016-09-28,Supramax,676
2016-09-29,Capesize,2067
2016-09-29,Handysize,422
2016-09-29,Panamax,741
2016-09-29,Supramax,676
2016-09-30,Capesize,2008
2016-09-30,Handysize,421
2016-09-30,Panamax,726
2016-09-30,Supramax,679
2016-10-03,Capesize,1971
2016-10-03,Handysize,419
2016-10-03,Panamax,713
2016-10-03,Supramax,681
2016-10-04,Capesize,1970
2016-10-04,Handysize,417
2016-10-04,Panamax,705
2016-10-04,Supramax,681
2016-10-05,Capesize,2012
2016-10-05,Handysize,415
2016-10-05,Panamax,699
2016-10-05,Supramax,680
2016-10-06,Capesize,2218
2016-10-06,Handysize,413
2016-10-06,Panamax,704
2016-10-06,Supramax,678
2016-10-07,Capesize,2245
2016-10-07,Handysize,411
2016-10-07,Panamax,717
2016-10-07,Supramax,677
2016-10-10,Capesize,2235
2016-10-10,Handysize,410
2016-10-10,Panamax,729
2016-10-10,Supramax,677
2016-10-11,Capesize,2235
2016-10-11,Handysize,409
2016-10-11,Panamax,745
2016-10-11,Supramax,676
2016-10-12,Capesize,2154
2016-10-12,Handysize,408
2016-10-12,Panamax,763
2016-10-12,Supramax,674
2016-10-13,Capesize,2018
2016-10-13,Handysize,410
2016-10-13,Panamax,790
2016-10-13,Supramax,673
2016-10-14,Capesize,2018
2016-10-14,Handysize,411
2016-10-14,Panamax,819
2016-10-14,Supramax,674
2016-10-17,Capesize,2003
2016-10-17,Handysize,413
2016-10-17,Panamax,838
2016-10-17,Supramax,676
2016-10-18,Capesize,1950
2016-10-18,Handysize,417
2016-10-18,Panamax,860
2016-10-18,Supramax,678
2016-10-19,Capesize,1826
2016-10-19,Handysize,421
2016-10-19,Panamax,885
2016-10-19,Supramax,682
2016-10-20,Capesize,1637
2016-10-20,Handysize,424
2016-10-20,Panamax,905
2016-10-20,Supramax,691
2016-10-21,Capesize,1575
2016-10-21,Handysize,427
2016-10-21,Panamax,915
2016-10-21,Supramax,700
2016-10-24,Capesize,1471
2016-10-24,Handysize,428
2016-10-24,Panamax,923
2016-10-24,Supramax,705
2016-10-25,Capesize,1348
2016-10-25,Handysize,430
2016-10-25,Panamax,925
2016-10-25,Supramax,710
2016-10-26,Capesize,1275
2016-10-26,Handysize,430
2016-10-26,Panamax,925
2016-10-26,Supramax,714
2016-10-27,Capesize,1248
2016-10-27,Handysize,432
2016-10-27,Panamax,921
2016-10-27,Supramax,719
2016-10-28,Capesize,1417
2016-10-28,Handysize,433
2016-10-28,Panamax,913
2016-10-28,Supramax,722
2016-10-31,Capesize,1534
2016-10-31,Handysize,435
2016-10-31,Panamax,905
2016-10-31,Supramax,722
2016-11-01,Capesize,1443
2016-11-01,Handysize,436
2016-11-01,Panamax,895
2016-11-01,Supramax,721
2016-11-02,Capesize,1451
2016-11-02,Handysize,434
2016-11-02,Panamax,885
2016-11-02,Supramax,718
2016-11-03,Capesize,1544
2016-11-03,Handysize,434
2016-11-03,Panamax,886
2016-11-03,Supramax,718
2016-11-04,Capesize,1593
2016-11-04,Handysize,433
2016-11-04,Panamax,885
2016-11-04,Supramax,716
2016-11-07,Capesize,1636
2016-11-07,Handysize,431
2016-11-07,Panamax,889
2016-11-07,Supramax,712
2016-11-08,Capesize,1786
2016-11-08,Handysize,431
2016-11-08,Panamax,903
2016-11-08,Supramax,708
2016-11-09,Capesize,1954
2016-11-09,Handysize,429
2016-11-09,Panamax,927
2016-11-09,Supramax,703
2016-11-10,Capesize,2010
2016-11-10,Handysize,430
2016-11-10,Panamax,956
2016-11-10,Supramax,703
2016-11-11,Capesize,2303
2016-11-11,Handysize,428
2016-11-11,Panamax,1011
2016-11-11,Supramax,705
2016-11-14,Capesize,2338
2016-11-14,Handysize,433
2016-11-14,Panamax,1058
2016-11-14,Supramax,707
2016-11-15,Capesize,2282
2016-11-15,Handysize,436
2016-11-15,Panamax,1162
2016-11-15,Supramax,713
2016-11-16,Capesize,2441
2016-11-16,Handysize,443
2016-11-16,Panamax,1263
2016-11-16,Supramax,722
2016-11-17,Capesize,2731
2016-11-17,Handysize,454
2016-11-17,Panamax,1353
2016-11-17,Supramax,748
2016-11-18,Capesize,2752
2016-11-18,Handysize,466
2016-11-18,Panamax,1388
2016-11-18,Supramax,809
2016-11-21,Capesize,2638
2016-11-21,Handysize,477
2016-11-21,Panamax,1387
2016-11-21,Supramax,835
2016-11-22,Capesize,2598
2016-11-22,Handysize,485
2016-11-22,Panamax,1382
2016-11-22,Supramax,852
2016-11-23,Capesize,2507
2016-11-23,Handysize,501
2016-11-23,Panamax,1387
2016-11-23,Supramax,874
2016-11-24,Capesize,2374
2016-11-24,Handysize,512
2016-11-24,Panamax,1385
2016-11-24,Supramax,897
2016-11-25,Capesize,2263
2016-11-25,Handysize,520
2016-11-25,Panamax,1389
2016-11-25,Supramax,908
2016-11-28,Capesize,2260
2016-11-28,Handysize,527
2016-11-28,Panamax,1400
2016-11-28,Supramax,904
2016-11-29,Capesize,2304
2016-11-29,Handysize,532
2016-11-29,Panamax,1424
2016-11-29,Supramax,908
2016-11-30,Capesize,2263
2016-11-30,Handysize,537
2016-11-30,Panamax,1465
2016-11-30,Supramax,912
2016-12-01,Capesize,2206
2016-12-01,Handysize,541
2016-12-01,Panamax,1486
2016-12-01,Supramax,917
2016-12-02,Capesize,2193
2016-12-02,Handysize,543
2016-12-02,Panamax,1508
2016-12-02,Supramax,921
2016-12-05,Capesize,2137
2016-12-05,Handysize,548
2016-12-05,Panamax,1541
2016-12-05,Supramax,929
2016-12-06,Capesize,2067
2016-12-06,Handysize,552
2016-12-06,Panamax,1563
2016-12-06,Supramax,934
2016-12-07,Capesize,1935
2016-12-07,Handysize,557
2016-12-07,Panamax,1565
2016-12-07,Supramax,941
2016-12-08,Capesize,1724
2016-12-08,Handysize,562
2016-12-08,Panamax,1547
2016-12-08,Supramax,957
2016-12-09,Capesize,1575
2016-12-09,Handysize,567
2016-12-09,Panamax,1508
2016-12-09,Supramax,966
2016-12-12,Capesize,1464
2016-12-12,Handysize,576
2016-12-12,Panamax,1469
2016-12-12,Supramax,968
2016-12-13,Capesize,1404
2016-12-13,Handysize,584
2016-12-13,Panamax,1419
2016-12-13,Supramax,972
2016-12-14,Capesize,1169
2016-12-14,Handysize,590
2016-12-14,Panamax,1332
2016-12-14,Supramax,975
2016-12-15,Capesize,1058
2016-12-15,Handysize,596
2016-12-15,Panamax,1234
2016-12-15,Supramax,968
2016-12-16,Capesize,1048
2016-12-16,Handysize,600
2016-12-16,Panamax,1126
2016-12-16,Supramax,960
2016-12-19,Capesize,1039
2016-12-19,Handysize,605
2016-12-19,Panamax,1037
2016-12-19,Supramax,953
2016-12-20,Capesize,1044
2016-12-20,Handysize,605
2016-12-20,Panamax,976
2016-12-20,Supramax,941
2016-12-21,Capesize,1144
2016-12-21,Handysize,604
2016-12-21,Panamax,905
2016-12-21,Supramax,926
2016-12-22,Capesize,1219
2016-12-22,Handysize,601
2016-12-22,Panamax,866
2016-12-22,Supramax,914
2016-12-23,Capesize,1385
2016-12-23,Handysize,597
2016-12-23,Panamax,852
2016-12-23,Supramax,903
2017-01-03,Capesize,1538
2017-01-03,Handysize,559
2017-01-03,Panamax,811
2017-01-03,Supramax,843
2017-01-04,Capesize,1674
2017-01-04,Handysize,539
2017-01-04,Panamax,807
2017-01-04,Supramax,820
2017-01-05,Capesize,1759
2017-01-05,Handysize,521
2017-01-05,Panamax,837
2017-01-05,Supramax,795
2017-01-06,Capesize,1658
2017-01-06,Handysize,508
2017-01-06,Panamax,892
2017-01-06,Supramax,783
2017-01-09,Capesize,1598
2017-01-09,Handysize,498
2017-01-09,Panamax,927
2017-01-09,Supramax,772
2017-01-10,Capesize,1470
2017-01-10,Handysize,489
2017-01-10,Panamax,973
2017-01-10,Supramax,766
2017-01-11,Capesize,1326
2017-01-11,Handysize,477
2017-01-11,Panamax,1021
2017-01-11,Supramax,758
2017-01-12,Capesize,1294
2017-01-12,Handysize,466
2017-01-12,Panamax,1038
2017-01-12,Supramax,748
2017-01-13,Capesize,1383
2017-01-13,Handysize,459
2017-01-13,Panamax,1042
2017-01-13,Supramax,739
2017-01-16,Capesize,1468
2017-01-16,Handysize,455
2017-01-16,Panamax,1039
2017-01-16,Supramax,733
2017-01-17,Capesize,1509
2017-01-17,Handysize,451
2017-01-17,Panamax,1019
2017-01-17,Supramax,730
2017-01-18,Capesize,1673
2017-01-18,Handysize,448
2017-01-18,Panamax,998
2017-01-18,Supramax,725
2017-01-19,Capesize,1665
2017-01-19,Handysize,446
2017-01-19,Panamax,981
2017-01-19,Supramax,722
2017-01-20,Capesize,1610
2017-01-20,Handysize,441
2017-01-20,Panamax,970
2017-01-20,Supramax,718
2017-01-23,Capesize,1579
2017-01-23,Handysize,437
2017-01-23,Panamax,962
2017-01-23,Supramax,714
2017-01-24,Capesize,1466
2017-01-24,Handysize,432
2017-01-24,Panamax,964
2017-01-24,Supramax,708
2017-01-25,Capesize,1369
2017-01-25,Handysize,428
2017-01-25,Panamax,972
2017-01-25,Supramax,702
2017-01-26,Capesize,1287
2017-01-26,Handysize,424
2017-01-26,Panamax,973
2017-01-26,Supramax,696
2017-01-27,Capesize,1239
2017-01-27,Handysize,419
2017-01-27,Panamax,968
2017-01-27,Supramax,692
2017-01-30,Capesize,1205
2017-01-30,Handysize,415
2017-01-30,Panamax,964
2017-01-30,Supramax,688
2017-01-31,Capesize,1167
2017-01-31,Handysize,402
2017-01-31,Panamax,951
2017-01-31,Supramax,679
2017-02-01,Capesize,1122
2017-02-01,Handysize,395
2017-02-01,Panamax,933
2017-02-01,Supramax,674
2017-02-02,Capesize,1064
2017-02-02,Handysize,386
2017-02-02,Panamax,926
2017-02-02,Supramax,670
2017-02-03,Capesize,981
2017-02-03,Handysize,382
2017-02-03,Panamax,922
2017-02-03,Supramax,667
2017-02-06,Capesize,911
2017-02-06,Handysize,377
2017-02-06,Panamax,922
2017-02-06,Supramax,665
2017-02-07,Capesize,803
2017-02-07,Handysize,375
2017-02-07,Panamax,931
2017-02-07,Supramax,663
2017-02-08,Capesize,725
2017-02-08,Handysize,378
2017-02-08,Panamax,934
2017-02-08,Supramax,665
2017-02-09,Capesize,728
2017-02-09,Handysize,377
2017-02-09,Panamax,940
2017-02-09,Supramax,668
2017-02-10,Capesize,687
2017-02-10,Handysize,377
2017-02-10,Panamax,943
2017-02-10,Supramax,672
2017-02-13,Capesize,609
2017-02-13,Handysize,376
2017-02-13,Panamax,944
2017-02-13,Supramax,676
2017-02-14,Capesize,567
2017-02-14,Handysize,379
2017-02-14,Panamax,939
2017-02-14,Supramax,681
2017-02-15,Capesize,556
2017-02-15,Handysize,382
2017-02-15,Panamax,933
2017-02-15,Supramax,689
2017-02-16,Capesize,620
2017-02-16,Handysize,387
2017-02-16,Panamax,923
2017-02-16,Supramax,707
2017-02-17,Capesize,739
2017-02-17,Handysize,391
2017-02-17,Panamax,917
2017-02-17,Supramax,729
2017-02-20,Capesize,791
2017-02-20,Handysize,396
2017-02-20,Panamax,909
2017-02-20,Supramax,747
2017-02-21,Capesize,856
2017-02-21,Handysize,402
2017-02-21,Panamax,906
2017-02-21,Supramax,764
2017-02-22,Capesize,951
2017-02-22,Handysize,410
2017-02-22,Panamax,908
2017-02-22,Supramax,783
2017-02-23,Capesize,1134
2017-02-23,Handysize,420
2017-02-23,Panamax,927
2017-02-23,Supramax,797
2017-02-24,Capesize,1165
2017-02-24,Handysize,428
2017-02-24,Panamax,947
2017-02-24,Supramax,809
2017-02-27,Capesize,1151
2017-02-27,Handysize,436
2017-02-27,Panamax,966
2017-02-27,Supramax,817
2017-02-28,Capesize,1021
2017-02-28,Handysize,444
2017-02-28,Panamax,995
2017-02-28,Supramax,825
2017-03-01,Capesize,994
2017-03-01,Handysize,451
2017-03-01,Panamax,1041
2017-03-01,Supramax,833
2017-03-02,Capesize,1097
2017-03-02,Handysize,457
2017-03-02,Panamax,1084
2017-03-02,Supramax,840
2017-03-03,Capesize,1227
2017-03-03,Handysize,462
2017-03-03,Panamax,1118
2017-03-03,Supramax,846
2017-03-06,Capesize,1345
2017-03-06,Handysize,468
2017-03-06,Panamax,1154
2017-03-06,Supramax,852
2017-03-07,Capesize,1556
2017-03-07,Handysize,477
2017-03-07,Panamax,1194
2017-03-07,Supramax,861
2017-03-08,Capesize,1578
2017-03-08,Handysize,485
2017-03-08,Panamax,1220
2017-03-08,Supramax,868
2017-03-09,Capesize,1678
2017-03-09,Handysize,491
2017-03-09,Panamax,1220
2017-03-09,Supramax,872
2017-03-10,Capesize,1789
2017-03-10,Handysize,495
2017-03-10,Panamax,1211
2017-03-10,Supramax,874
2017-03-13,Capesize,1843
2017-03-13,Handysize,499
2017-03-13,Panamax,1207
2017-03-13,Supramax,875
2017-03-14,Capesize,1929
2017-03-14,Handysize,502
2017-03-14,Panamax,1185
2017-03-14,Supramax,877
2017-03-15,Capesize,2136
2017-03-15,Handysize,505
2017-03-15,Panamax,1150
2017-03-15,Supramax,877
2017-03-16,Capesize,2265
2017-03-16,Handysize,508
2017-03-16,Panamax,1129
2017-03-16,Supramax,877
2017-03-17,Capesize,2413
2017-03-17,Handysize,508
2017-03-17,Panamax,1108
2017-03-17,Supramax,879
2017-03-20,Capesize,2466
2017-03-20,Handysize,510
2017-03-20,Panamax,1103
2017-03-20,Supramax,884
2017-03-21,Capesize,2441
2017-03-21,Handysize,512
2017-03-21,Panamax,1101
2017-03-21,Supramax,886
2017-03-22,Capesize,2378
2017-03-22,Handysize,516
2017-03-22,Panamax,1119
2017-03-22,Supramax,888
2017-03-23,Capesize,2345
2017-03-23,Handysize,521
2017-03-23,Panamax,1170
2017-03-23,Supramax,892
2017-03-24,Capesize,2482
2017-03-24,Handysize,526
2017-03-24,Panamax,1218
2017-03-24,Supramax,896
2017-03-27,Capesize,2620
2017-03-27,Handysize,530
2017-03-27,Panamax,1253
2017-03-27,Supramax,895
2017-03-28,Capesize,2765
2017-03-28,Handysize,535
2017-03-28,Panamax,1306
2017-03-28,Supramax,893
2017-03-29,Capesize,2755
2017-03-29,Handysize,538
2017-03-29,Panamax,1346
2017-03-29,Supramax,885
2017-03-30,Capesize,2690
2017-03-30,Handysize,539
2017-03-30,Panamax,1366
2017-03-30,Supramax,882
2017-03-31,Capesize,2597
2017-03-31,Handysize,540
2017-03-31,Panamax,1374
2017-03-31,Supramax,881
2017-04-03,Capesize,2518
2017-04-03,Handysize,541
2017-04-03,Panamax,1379
2017-04-03,Supramax,882
2017-04-04,Capesize,2382
2017-04-04,Handysize,542
2017-04-04,Panamax,1377
2017-04-04,Supramax,881
2017-04-05,Capesize,2229
2017-04-05,Handysize,543
2017-04-05,Panamax,1371
2017-04-05,Supramax,880
2017-04-06,Capesize,2184
2017-04-06,Handysize,545
2017-04-06,Panamax,1387
2017-04-06,Supramax,882
2017-04-07,Capesize,2173
2017-04-07,Handysize,547
2017-04-07,Panamax,1427
2017-04-07,Supramax,886
2017-04-10,Capesize,2165
2017-04-10,Handysize,549
2017-04-10,Panamax,1466
2017-04-10,Supramax,888
2017-04-11,Capesize,2227
2017-04-11,Handysize,552
2017-04-11,Panamax,1533
2017-04-11,Supramax,891
2017-04-12,Capesize,2252
2017-04-12,Handysize,554
2017-04-12,Panamax,1583
2017-04-12,Supramax,893
2017-04-13,Capesize,2249
2017-04-13,Handysize,560
2017-04-13,Panamax,1611
2017-04-13,Supramax,899
2017-04-18,Capesize,2220
2017-04-18,Handysize,563
2017-04-18,Panamax,1621
2017-04-18,Supramax,898
2017-04-19,Capesize,2130
2017-04-19,Handysize,568
2017-04-19,Panamax,1612
2017-04-19,Supramax,900
2017-04-20,Capesize,1991
2017-04-20,Handysize,572
2017-04-20,Panamax,1553
2017-04-20,Supramax,899
2017-04-21,Capesize,1830
2017-04-21,Handysize,575
2017-04-21,Panamax,1494
2017-04-21,Supramax,895
2017-04-24,Capesize,1780
2017-04-24,Handysize,577
2017-04-24,Panamax,1429
2017-04-24,Supramax,892
2017-04-25,Capesize,1767
2017-04-25,Handysize,577
2017-04-25,Panamax,1371
2017-04-25,Supramax,887
2017-04-26,Capesize,1790
2017-04-26,Handysize,576
2017-04-26,Panamax,1320
2017-04-26,Supramax,881
2017-04-27,Capesize,1798
2017-04-27,Handysize,569
2017-04-27,Panamax,1260
2017-04-27,Supramax,870
2017-04-28,Capesize,1779
2017-04-28,Handysize,559
2017-04-28,Panamax,1187
2017-04-28,Supramax,861
2017-05-02,Capesize,1668
2017-05-02,Handysize,550
2017-05-02,Panamax,1140
2017-05-02,Supramax,849
2017-05-03,Capesize,1542
2017-05-03,Handysize,540
2017-05-03,Panamax,1096
2017-05-03,Supramax,835
2017-05-04,Capesize,1458
2017-05-04,Handysize,532
2017-05-04,Panamax,1048
2017-05-04,Supramax,822
2017-05-05,Capesize,1480
2017-05-05,Handysize,523
2017-05-05,Panamax,1023
2017-05-05,Supramax,811
2017-05-08,Capesize,1571
2017-05-08,Handysize,517
2017-05-08,Panamax,1009
2017-05-08,Supramax,799
2017-05-09,Capesize,1635
2017-05-09,Handysize,512
2017-05-09,Panamax,1007
2017-05-09,Supramax,794
2017-05-10,Capesize,1645
2017-05-10,Handysize,510
2017-05-10,Panamax,1011
2017-05-10,Supramax,790
2017-05-11,Capesize,1695
2017-05-11,Handysize,510
2017-05-11,Panamax,1006
2017-05-11,Supramax,787
2017-05-12,Capesize,1725
2017-05-12,Handysize,509
2017-05-12,Panamax,992
2017-05-12,Supramax,784
2017-05-15,Capesize,1661
2017-05-15,Handysize,508
2017-05-15,Panamax,978
2017-05-15,Supramax,782
2017-05-16,Capesize,1632
2017-05-16,Handysize,507
2017-05-16,Panamax,956
2017-05-16,Supramax,778
2017-05-17,Capesize,1590
2017-05-17,Handysize,505
2017-05-17,Panamax,925
2017-05-17,Supramax,771
2017-05-18,Capesize,1638
2017-05-18,Handysize,504
2017-05-18,Panamax,894
2017-05-18,Supramax,764
2017-05-19,Capesize,1668
2017-05-19,Handysize,502
2017-05-19,Panamax,870
2017-05-19,Supramax,759
2017-05-22,Capesize,1704
2017-05-22,Handysize,496
2017-05-22,Panamax,854
2017-05-22,Supramax,753
2017-05-23,Capesize,1706
2017-05-23,Handysize,486
2017-05-23,Panamax,850
2017-05-23,Supramax,746
2017-05-24,Capesize,1654
2017-05-24,Handysize,478
2017-05-24,Panamax,849
2017-05-24,Supramax,737
2017-05-25,Capesize,1595
2017-05-25,Handysize,473
2017-05-25,Panamax,848
2017-05-25,Supramax,728
2017-05-26,Capesize,1591
2017-05-26,Handysize,469
2017-05-26,Panamax,845
2017-05-26,Supramax,721
2017-05-30,Capesize,1564
2017-05-30,Handysize,461
2017-05-30,Panamax,842
2017-05-30,Supramax,712
2017-05-31,Capesize,1511
2017-05-31,Handysize,455
2017-05-31,Panamax,829
2017-05-31,Supramax,698
2017-06-01,Capesize,1430
2017-06-01,Handysize,449
2017-06-01,Panamax,810
2017-06-01,Supramax,685
2017-06-02,Capesize,1374
2017-06-02,Handysize,446
2017-06-02,Panamax,792
2017-06-02,Supramax,674
2017-06-05,Capesize,1353
2017-06-05,Handysize,441
2017-06-05,Panamax,789
2017-06-05,Supramax,666
2017-06-06,Capesize,1366
2017-06-06,Handysize,434
2017-06-06,Panamax,783
2017-06-06,Supramax,658
2017-06-07,Capesize,1379
2017-06-07,Handysize,429
2017-06-07,Panamax,783
2017-06-07,Supramax,652
2017-06-08,Capesize,1381
2017-06-08,Handysize,425
2017-06-08,Panamax,793
2017-06-08,Supramax,649
2017-06-09,Capesize,1438
2017-06-09,Handysize,425
2017-06-09,Panamax,813
2017-06-09,Supramax,654
2017-06-12,Capesize,1481
2017-06-12,Handysize,424
2017-06-12,Panamax,833
2017-06-12,Supramax,658
2017-06-13,Capesize,1442
2017-06-13,Handysize,424
2017-06-13,Panamax,865
2017-06-13,Supramax,665
2017-06-14,Capesize,1362
2017-06-14,Handysize,427
2017-06-14,Panamax,903
2017-06-14,Supramax,679
2017-06-15,Capesize,1277
2017-06-15,Handysize,431
2017-06-15,Panamax,938
2017-06-15,Supramax,690
2017-06-16,Capesize,1213
2017-06-16,Handysize,435
2017-06-16,Panamax,964
2017-06-16,Supramax,701
2017-06-19,Capesize,1169
2017-06-19,Handysize,437
2017-06-19,Panamax,984
2017-06-19,Supramax,708
2017-06-20,Capesize,1110
2017-06-20,Handysize,441
2017-06-20,Panamax,1017
2017-06-20,Supramax,717
2017-06-21,Capesize,1020
2017-06-21,Handysize,445
2017-06-21,Panamax,1070
2017-06-21,Supramax,724
2017-06-22,Capesize,993
2017-06-22,Handysize,447
2017-06-22,Panamax,1109
2017-06-22,Supramax,734
2017-06-23,Capesize,987
2017-06-23,Handysize,451
2017-06-23,Panamax,1138
2017-06-23,Supramax,744
2017-06-26,Capesize,1005
2017-06-26,Handysize,454
2017-06-26,Panamax,1145
2017-06-26,Supramax,750
2017-06-27,Capesize,1066
2017-06-27,Handysize,458
2017-06-27,Panamax,1151
2017-06-27,Supramax,757
2017-06-28,Capesize,1170
2017-06-28,Handysize,459
2017-06-28,Panamax,1150
2017-06-28,Supramax,761
2017-06-29,Capesize,1146
2017-06-29,Handysize,464
2017-06-29,Panamax,1119
2017-06-29,Supramax,758
2017-06-30,Capesize,1086
2017-06-30,Handysize,467
2017-06-30,Panamax,1091
2017-06-30,Supramax,754
2017-07-03,Capesize,1032
2017-07-03,Handysize,468
2017-07-03,Panamax,1068
2017-07-03,Supramax,751
2017-07-04,Capesize,997
2017-07-04,Handysize,470
2017-07-04,Panamax,1062
2017-07-04,Supramax,747
2017-07-05,Capesize,901
2017-07-05,Handysize,470
2017-07-05,Panamax,1060
2017-07-05,Supramax,742
2017-07-06,Capesize,818
2017-07-06,Handysize,470
2017-07-06,Panamax,1063
2017-07-06,Supramax,735
2017-07-07,Capesize,753
2017-07-07,Handysize,471
2017-07-07,Panamax,1062
2017-07-07,Supramax,732
2017-07-10,Capesize,730
2017-07-10,Handysize,474
2017-07-10,Panamax,1061
2017-07-10,Supramax,729
2017-07-11,Capesize,755
2017-07-11,Handysize,477
2017-07-11,Panamax,1069
2017-07-11,Supramax,733
2017-07-12,Capesize,846
2017-07-12,Handysize,480
2017-07-12,Panamax,1098
2017-07-12,Supramax,744
2017-07-13,Capesize,928
2017-07-13,Handysize,484
2017-07-13,Panamax,1141
2017-07-13,Supramax,758
2017-07-14,Capesize,933
2017-07-14,Handysize,486
2017-07-14,Panamax,1173
2017-07-14,Supramax,769
2017-07-17,Capesize,933
2017-07-17,Handysize,489
2017-07-17,Panamax,1202
2017-07-17,Supramax,776
2017-07-18,Capesize,984
2017-07-18,Handysize,492
2017-07-18,Panamax,1226
2017-07-18,Supramax,786
2017-07-19,Capesize,1028
2017-07-19,Handysize,495
2017-07-19,Panamax,1252
2017-07-19,Supramax,798
2017-07-20,Capesize,1093
2017-07-20,Handysize,497
2017-07-20,Panamax,1260
2017-07-20,Supramax,807
2017-07-21,Capesize,1154
2017-07-21,Handysize,499
2017-07-21,Panamax,1258
2017-07-21,Supramax,812
2017-07-24,Capesize,1171
2017-07-24,Handysize,500
2017-07-24,Panamax,1248
2017-07-24,Supramax,814
2017-07-25,Capesize,1221
2017-07-25,Handysize,500
2017-07-25,Panamax,1225
2017-07-25,Supramax,813
2017-07-26,Capesize,1206
2017-07-26,Handysize,500
2017-07-26,Panamax,1192
2017-07-26,Supramax,807
2017-07-27,Capesize,1138
2017-07-27,Handysize,500
2017-07-27,Panamax,1146
2017-07-27,Supramax,798
2017-07-28,Capesize,1139
2017-07-28,Handysize,498
2017-07-28,Panamax,1109
2017-07-28,Supramax,789
2017-07-31,Capesize,1225
2017-07-31,Handysize,496
2017-07-31,Panamax,1095
2017-07-31,Supramax,783
2017-08-01,Capesize,1331
2017-08-01,Handysize,492
2017-08-01,Panamax,1098
2017-08-01,Supramax,779
2017-08-02,Capesize,1475
2017-08-02,Handysize,488
2017-08-02,Panamax,1118
2017-08-02,Supramax,772
2017-08-03,Capesize,1602
2017-08-03,Handysize,482
2017-08-03,Panamax,1143
2017-08-03,Supramax,767
2017-08-04,Capesize,1637
2017-08-04,Handysize,478
2017-08-04,Panamax,1153
2017-08-04,Supramax,764
2017-08-07,Capesize,1655
2017-08-07,Handysize,475
2017-08-07,Panamax,1158
2017-08-07,Supramax,762
2017-08-08,Capesize,1659
2017-08-08,Handysize,472
2017-08-08,Panamax,1170
2017-08-08,Supramax,759
2017-08-09,Capesize,1702
2017-08-09,Handysize,467
2017-08-09,Panamax,1192
2017-08-09,Supramax,756
2017-08-10,Capesize,1837
2017-08-10,Handysize,466
2017-08-10,Panamax,1228
2017-08-10,Supramax,756
2017-08-11,Capesize,2013
2017-08-11,Handysize,466
2017-08-11,Panamax,1256
2017-08-11,Supramax,759
2017-08-14,Capesize,2093
2017-08-14,Handysize,465
2017-08-14,Panamax,1272
2017-08-14,Supramax,760
2017-08-15,Capesize,2155
2017-08-15,Handysize,464
2017-08-15,Panamax,1289
2017-08-15,Supramax,765
2017-08-16,Capesize,2324
2017-08-16,Handysize,464
2017-08-16,Panamax,1310
2017-08-16,Supramax,776
2017-08-17,Capesize,2542
2017-08-17,Handysize,465
2017-08-17,Panamax,1336
2017-08-17,Supramax,791
2017-08-18,Capesize,2574
2017-08-18,Handysize,465
2017-08-18,Panamax,1345
2017-08-18,Supramax,806
2017-08-21,Capesize,2584
2017-08-21,Handysize,466
2017-08-21,Panamax,1349
2017-08-21,Supramax,817
2017-08-22,Capesize,2489
2017-08-22,Handysize,468
2017-08-22,Panamax,1345
2017-08-22,Supramax,824
2017-08-23,Capesize,2382
2017-08-23,Handysize,470
2017-08-23,Panamax,1311
2017-08-23,Supramax,833
2017-08-24,Capesize,2333
2017-08-24,Handysize,473
2017-08-24,Panamax,1259
2017-08-24,Supramax,840
2017-08-25,Capesize,2406
2017-08-25,Handysize,474
2017-08-25,Panamax,1235
2017-08-25,Supramax,845
2017-08-29,Capesize,2381
2017-08-29,Handysize,477
2017-08-29,Panamax,1215
2017-08-29,Supramax,848
2017-08-30,Capesize,2282
2017-08-30,Handysize,482
2017-08-30,Panamax,1195
2017-08-30,Supramax,851
2017-08-31,Capesize,2293
2017-08-31,Handysize,486
2017-08-31,Panamax,1189
2017-08-31,Supramax,853
2017-09-01,Capesize,2264
2017-09-01,Handysize,486
2017-09-01,Panamax,1198
2017-09-01,Supramax,856
2017-09-04,Capesize,2243
2017-09-04,Handysize,487
2017-09-04,Panamax,1227
2017-09-04,Supramax,860
2017-09-05,Capesize,2313
2017-09-05,Handysize,491
2017-09-05,Panamax,1275
2017-09-05,Supramax,863
2017-09-06,Capesize,2438
2017-09-06,Handysize,494
2017-09-06,Panamax,1314
2017-09-06,Supramax,868
2017-09-07,Capesize,2614
2017-09-07,Handysize,499
2017-09-07,Panamax,1351
2017-09-07,Supramax,875
2017-09-08,Capesize,2767
2017-09-08,Handysize,504
2017-09-08,Panamax,1375
2017-09-08,Supramax,888
2017-09-11,Capesize,2813
2017-09-11,Handysize,509
2017-09-11,Panamax,1394
2017-09-11,Supramax,898
2017-09-12,Capesize,2724
2017-09-12,Handysize,513
2017-09-12,Panamax,1429
2017-09-12,Supramax,908
2017-09-13,Capesize,2628
2017-09-13,Handysize,520
2017-09-13,Panamax,1464
2017-09-13,Supramax,923
2017-09-14,Capesize,2642
2017-09-14,Handysize,529
2017-09-14,Panamax,1499
2017-09-14,Supramax,950
2017-09-15,Capesize,2685
2017-09-15,Handysize,536
2017-09-15,Panamax,1521
2017-09-15,Supramax,977
2017-09-18,Capesize,2681
2017-09-18,Handysize,551
2017-09-18,Panamax,1529
2017-09-18,Supramax,997
2017-09-19,Capesize,2723
2017-09-19,Handysize,562
2017-09-19,Panamax,1536
2017-09-19,Supramax,1017
2017-09-20,Capesize,2861
2017-09-20,Handysize,576
2017-09-20,Panamax,1531
2017-09-20,Supramax,1033
2017-09-21,Capesize,2948
2017-09-21,Handysize,586
2017-09-21,Panamax,1514
2017-09-21,Supramax,1050
2017-09-22,Capesize,3147
2017-09-22,Handysize,596
2017-09-22,Panamax,1493
2017-09-22,Supramax,1061
2017-09-25,Capesize,3173
2017-09-25,Handysize,602
2017-09-25,Panamax,1474
2017-09-25,Supramax,1068
2017-09-26,Capesize,3101
2017-09-26,Handysize,607
2017-09-26,Panamax,1446
2017-09-26,Supramax,1065
2017-09-27,Capesize,2942
2017-09-27,Handysize,613
2017-09-27,Panamax,1406
2017-09-27,Supramax,1054
2017-09-28,Capesize,2824
2017-09-28,Handysize,616
2017-09-28,Panamax,1352
2017-09-28,Supramax,1041
2017-09-29,Capesize,2738
2017-09-29,Handysize,616
2017-09-29,Panamax,1308
2017-09-29,Supramax,1021
2017-10-02,Capesize,2671
2017-10-02,Handysize,614
2017-10-02,Panamax,1268
2017-10-02,Supramax,1006
2017-10-03,Capesize,2618
2017-10-03,Handysize,612
2017-10-03,Panamax,1247
2017-10-03,Supramax,984
2017-10-04,Capesize,2667
2017-10-04,Handysize,609
2017-10-04,Panamax,1276
2017-10-04,Supramax,968
2017-10-05,Capesize,2888
2017-10-05,Handysize,607
2017-10-05,Panamax,1345
2017-10-05,Supramax,965
2017-10-06,Capesize,2929
2017-10-06,Handysize,610
2017-10-06,Panamax,1406
2017-10-06,Supramax,971
2017-10-09,Capesize,2906
2017-10-09,Handysize,613
2017-10-09,Panamax,1438
2017-10-09,Supramax,978
2017-10-10,Capesize,2894
2017-10-10,Handysize,618
2017-10-10,Panamax,1465
2017-10-10,Supramax,996
2017-10-11,Capesize,2882
2017-10-11,Handysize,623
2017-10-11,Panamax,1504
2017-10-11,Supramax,1020
2017-10-12,Capesize,2859
2017-10-12,Handysize,635
2017-10-12,Panamax,1556
2017-10-12,Supramax,1050
2017-10-13,Capesize,2871
2017-10-13,Handysize,649
2017-10-13,Panamax,1606
2017-10-13,Supramax,1069
2017-10-16,Capesize,2980
2017-10-16,Handysize,656
2017-10-16,Panamax,1637
2017-10-16,Supramax,1082
2017-10-17,Capesize,3079
2017-10-17,Handysize,663
2017-10-17,Panamax,1651
2017-10-17,Supramax,1094
2017-10-18,Capesize,3134
2017-10-18,Handysize,666
2017-10-18,Panamax,1646
2017-10-18,Supramax,1105
2017-10-19,Capesize,3186
2017-10-19,Handysize,673
2017-10-19,Panamax,1648
2017-10-19,Supramax,1116
2017-10-20,Capesize,3145
2017-10-20,Handysize,679
2017-10-20,Panamax,1643
2017-10-20,Supramax,1126
2017-10-23,Capesize,3187
2017-10-23,Handysize,683
2017-10-23,Panamax,1642
2017-10-23,Supramax,1128
2017-10-24,Capesize,3202
2017-10-24,Handysize,687
2017-10-24,Panamax,1626
2017-10-24,Supramax,1130
2017-10-25,Capesize,3202
2017-10-25,Handysize,690
2017-10-25,Panamax,1592
2017-10-25,Supramax,1129
2017-10-26,Capesize,3182
2017-10-26,Handysize,688
2017-10-26,Panamax,1553
2017-10-26,Supramax,1117
2017-10-27,Capesize,3220
2017-10-27,Handysize,687
2017-10-27,Panamax,1517
2017-10-27,Supramax,1100
2017-10-30,Capesize,3217
2017-10-30,Handysize,685
2017-10-30,Panamax,1498
2017-10-30,Supramax,1081
2017-10-31,Capesize,3219
2017-10-31,Handysize,679
2017-10-31,Panamax,1492
2017-10-31,Supramax,1060
2017-11-01,Capesize,3137
2017-11-01,Handysize,673
2017-11-01,Panamax,1503
2017-11-01,Supramax,1043
2017-11-02,Capesize,3059
2017-11-02,Handysize,668
2017-11-02,Panamax,1539
2017-11-02,Supramax,1027
2017-11-03,Capesize,3036
2017-11-03,Handysize,664
2017-11-03,Panamax,1562
2017-11-03,Supramax,1014
2017-11-06,Capesize,3044
2017-11-06,Handysize,661
2017-11-06,Panamax,1567
2017-11-06,Supramax,1001
2017-11-07,Capesize,3101
2017-11-07,Handysize,658
2017-11-07,Panamax,1558
2017-11-07,Supramax,988
2017-11-08,Capesize,3259
2017-11-08,Handysize,654
2017-11-08,Panamax,1515
2017-11-08,Supramax,961
2017-11-09,Capesize,3349
2017-11-09,Handysize,648
2017-11-09,Panamax,1468
2017-11-09,Supramax,936
2017-11-10,Capesize,3360
2017-11-10,Handysize,644
2017-11-10,Panamax,1418
2017-11-10,Supramax,912
2017-11-13,Capesize,3351
2017-11-13,Handysize,642
2017-11-13,Panamax,1387
2017-11-13,Supramax,888
2017-11-14,Capesize,3209
2017-11-14,Handysize,640
2017-11-14,Panamax,1346
2017-11-14,Supramax,872
2017-11-15,Capesize,3108
2017-11-15,Handysize,637
2017-11-15,Panamax,1320
2017-11-15,Supramax,858
2017-11-16,Capesize,3084
2017-11-16,Handysize,634
2017-11-16,Panamax,1298
2017-11-16,Supramax,849
2017-11-17,Capesize,3153
2017-11-17,Handysize,630
2017-11-17,Panamax,1285
2017-11-17,Supramax,845
2017-11-20,Capesize,3214
2017-11-20,Handysize,628
2017-11-20,Panamax,1280
2017-11-20,Supramax,850
2017-11-21,Capesize,3255
2017-11-21,Handysize,625
2017-11-21,Panamax,1275
2017-11-21,Supramax,856
2017-11-22,Capesize,3298
2017-11-22,Handysize,624
2017-11-22,Panamax,1281
2017-11-22,Supramax,875
2017-11-23,Capesize,3420
2017-11-23,Handysize,622
2017-11-23,Panamax,1284
2017-11-23,Supramax,899
2017-11-24,Capesize,3453
2017-11-24,Handysize,620
2017-11-24,Panamax,1295
2017-11-24,Supramax,914
2017-11-27,Capesize,3540
2017-11-27,Handysize,619
2017-11-27,Panamax,1299
2017-11-27,Supramax,923
2017-11-28,Capesize,3659
2017-11-28,Handysize,620
2017-11-28,Panamax,1320
2017-11-28,Supramax,929
2017-11-29,Capesize,3740
2017-11-29,Handysize,622
2017-11-29,Panamax,1368
2017-11-29,Supramax,936
2017-11-30,Capesize,3848
2017-11-30,Handysize,623
2017-11-30,Panamax,1433
2017-11-30,Supramax,941
2017-12-01,Capesize,4025
2017-12-01,Handysize,626
2017-12-01,Panamax,1494
2017-12-01,Supramax,944
2017-12-04,Capesize,4129
2017-12-04,Handysize,626
2017-12-04,Panamax,1559
2017-12-04,Supramax,944
2017-12-05,Capesize,4115
2017-12-05,Handysize,628
2017-12-05,Panamax,1571
2017-12-05,Supramax,944
2017-12-06,Capesize,4126
2017-12-06,Handysize,629
2017-12-06,Panamax,1563
2017-12-06,Supramax,945
2017-12-07,Capesize,4147
2017-12-07,Handysize,630
2017-12-07,Panamax,1564
2017-12-07,Supramax,944
2017-12-08,Capesize,4193
2017-12-08,Handysize,631
2017-12-08,Panamax,1588
2017-12-08,Supramax,943
2017-12-11,Capesize,4272
2017-12-11,Handysize,632
2017-12-11,Panamax,1624
2017-12-11,Supramax,939
2017-12-12,Capesize,4293
2017-12-12,Handysize,633
2017-12-12,Panamax,1672
2017-12-12,Supramax,942
2017-12-13,Capesize,4211
2017-12-13,Handysize,633
2017-12-13,Panamax,1718
2017-12-13,Supramax,943
2017-12-14,Capesize,3936
2017-12-14,Handysize,635
2017-12-14,Panamax,1714
2017-12-14,Supramax,944
2017-12-15,Capesize,3777
2017-12-15,Handysize,636
2017-12-15,Panamax,1677
2017-12-15,Supramax,942
2017-12-18,Capesize,3656
2017-12-18,Handysize,637
2017-12-18,Panamax,1643
2017-12-18,Supramax,943
2017-12-19,Capesize,3510
2017-12-19,Handysize,636
2017-12-19,Panamax,1593
2017-12-19,Supramax,938
2017-12-20,Capesize,3216
2017-12-20,Handysize,632
2017-12-20,Panamax,1546
2017-12-20,Supramax,933
2017-12-21,Capesize,3115
2017-12-21,Handysize,627
2017-12-21,Panamax,1445
2017-12-21,Supramax,925
2017-12-22,Capesize,2830
2017-12-22,Handysize,625
2017-12-22,Panamax,1395
2017-12-22,Supramax,914
2018-01-02,Capesize,2281
2018-01-02,Handysize,612
2018-01-02,Panamax,1340
2018-01-02,Supramax,901
2018-01-03,Capesize,2426
2018-01-03,Handysize,607
2018-01-03,Panamax,1332
2018-01-03,Supramax,894
2018-01-04,Capesize,2715
2018-01-04,Handysize,604
2018-01-04,Panamax,1365
2018-01-04,Supramax,884
2018-01-05,Capesize,2791
2018-01-05,Handysize,600
2018-01-05,Panamax,1400
2018-01-05,Supramax,884
2018-01-08,Capesize,2826
2018-01-08,Handysize,594
2018-01-08,Panamax,1424
2018-01-08,Supramax,886
2018-01-09,Capesize,2820
2018-01-09,Handysize,592
2018-01-09,Panamax,1428
2018-01-09,Supramax,889
2018-01-10,Capesize,2677
2018-01-10,Handysize,589
2018-01-10,Panamax,1404
2018-01-10,Supramax,898
2018-01-11,Capesize,2384
2018-01-11,Handysize,587
2018-01-11,Panamax,1371
2018-01-11,Supramax,902
2018-01-12,Capesize,2296
2018-01-12,Handysize,587
2018-01-12,Panamax,1348
2018-01-12,Supramax,907
2018-01-15,Capesize,2231
2018-01-15,Handysize,585
2018-01-15,Panamax,1340
2018-01-15,Supramax,908
2018-01-16,Capesize,2010
2018-01-16,Handysize,583
2018-01-16,Panamax,1329
2018-01-16,Supramax,910
2018-01-17,Capesize,1743
2018-01-17,Handysize,581
2018-01-17,Panamax,1317
2018-01-17,Supramax,910
2018-01-18,Capesize,1611
2018-01-18,Handysize,580
2018-01-18,Panamax,1311
2018-01-18,Supramax,910
2018-01-19,Capesize,1493
2018-01-19,Handysize,584
2018-01-19,Panamax,1333
2018-01-19,Supramax,911
2018-01-22,Capesize,1445
2018-01-22,Handysize,585
2018-01-22,Panamax,1362
2018-01-22,Supramax,913
2018-01-23,Capesize,1525
2018-01-23,Handysize,586
2018-01-23,Panamax,1404
2018-01-23,Supramax,911
2018-01-24,Capesize,1676
2018-01-24,Handysize,584
2018-01-24,Panamax,1456
2018-01-24,Supramax,908
2018-01-25,Capesize,1752
2018-01-25,Handysize,581
2018-01-25,Panamax,1481
2018-01-25,Supramax,904
2018-01-26,Capesize,1772
2018-01-26,Handysize,577
2018-01-26,Panamax,1492
2018-01-26,Supramax,900
2018-01-29,Capesize,1784
2018-01-29,Handysize,573
2018-01-29,Panamax,1485
2018-01-29,Supramax,895
2018-01-30,Capesize,1748
2018-01-30,Handysize,566
2018-01-30,Panamax,1450
2018-01-30,Supramax,889
2018-01-31,Capesize,1613
2018-01-31,Handysize,558
2018-01-31,Panamax,1411
2018-01-31,Supramax,884
2018-02-01,Capesize,1528
2018-02-01,Handysize,552
2018-02-01,Panamax,1378
2018-02-01,Supramax,877
2018-02-02,Capesize,1470
2018-02-02,Handysize,547
2018-02-02,Panamax,1359
2018-02-02,Supramax,872
2018-02-05,Capesize,1433
2018-02-05,Handysize,543
2018-02-05,Panamax,1339
2018-02-05,Supramax,865
2018-02-06,Capesize,1519
2018-02-06,Handysize,538
2018-02-06,Panamax,1316
2018-02-06,Supramax,857
2018-02-07,Capesize,1578
2018-02-07,Handysize,532
2018-02-07,Panamax,1293
2018-02-07,Supramax,844
2018-02-08,Capesize,1662
2018-02-08,Handysize,529
2018-02-08,Panamax,1263
2018-02-08,Supramax,833
2018-02-09,Capesize,1790
2018-02-09,Handysize,526
2018-02-09,Panamax,1250
2018-02-09,Supramax,825
2018-02-12,Capesize,1824
2018-02-12,Handysize,520
2018-02-12,Panamax,1237
2018-02-12,Supramax,819
2018-02-13,Capesize,1793
2018-02-13,Handysize,518
2018-02-13,Panamax,1228
2018-02-13,Supramax,817
2018-02-14,Capesize,1721
2018-02-14,Handysize,516
2018-02-14,Panamax,1231
2018-02-14,Supramax,823
2018-02-15,Capesize,1663
2018-02-15,Handysize,515
2018-02-15,Panamax,1251
2018-02-15,Supramax,832
2018-02-16,Capesize,1608
2018-02-16,Handysize,515
2018-02-16,Panamax,1273
2018-02-16,Supramax,837
2018-02-19,Capesize,1597
2018-02-19,Handysize,517
2018-02-19,Panamax,1294
2018-02-19,Supramax,840
2018-02-20,Capesize,1678
2018-02-20,Handysize,519
2018-02-20,Panamax,1333
2018-02-20,Supramax,847
2018-02-21,Capesize,1717
2018-02-21,Handysize,522
2018-02-21,Panamax,1388
2018-02-21,Supramax,856
2018-02-22,Capesize,1725
2018-02-22,Handysize,529
2018-02-22,Panamax,1438
2018-02-22,Supramax,871
2018-02-23,Capesize,1722
2018-02-23,Handysize,534
2018-02-23,Panamax,1481
2018-02-23,Supramax,892
2018-02-26,Capesize,1680
2018-02-26,Handysize,538
2018-02-26,Panamax,1504
2018-02-26,Supramax,919
2018-02-27,Capesize,1595
2018-02-27,Handysize,545
2018-02-27,Panamax,1513
2018-02-27,Supramax,948
2018-02-28,Capesize,1560
2018-02-28,Handysize,557
2018-02-28,Panamax,1513
2018-02-28,Supramax,973
2018-03-01,Capesize,1568
2018-03-01,Handysize,579
2018-03-01,Panamax,1505
2018-03-01,Supramax,992
2018-03-02,Capesize,1592
2018-03-02,Handysize,586
2018-03-02,Panamax,1500
2018-03-02,Supramax,1004
2018-03-05,Capesize,1597
2018-03-05,Handysize,590
2018-03-05,Panamax,1502
2018-03-05,Supramax,1006
2018-03-06,Capesize,1587
2018-03-06,Handysize,595
2018-03-06,Panamax,1528
2018-03-06,Supramax,1013
2018-03-07,Capesize,1495
2018-03-07,Handysize,599
2018-03-07,Panamax,1553
2018-03-07,Supramax,1020
2018-03-08,Capesize,1489
2018-03-08,Handysize,607
2018-03-08,Panamax,1590
2018-03-08,Supramax,1026
2018-03-09,Capesize,1479
2018-03-09,Handysize,611
2018-03-09,Panamax,1615
2018-03-09,Supramax,1032
2018-03-12,Capesize,1425
2018-03-12,Handysize,615
2018-03-12,Panamax,1624
2018-03-12,Supramax,1040
2018-03-13,Capesize,1362
2018-03-13,Handysize,617
2018-03-13,Panamax,1623
2018-03-13,Supramax,1049
2018-03-14,Capesize,1312
2018-03-14,Handysize,622
2018-03-14,Panamax,1623
2018-03-14,Supramax,1061
2018-03-15,Capesize,1238
2018-03-15,Handysize,626
2018-03-15,Panamax,1619
2018-03-15,Supramax,1077
2018-03-16,Capesize,1203
2018-03-16,Handysize,627
2018-03-16,Panamax,1618
2018-03-16,Supramax,1091
2018-03-19,Capesize,1171
2018-03-19,Handysize,629
2018-03-19,Panamax,1621
2018-03-19,Supramax,1099
2018-03-20,Capesize,1112
2018-03-20,Handysize,630
2018-03-20,Panamax,1615
2018-03-20,Supramax,1109
2018-03-21,Capesize,1109
2018-03-21,Handysize,634
2018-03-21,Panamax,1606
2018-03-21,Supramax,1117
2018-03-22,Capesize,1129
2018-03-22,Handysize,639
2018-03-22,Panamax,1593
2018-03-22,Supramax,1122
2018-03-23,Capesize,1157
2018-03-23,Handysize,641
2018-03-23,Panamax,1587
2018-03-23,Supramax,1121
2018-03-26,Capesize,1197
2018-03-26,Handysize,645
2018-03-26,Panamax,1575
2018-03-26,Supramax,1116
2018-03-27,Capesize,1191
2018-03-27,Handysize,648
2018-03-27,Panamax,1552
2018-03-27,Supramax,1106
2018-03-28,Capesize,1065
2018-03-28,Handysize,650
2018-03-28,Panamax,1520
2018-03-28,Supramax,1093
2018-03-29,Capesize,1010
2018-03-29,Handysize,652
2018-03-29,Panamax,1495
2018-03-29,Supramax,1080
2018-04-03,Capesize,924
2018-04-03,Handysize,650
2018-04-03,Panamax,1455
2018-04-03,Supramax,1067
2018-04-04,Capesize,841
2018-04-04,Handysize,648
2018-04-04,Panamax,1397
2018-04-04,Supramax,1056
2018-04-05,Capesize,809
2018-04-05,Handysize,644
2018-04-05,Panamax,1343
2018-04-05,Supramax,1042
2018-04-06,Capesize,824
2018-04-06,Handysize,643
2018-04-06,Panamax,1317
2018-04-06,Supramax,1032
2018-04-09,Capesize,854
2018-04-09,Handysize,638
2018-04-09,Panamax,1315
2018-04-09,Supramax,1024
2018-04-10,Capesize,930
2018-04-10,Handysize,636
2018-04-10,Panamax,1319
2018-04-10,Supramax,1016
2018-04-11,Capesize,940
2018-04-11,Handysize,634
2018-04-11,Panamax,1325
2018-04-11,Supramax,1014
2018-04-12,Capesize,982
2018-04-12,Handysize,630
2018-04-12,Panamax,1335
2018-04-12,Supramax,1014
2018-04-13,Capesize,1038
2018-04-13,Handysize,628
2018-04-13,Panamax,1351
2018-04-13,Supramax,1013
2018-04-16,Capesize,1061
2018-04-16,Handysize,626
2018-04-16,Panamax,1359
2018-04-16,Supramax,1016
2018-04-17,Capesize,1152
2018-04-17,Handysize,626
2018-04-17,Panamax,1353
2018-04-17,Supramax,1018
2018-04-18,Capesize,1402
2018-04-18,Handysize,626
2018-04-18,Panamax,1329
2018-04-18,Supramax,1022
2018-04-19,Capesize,1668
2018-04-19,Handysize,623
2018-04-19,Panamax,1306
2018-04-19,Supramax,1022
2018-04-20,Capesize,1915
2018-04-20,Handysize,621
2018-04-20,Panamax,1289
2018-04-20,Supramax,1025
2018-04-23,Capesize,2009
2018-04-23,Handysize,621
2018-04-23,Panamax,1281
2018-04-23,Supramax,1027
2018-04-24,Capesize,2130
2018-04-24,Handysize,617
2018-04-24,Panamax,1269
2018-04-24,Supramax,1030
2018-04-25,Capesize,2314
2018-04-25,Handysize,614
2018-04-25,Panamax,1264
2018-04-25,Supramax,1037
2018-04-26,Capesize,2306
2018-04-26,Handysize,610
2018-04-26,Panamax,1272
2018-04-26,Supramax,1040
2018-04-27,Capesize,2251
2018-04-27,Handysize,605
2018-04-27,Panamax,1275
2018-04-27,Supramax,1042
2018-04-30,Capesize,2173
2018-04-30,Handysize,603
2018-04-30,Panamax,1276
2018-04-30,Supramax,1045
2018-05-01,Capesize,2136
2018-05-01,Handysize,601
2018-05-01,Panamax,1271
2018-05-01,Supramax,1043
2018-05-02,Capesize,2197
2018-05-02,Handysize,597
2018-05-02,Panamax,1271
2018-05-02,Supramax,1043
2018-05-03,Capesize,2308
2018-05-03,Handysize,591
2018-05-03,Panamax,1266
2018-05-03,Supramax,1047
2018-05-04,Capesize,2337
2018-05-04,Handysize,589
2018-05-04,Panamax,1265
2018-05-04,Supramax,1050
2018-05-08,Capesize,2482
2018-05-08,Handysize,585
2018-05-08,Panamax,1257
2018-05-08,Supramax,1051
2018-05-09,Capesize,2616
2018-05-09,Handysize,585
2018-05-09,Panamax,1253
2018-05-09,Supramax,1048
2018-05-10,Capesize,2565
2018-05-10,Handysize,584
2018-05-10,Panamax,1246
2018-05-10,Supramax,1052
2018-05-11,Capesize,2630
2018-05-11,Handysize,584
2018-05-11,Panamax,1245
2018-05-11,Supramax,1053
2018-05-14,Capesize,2635
2018-05-14,Handysize,585
2018-05-14,Panamax,1240
2018-05-14,Supramax,1055
2018-05-15,Capesize,2602
2018-05-15,Handysize,586
2018-05-15,Panamax,1237
2018-05-15,Supramax,1053
2018-05-16,Capesize,2407
2018-05-16,Handysize,587
2018-05-16,Panamax,1237
2018-05-16,Supramax,1056
2018-05-17,Capesize,2106
2018-05-17,Handysize,589
2018-05-17,Panamax,1239
2018-05-17,Supramax,1064
2018-05-18,Capesize,2053
2018-05-18,Handysize,590
2018-05-18,Panamax,1241
2018-05-18,Supramax,1069
2018-05-21,Capesize,1957
2018-05-21,Handysize,591
2018-05-21,Panamax,1243
2018-05-21,Supramax,1071
2018-05-22,Capesize,1854
2018-05-22,Handysize,590
2018-05-22,Panamax,1239
2018-05-22,Supramax,1074
2018-05-23,Capesize,1759
2018-05-23,Handysize,591
2018-05-23,Panamax,1222
2018-05-23,Supramax,1074
2018-05-24,Capesize,1551
2018-05-24,Handysize,590
2018-05-24,Panamax,1202
2018-05-24,Supramax,1074
2018-05-25,Capesize,1395
2018-05-25,Handysize,587
2018-05-25,Panamax,1187
2018-05-25,Supramax,1071
2018-05-29,Capesize,1324
2018-05-29,Handysize,586
2018-05-29,Panamax,1163
2018-05-29,Supramax,1068
2018-05-30,Capesize,1276
2018-05-30,Handysize,584
2018-05-30,Panamax,1149
2018-05-30,Supramax,1064
2018-05-31,Capesize,1401
2018-05-31,Handysize,583
2018-05-31,Panamax,1160
2018-05-31,Supramax,1063
2018-06-01,Capesize,1602
2018-06-01,Handysize,583
2018-06-01,Panamax,1192
2018-06-01,Supramax,1061
2018-06-04,Capesize,1712
2018-06-04,Handysize,583
2018-06-04,Panamax,1217
2018-06-04,Supramax,1061
2018-06-05,Capesize,1835
2018-06-05,Handysize,584
2018-06-05,Panamax,1250
2018-06-05,Supramax,1065
2018-06-06,Capesize,2088
2018-06-06,Handysize,583
2018-06-06,Panamax,1290
2018-06-06,Supramax,1065
2018-06-07,Capesize,2220
2018-06-07,Handysize,583
2018-06-07,Panamax,1344
2018-06-07,Supramax,1072
2018-06-08,Capesize,2151
2018-06-08,Handysize,584
2018-06-08,Panamax,1418
2018-06-08,Supramax,1075
2018-06-11,Capesize,2091
2018-06-11,Handysize,586
2018-06-11,Panamax,1451
2018-06-11,Supramax,1078
2018-06-12,Capesize,2068
2018-06-12,Handysize,588
2018-06-12,Panamax,1474
2018-06-12,Supramax,1084
2018-06-13,Capesize,2091
2018-06-13,Handysize,591
2018-06-13,Panamax,1488
2018-06-13,Supramax,1088
2018-06-14,Capesize,2184
2018-06-14,Handysize,592
2018-06-14,Panamax,1498
2018-06-14,Supramax,1089
2018-06-15,Capesize,2223
2018-06-15,Handysize,593
2018-06-15,Panamax,1495
2018-06-15,Supramax,1091
2018-06-18,Capesize,2228
2018-06-18,Handysize,595
2018-06-18,Panamax,1482
2018-06-18,Supramax,1092
2018-06-19,Capesize,2187
2018-06-19,Handysize,594
2018-06-19,Panamax,1458
2018-06-19,Supramax,1093
2018-06-20,Capesize,2090
2018-06-20,Handysize,593
2018-06-20,Panamax,1419
2018-06-20,Supramax,1094
2018-06-21,Capesize,2038
2018-06-21,Handysize,592
2018-06-21,Panamax,1382
2018-06-21,Supramax,1094
2018-06-22,Capesize,2011
2018-06-22,Handysize,593
2018-06-22,Panamax,1355
2018-06-22,Supramax,1092
2018-06-25,Capesize,2001
2018-06-25,Handysize,592
2018-06-25,Panamax,1339
2018-06-25,Supramax,1085
2018-06-26,Capesize,1986
2018-06-26,Handysize,589
2018-06-26,Panamax,1321
2018-06-26,Supramax,1078
2018-06-27,Capesize,1942
2018-06-27,Handysize,585
2018-06-27,Panamax,1324
2018-06-27,Supramax,1067
2018-06-28,Capesize,2025
2018-06-28,Handysize,583
2018-06-28,Panamax,1331
2018-06-28,Supramax,1055
2018-06-29,Capesize,2170
2018-06-29,Handysize,581
2018-06-29,Panamax,1336
2018-06-29,Supramax,1042
2018-07-02,Capesize,2304
2018-07-02,Handysize,575
2018-07-02,Panamax,1338
2018-07-02,Supramax,1034
2018-07-03,Capesize,2478
2018-07-03,Handysize,571
2018-07-03,Panamax,1336
2018-07-03,Supramax,1025
2018-07-04,Capesize,2743
2018-07-04,Handysize,569
2018-07-04,Panamax,1334
2018-07-04,Supramax,1017
2018-07-05,Capesize,3013
2018-07-05,Handysize,565
2018-07-05,Panamax,1339
2018-07-05,Supramax,1005
2018-07-06,Capesize,3086
2018-07-06,Handysize,563
2018-07-06,Panamax,1347
2018-07-06,Supramax,999
2018-07-09,Capesize,3016
2018-07-09,Handysize,562
2018-07-09,Panamax,1367
2018-07-09,Supramax,997
2018-07-10,Capesize,2792
2018-07-10,Handysize,560
2018-07-10,Panamax,1431
2018-07-10,Supramax,994
2018-07-11,Capesize,2793
2018-07-11,Handysize,558
2018-07-11,Panamax,1498
2018-07-11,Supramax,992
2018-07-12,Capesize,3041
2018-07-12,Handysize,558
2018-07-12,Panamax,1517
2018-07-12,Supramax,994
2018-07-13,Capesize,3156
2018-07-13,Handysize,559
2018-07-13,Panamax,1527
2018-07-13,Supramax,995
2018-07-16,Capesize,3238
2018-07-16,Handysize,559
2018-07-16,Panamax,1529
2018-07-16,Supramax,998
2018-07-17,Capesize,3335
2018-07-17,Handysize,561
2018-07-17,Panamax,1530
2018-07-17,Supramax,1003
2018-07-18,Capesize,3230
2018-07-18,Handysize,561
2018-07-18,Panamax,1529
2018-07-18,Supramax,1008
2018-07-19,Capesize,3130
2018-07-19,Handysize,561
2018-07-19,Panamax,1538
2018-07-19,Supramax,1016
2018-07-20,Capesize,3205
2018-07-20,Handysize,560
2018-07-20,Panamax,1557
2018-07-20,Supramax,1023
2018-07-23,Capesize,3304
2018-07-23,Handysize,560
2018-07-23,Panamax,1566
2018-07-23,Supramax,1028
2018-07-24,Capesize,3461
2018-07-24,Handysize,559
2018-07-24,Panamax,1581
2018-07-24,Supramax,1030
2018-07-25,Capesize,3462
2018-07-25,Handysize,556
2018-07-25,Panamax,1588
2018-07-25,Supramax,1033
2018-07-26,Capesize,3303
2018-07-26,Handysize,554
2018-07-26,Panamax,1583
2018-07-26,Supramax,1034
2018-07-27,Capesize,3197
2018-07-27,Handysize,553
2018-07-27,Panamax,1588
2018-07-27,Supramax,1035
2018-07-30,Capesize,3280
2018-07-30,Handysize,551
2018-07-30,Panamax,1587
2018-07-30,Supramax,1035
2018-07-31,Capesize,3471
2018-07-31,Handysize,549
2018-07-31,Panamax,1570
2018-07-31,Supramax,1035
2018-08-01,Capesize,3515
2018-08-01,Handysize,547
2018-08-01,Panamax,1539
2018-08-01,Supramax,1036
2018-08-02,Capesize,3534
2018-08-02,Handysize,544
2018-08-02,Panamax,1491
2018-08-02,Supramax,1032
2018-08-03,Capesize,3632
2018-08-03,Handysize,543
2018-08-03,Panamax,1447
2018-08-03,Supramax,1030
2018-08-06,Capesize,3654
2018-08-06,Handysize,542
2018-08-06,Panamax,1420
2018-08-06,Supramax,1030
2018-08-07,Capesize,3550
2018-08-07,Handysize,541
2018-08-07,Panamax,1386
2018-08-07,Supramax,1032
2018-08-08,Capesize,3483
2018-08-08,Handysize,541
2018-08-08,Panamax,1365
2018-08-08,Supramax,1035
2018-08-09,Capesize,3472
2018-08-09,Handysize,543
2018-08-09,Panamax,1349
2018-08-09,Supramax,1036
2018-08-10,Capesize,3480
2018-08-10,Handysize,542
2018-08-10,Panamax,1339
2018-08-10,Supramax,1039
2018-08-13,Capesize,3536
2018-08-13,Handysize,543
2018-08-13,Panamax,1339
2018-08-13,Supramax,1040
2018-08-14,Capesize,3587
2018-08-14,Handysize,543
2018-08-14,Panamax,1362
2018-08-14,Supramax,1042
2018-08-15,Capesize,3560
2018-08-15,Handysize,543
2018-08-15,Panamax,1403
2018-08-15,Supramax,1045
2018-08-16,Capesize,3476
2018-08-16,Handysize,544
2018-08-16,Panamax,1447
2018-08-16,Supramax,1050
2018-08-17,Capesize,3454
2018-08-17,Handysize,545
2018-08-17,Panamax,1485
2018-08-17,Supramax,1056
2018-08-20,Capesize,3424
2018-08-20,Handysize,543
2018-08-20,Panamax,1506
2018-08-20,Supramax,1062
2018-08-21,Capesize,3426
2018-08-21,Handysize,543
2018-08-21,Panamax,1530
2018-08-21,Supramax,1069
2018-08-22,Capesize,3371
2018-08-22,Handysize,548
2018-08-22,Panamax,1560
2018-08-22,Supramax,1078
2018-08-23,Capesize,3232
2018-08-23,Handysize,547
2018-08-23,Panamax,1607
2018-08-23,Supramax,1087
2018-08-24,Capesize,3164
2018-08-24,Handysize,551
2018-08-24,Panamax,1630
2018-08-24,Supramax,1095
2018-08-28,Capesize,3088
2018-08-28,Handysize,554
2018-08-28,Panamax,1643
2018-08-28,Supramax,1110
2018-08-29,Capesize,2994
2018-08-29,Handysize,556
2018-08-29,Panamax,1639
2018-08-29,Supramax,1121
2018-08-30,Capesize,2826
2018-08-30,Handysize,559
2018-08-30,Panamax,1608
2018-08-30,Supramax,1128
2018-08-31,Capesize,2732
2018-08-31,Handysize,562
2018-08-31,Panamax,1571
2018-08-31,Supramax,1132
2018-09-03,Capesize,2672
2018-09-03,Handysize,563
2018-09-03,Panamax,1540
2018-09-03,Supramax,1133
2018-09-04,Capesize,2535
2018-09-04,Handysize,564
2018-09-04,Panamax,1517
2018-09-04,Supramax,1135
2018-09-05,Capesize,2410
2018-09-05,Handysize,565
2018-09-05,Panamax,1504
2018-09-05,Supramax,1135
2018-09-06,Capesize,2424
2018-09-06,Handysize,565
2018-09-06,Panamax,1516
2018-09-06,Supramax,1135
2018-09-07,Capesize,2411
2018-09-07,Handysize,568
2018-09-07,Panamax,1528
2018-09-07,Supramax,1134
2018-09-10,Capesize,2363
2018-09-10,Handysize,569
2018-09-10,Panamax,1544
2018-09-10,Supramax,1136
2018-09-11,Capesize,2191
2018-09-11,Handysize,572
2018-09-11,Panamax,1556
2018-09-11,Supramax,1135
2018-09-12,Capesize,2074
2018-09-12,Handysize,576
2018-09-12,Panamax,1550
2018-09-12,Supramax,1134
2018-09-13,Capesize,1980
2018-09-13,Handysize,581
2018-09-13,Panamax,1534
2018-09-13,Supramax,1132
2018-09-14,Capesize,1900
2018-09-14,Handysize,588
2018-09-14,Panamax,1523
2018-09-14,Supramax,1134
2018-09-17,Capesize,1853
2018-09-17,Handysize,596
2018-09-17,Panamax,1518
2018-09-17,Supramax,1138
2018-09-18,Capesize,1826
2018-09-18,Handysize,600
2018-09-18,Panamax,1525
2018-09-18,Supramax,1151
2018-09-19,Capesize,1850
2018-09-19,Handysize,604
2018-09-19,Panamax,1530
2018-09-19,Supramax,1159
2018-09-20,Capesize,1838
2018-09-20,Handysize,612
2018-09-20,Panamax,1557
2018-09-20,Supramax,1169
2018-09-21,Capesize,1840
2018-09-21,Handysize,617
2018-09-21,Panamax,1586
2018-09-21,Supramax,1175
2018-09-24,Capesize,1864
2018-09-24,Handysize,622
2018-09-24,Panamax,1609
2018-09-24,Supramax,1185
2018-09-25,Capesize,1868
2018-09-25,Handysize,622
2018-09-25,Panamax,1639
2018-09-25,Supramax,1190
2018-09-26,Capesize,1910
2018-09-26,Handysize,626
2018-09-26,Panamax,1677
2018-09-26,Supramax,1194
2018-09-27,Capesize,1949
2018-09-27,Handysize,627
2018-09-27,Panamax,1689
2018-09-27,Supramax,1195
2018-09-28,Capesize,2000
2018-09-28,Handysize,629
2018-09-28,Panamax,1695
2018-09-28,Supramax,1194
2018-10-01,Capesize,2061
2018-10-01,Handysize,630
2018-10-01,Panamax,1692
2018-10-01,Supramax,1193
2018-10-02,Capesize,2148
2018-10-02,Handysize,631
2018-10-02,Panamax,1678
2018-10-02,Supramax,1189
2018-10-03,Capesize,2199
2018-10-03,Handysize,633
2018-10-03,Panamax,1679
2018-10-03,Supramax,1190
2018-10-04,Capesize,2148
2018-10-04,Handysize,634
2018-10-04,Panamax,1706
2018-10-04,Supramax,1192
2018-10-05,Capesize,2081
2018-10-05,Handysize,637
2018-10-05,Panamax,1727
2018-10-05,Supramax,1197
2018-10-08,Capesize,2042
2018-10-08,Handysize,639
2018-10-08,Panamax,1749
2018-10-08,Supramax,1201
2018-10-09,Capesize,1961
2018-10-09,Handysize,643
2018-10-09,Panamax,1747
2018-10-09,Supramax,1203
2018-10-10,Capesize,1949
2018-10-10,Handysize,647
2018-10-10,Panamax,1749
2018-10-10,Supramax,1205
2018-10-11,Capesize,2005
2018-10-11,Handysize,652
2018-10-11,Panamax,1763
2018-10-11,Supramax,1207
2018-10-12,Capesize,2169
2018-10-12,Handysize,657
2018-10-12,Panamax,1775
2018-10-12,Supramax,1204
2018-10-15,Capesize,2189
2018-10-15,Handysize,661
2018-10-15,Panamax,1779
2018-10-15,Supramax,1200
2018-10-16,Capesize,2164
2018-10-16,Handysize,663
2018-10-16,Panamax,1793
2018-10-16,Supramax,1196
2018-10-17,Capesize,2106
2018-10-17,Handysize,665
2018-10-17,Panamax,1796
2018-10-17,Supramax,1192
2018-10-18,Capesize,2176
2018-10-18,Handysize,668
2018-10-18,Panamax,1789
2018-10-18,Supramax,1181
2018-10-19,Capesize,2230
2018-10-19,Handysize,670
2018-10-19,Panamax,1775
2018-10-19,Supramax,1170
2018-10-22,Capesize,2296
2018-10-22,Handysize,671
2018-10-22,Panamax,1756
2018-10-22,Supramax,1163
2018-10-23,Capesize,2363
2018-10-23,Handysize,673
2018-10-23,Panamax,1715
2018-10-23,Supramax,1156
2018-10-24,Capesize,2388
2018-10-24,Handysize,675
2018-10-24,Panamax,1669
2018-10-24,Supramax,1144
2018-10-25,Capesize,2353
2018-10-25,Handysize,676
2018-10-25,Panamax,1622
2018-10-25,Supramax,1132
2018-10-26,Capesize,2526
2018-10-26,Handysize,675
2018-10-26,Panamax,1583
2018-10-26,Supramax,1117
2018-10-29,Capesize,2607
2018-10-29,Handysize,675
2018-10-29,Panamax,1556
2018-10-29,Supramax,1106
2018-10-30,Capesize,2630
2018-10-30,Handysize,675
2018-10-30,Panamax,1530
2018-10-30,Supramax,1087
2018-10-31,Capesize,2596
2018-10-31,Handysize,671
2018-10-31,Panamax,1524
2018-10-31,Supramax,1073
2018-11-01,Capesize,2530
2018-11-01,Handysize,668
2018-11-01,Panamax,1526
2018-11-01,Supramax,1061
2018-11-02,Capesize,2502
2018-11-02,Handysize,666
2018-11-02,Panamax,1530
2018-11-02,Supramax,1051
2018-11-05,Capesize,2397
2018-11-05,Handysize,665
2018-11-05,Panamax,1531
2018-11-05,Supramax,1041
2018-11-06,Capesize,2296
2018-11-06,Handysize,663
2018-11-06,Panamax,1528
2018-11-06,Supramax,1033
2018-11-07,Capesize,1968
2018-11-07,Handysize,660
2018-11-07,Panamax,1511
2018-11-07,Supramax,1021
2018-11-08,Capesize,1747
2018-11-08,Handysize,658
2018-11-08,Panamax,1496
2018-11-08,Supramax,1013
2018-11-09,Capesize,1461
2018-11-09,Handysize,656
2018-11-09,Panamax,1495
2018-11-09,Supramax,1003
2018-11-12,Capesize,1398
2018-11-12,Handysize,654
2018-11-12,Panamax,1496
2018-11-12,Supramax,994
2018-11-13,Capesize,1153
2018-11-13,Handysize,653
2018-11-13,Panamax,1498
2018-11-13,Supramax,986
2018-11-14,Capesize,940
2018-11-14,Handysize,652
2018-11-14,Panamax,1484
2018-11-14,Supramax,982
2018-11-15,Capesize,1007
2018-11-15,Handysize,649
2018-11-15,Panamax,1466
2018-11-15,Supramax,970
2018-11-16,Capesize,1057
2018-11-16,Handysize,646
2018-11-16,Panamax,1453
2018-11-16,Supramax,969
2018-11-19,Capesize,1050
2018-11-19,Handysize,645
2018-11-19,Panamax,1437
2018-11-19,Supramax,964
2018-11-20,Capesize,1002
2018-11-20,Handysize,644
2018-11-20,Panamax,1416
2018-11-20,Supramax,963
2018-11-21,Capesize,1056
2018-11-21,Handysize,642
2018-11-21,Panamax,1393
2018-11-21,Supramax,959
2018-11-22,Capesize,1089
2018-11-22,Handysize,638
2018-11-22,Panamax,1378
2018-11-22,Supramax,956
2018-11-23,Capesize,1358
2018-11-23,Handysize,635
2018-11-23,Panamax,1376
2018-11-23,Supramax,952
2018-11-26,Capesize,1789
2018-11-26,Handysize,633
2018-11-26,Panamax,1389
2018-11-26,Supramax,947
2018-11-27,Capesize,2170
2018-11-27,Handysize,631
2018-11-27,Panamax,1416
2018-11-27,Supramax,943
2018-11-28,Capesize,2121
2018-11-28,Handysize,629
2018-11-28,Panamax,1444
2018-11-28,Supramax,942
2018-11-29,Capesize,1950
2018-11-29,Handysize,628
2018-11-29,Panamax,1455
2018-11-29,Supramax,945
2018-11-30,Capesize,1755
2018-11-30,Handysize,626
2018-11-30,Panamax,1463
2018-11-30,Supramax,944
2018-12-03,Capesize,1638
2018-12-03,Handysize,626
2018-12-03,Panamax,1469
2018-12-03,Supramax,945
2018-12-04,Capesize,1739
2018-12-04,Handysize,625
2018-12-04,Panamax,1474
2018-12-04,Supramax,949
2018-12-05,Capesize,1925
2018-12-05,Handysize,625
2018-12-05,Panamax,1472
2018-12-05,Supramax,950
2018-12-06,Capesize,2080
2018-12-06,Handysize,625
2018-12-06,Panamax,1473
2018-12-06,Supramax,951
2018-12-07,Capesize,2197
2018-12-07,Handysize,625
2018-12-07,Panamax,1469
2018-12-07,Supramax,953
2018-12-10,Capesize,2244
2018-12-10,Handysize,624
2018-12-10,Panamax,1464
2018-12-10,Supramax,955
2018-12-11,Capesize,2183
2018-12-11,Handysize,623
2018-12-11,Panamax,1454
2018-12-11,Supramax,958
2018-12-12,Capesize,2153
2018-12-12,Handysize,622
2018-12-12,Panamax,1445
2018-12-12,Supramax,963
2018-12-13,Capesize,2180
2018-12-13,Handysize,621
2018-12-13,Panamax,1459
2018-12-13,Supramax,968
2018-12-14,Capesize,2383
2018-12-14,Handysize,617
2018-12-14,Panamax,1478
2018-12-14,Supramax,974
2018-12-17,Capesize,2433
2018-12-17,Handysize,614
2018-12-17,Panamax,1490
2018-12-17,Supramax,978
2018-12-18,Capesize,2393
2018-12-18,Handysize,611
2018-12-18,Panamax,1494
2018-12-18,Supramax,977
2018-12-19,Capesize,2264
2018-12-19,Handysize,607
2018-12-19,Panamax,1492
2018-12-19,Supramax,979
2018-12-20,Capesize,2071
2018-12-20,Handysize,602
2018-12-20,Panamax,1473
2018-12-20,Supramax,979
2018-12-21,Capesize,1913
2018-12-21,Handysize,597
2018-12-21,Panamax,1437
2018-12-21,Supramax,977
2018-12-24,Capesize,1905
2018-12-24,Handysize,596
2018-12-24,Panamax,1421
2018-12-24,Supramax,975
2019-01-02,Capesize,1987
2019-01-02,Handysize,588
2019-01-02,Panamax,1391
2019-01-02,Supramax,967
2019-01-03,Capesize,1963
2019-01-03,Handysize,578
2019-01-03,Panamax,1365
2019-01-03,Supramax,958
2019-01-04,Capesize,2003
2019-01-04,Handysize,571
2019-01-04,Panamax,1331
2019-01-04,Supramax,946
2019-01-07,Capesize,2016
2019-01-07,Handysize,563
2019-01-07,Panamax,1300
2019-01-07,Supramax,933
2019-01-08,Capesize,2117
2019-01-08,Handysize,556
2019-01-08,Panamax,1257
2019-01-08,Supramax,918
2019-01-09,Capesize,2078
2019-01-09,Handysize,546
2019-01-09,Panamax,1218
2019-01-09,Supramax,893
2019-01-10,Capesize,1987
2019-01-10,Handysize,536
2019-01-10,Panamax,1170
2019-01-10,Supramax,870
2019-01-11,Capesize,1966
2019-01-11,Handysize,524
2019-01-11,Panamax,1137
2019-01-11,Supramax,842
2019-01-14,Capesize,1952
2019-01-14,Handysize,511
2019-01-14,Panamax,1118
2019-01-14,Supramax,814
2019-01-15,Capesize,1831
2019-01-15,Handysize,499
2019-01-15,Panamax,1104
2019-01-15,Supramax,785
2019-01-16,Capesize,1748
2019-01-16,Handysize,483
2019-01-16,Panamax,1079
2019-01-16,Supramax,755
2019-01-17,Capesize,1868
2019-01-17,Handysize,466
2019-01-17,Panamax,1045
2019-01-17,Supramax,729
2019-01-18,Capesize,2037
2019-01-18,Handysize,451
2019-01-18,Panamax,1018
2019-01-18,Supramax,701
2019-01-21,Capesize,2024
2019-01-21,Handysize,442
2019-01-21,Panamax,991
2019-01-21,Supramax,680
2019-01-22,Capesize,1892
2019-01-22,Handysize,432
2019-01-22,Panamax,950
2019-01-22,Supramax,660
2019-01-23,Capesize,1775
2019-01-23,Handysize,423
2019-01-23,Panamax,893
2019-01-23,Supramax,638
2019-01-24,Capesize,1726
2019-01-24,Handysize,409
2019-01-24,Panamax,828
2019-01-24,Supramax,607
2019-01-25,Capesize,1730
2019-01-25,Handysize,395
2019-01-25,Panamax,748
2019-01-25,Supramax,576
2019-01-28,Capesize,1631
2019-01-28,Handysize,384
2019-01-28,Panamax,687
2019-01-28,Supramax,552
2019-01-29,Capesize,1508
2019-01-29,Handysize,368
2019-01-29,Panamax,644
2019-01-29,Supramax,526
2019-01-30,Capesize,1295
2019-01-30,Handysize,347
2019-01-30,Panamax,612
2019-01-30,Supramax,498
2019-01-31,Capesize,1116
2019-01-31,Handysize,328
2019-01-31,Panamax,574
2019-01-31,Supramax,472
2019-02-01,Capesize,1014
2019-02-01,Handysize,311
2019-02-01,Panamax,560
2019-02-01,Supramax,450
2019-02-04,Capesize,984
2019-02-04,Handysize,301
2019-02-04,Panamax,552
2019-02-04,Supramax,438
2019-02-05,Capesize,972
2019-02-05,Handysize,294
2019-02-05,Panamax,553
2019-02-05,Supramax,423
2019-02-06,Capesize,929
2019-02-06,Handysize,294
2019-02-06,Panamax,553
2019-02-06,Supramax,415
2019-02-07,Capesize,846
2019-02-07,Handysize,290
2019-02-07,Panamax,561
2019-02-07,Supramax,414
2019-02-08,Capesize,792
2019-02-08,Handysize,290
2019-02-08,Panamax,574
2019-02-08,Supramax,415
2019-02-11,Capesize,736
2019-02-11,Handysize,292
2019-02-11,Panamax,586
2019-02-11,Supramax,429
2019-02-12,Capesize,711
2019-02-12,Handysize,296
2019-02-12,Panamax,600
2019-02-12,Supramax,454
2019-02-13,Capesize,707
2019-02-13,Handysize,302
2019-02-13,Panamax,611
2019-02-13,Supramax,478
2019-02-14,Capesize,729
2019-02-14,Handysize,311
2019-02-14,Panamax,619
2019-02-14,Supramax,526
2019-02-15,Capesize,727
2019-02-15,Handysize,315
2019-02-15,Panamax,624
2019-02-15,Supramax,560
2019-02-18,Capesize,713
2019-02-18,Handysize,322
2019-02-18,Panamax,628
2019-02-18,Supramax,594
2019-02-19,Capesize,650
2019-02-19,Handysize,335
2019-02-19,Panamax,639
2019-02-19,Supramax,625
2019-02-20,Capesize,578
2019-02-20,Handysize,345
2019-02-20,Panamax,649
2019-02-20,Supramax,649
2019-02-21,Capesize,570
2019-02-21,Handysize,353
2019-02-21,Panamax,657
2019-02-21,Supramax,686
2019-02-22,Capesize,545
2019-02-22,Handysize,359
2019-02-22,Panamax,666
2019-02-22,Supramax,707
2019-02-25,Capesize,520
2019-02-25,Handysize,366
2019-02-25,Panamax,685
2019-02-25,Supramax,721
2019-02-26,Capesize,522
2019-02-26,Handysize,372
2019-02-26,Panamax,713
2019-02-26,Supramax,729
2019-02-27,Capesize,500
2019-02-27,Handysize,382
2019-02-27,Panamax,752
2019-02-27,Supramax,738
2019-02-28,Capesize,459
2019-02-28,Handysize,388
2019-02-28,Panamax,813
2019-02-28,Supramax,749
2019-03-01,Capesize,383
2019-03-01,Handysize,393
2019-03-01,Panamax,863
2019-03-01,Supramax,759
2019-03-04,Capesize,355
2019-03-04,Handysize,397
2019-03-04,Panamax,900
2019-03-04,Supramax,767
2019-03-05,Capesize,299
2019-03-05,Handysize,407
2019-03-05,Panamax,924
2019-03-05,Supramax,776
2019-03-06,Capesize,270
2019-03-06,Handysize,413
2019-03-06,Panamax,938
2019-03-06,Supramax,783
2019-03-07,Capesize,236
2019-03-07,Handysize,418
2019-03-07,Panamax,926
2019-03-07,Supramax,790
2019-03-08,Capesize,235
2019-03-08,Handysize,421
2019-03-08,Panamax,894
2019-03-08,Supramax,790
2019-03-11,Capesize,250
2019-03-11,Handysize,424
2019-03-11,Panamax,866
2019-03-11,Supramax,790
2019-03-12,Capesize,278
2019-03-12,Handysize,429
2019-03-12,Panamax,839
2019-03-12,Supramax,789
2019-03-13,Capesize,327
2019-03-13,Handysize,430
2019-03-13,Panamax,823
2019-03-13,Supramax,789
2019-03-14,Capesize,403
2019-03-14,Handysize,434
2019-03-14,Panamax,841
2019-03-14,Supramax,786
2019-03-15,Capesize,520
2019-03-15,Handysize,437
2019-03-15,Panamax,883
2019-03-15,Supramax,786
2019-03-18,Capesize,476
2019-03-18,Handysize,440
2019-03-18,Panamax,905
2019-03-18,Supramax,787
2019-03-19,Capesize,421
2019-03-19,Handysize,443
2019-03-19,Panamax,922
2019-03-19,Supramax,789
2019-03-20,Capesize,399
2019-03-20,Handysize,446
2019-03-20,Panamax,962
2019-03-20,Supramax,796
2019-03-21,Capesize,288
2019-03-21,Handysize,449
2019-03-21,Panamax,1009
2019-03-21,Supramax,813
2019-03-22,Capesize,251
2019-03-22,Handysize,455
2019-03-22,Panamax,1027
2019-03-22,Supramax,826
2019-03-25,Capesize,230
2019-03-25,Handysize,458
2019-03-25,Panamax,1036
2019-03-25,Supramax,830
2019-03-26,Capesize,190
2019-03-26,Handysize,463
2019-03-26,Panamax,1053
2019-03-26,Supramax,833
2019-03-27,Capesize,178
2019-03-27,Handysize,466
2019-03-27,Panamax,1056
2019-03-27,Supramax,831
2019-03-28,Capesize,167
2019-03-28,Handysize,467
2019-03-28,Panamax,1087
2019-03-28,Supramax,823
2019-03-29,Capesize,150
2019-03-29,Handysize,464
2019-03-29,Panamax,1102
2019-03-29,Supramax,813
2019-04-01,Capesize,122
2019-04-01,Handysize,461
2019-04-01,Panamax,1110
2019-04-01,Supramax,807
2019-04-02,Capesize,92
2019-04-02,Handysize,455
2019-04-02,Panamax,1120
2019-04-02,Supramax,795
2019-04-03,Capesize,104
2019-04-03,Handysize,448
2019-04-03,Panamax,1127
2019-04-03,Supramax,775
2019-04-04,Capesize,210
2019-04-04,Handysize,437
2019-04-04,Panamax,1124
2019-04-04,Supramax,757
2019-04-05,Capesize,276
2019-04-05,Handysize,432
2019-04-05,Panamax,1114
2019-04-05,Supramax,742
2019-04-08,Capesize,312
2019-04-08,Handysize,425
2019-04-08,Panamax,1101
2019-04-08,Supramax,733
2019-04-09,Capesize,375
2019-04-09,Handysize,419
2019-04-09,Panamax,1085
2019-04-09,Supramax,726
2019-04-10,Capesize,428
2019-04-10,Handysize,411
2019-04-10,Panamax,1074
2019-04-10,Supramax,718
2019-04-11,Capesize,423
2019-04-11,Handysize,406
2019-04-11,Panamax,1071
2019-04-11,Supramax,715
2019-04-12,Capesize,418
2019-04-12,Handysize,403
2019-04-12,Panamax,1073
2019-04-12,Supramax,711
2019-04-15,Capesize,445
2019-04-15,Handysize,399
2019-04-15,Panamax,1092
2019-04-15,Supramax,714
2019-04-16,Capesize,459
2019-04-16,Handysize,397
2019-04-16,Panamax,1119
2019-04-16,Supramax,718
2019-04-17,Capesize,463
2019-04-17,Handysize,394
2019-04-17,Panamax,1147
2019-04-17,Supramax,726
2019-04-18,Capesize,490
2019-04-18,Handysize,390
2019-04-18,Panamax,1162
2019-04-18,Supramax,732
2019-04-23,Capesize,572
2019-04-23,Handysize,391
2019-04-23,Panamax,1171
2019-04-23,Supramax,751
2019-04-24,Capesize,648
2019-04-24,Handysize,392
2019-04-24,Panamax,1177
2019-04-24,Supramax,773
2019-04-25,Capesize,691
2019-04-25,Handysize,391
2019-04-25,Panamax,1182
2019-04-25,Supramax,781
2019-04-26,Capesize,783
2019-04-26,Handysize,389
2019-04-26,Panamax,1186
2019-04-26,Supramax,780
2019-04-29,Capesize,884
2019-04-29,Handysize,386
2019-04-29,Panamax,1189
2019-04-29,Supramax,777
2019-04-30,Capesize,1276
2019-04-30,Handysize,384
2019-04-30,Panamax,1188
2019-04-30,Supramax,768
2019-05-01,Capesize,1389
2019-05-01,Handysize,386
2019-05-01,Panamax,1187
2019-05-01,Supramax,763
2019-05-02,Capesize,1420
2019-05-02,Handysize,384
2019-05-02,Panamax,1189
2019-05-02,Supramax,755
2019-05-03,Capesize,1290
2019-05-03,Handysize,382
2019-05-03,Panamax,1190
2019-05-03,Supramax,752
2019-05-07,Capesize,1119
2019-05-07,Handysize,382
2019-05-07,Panamax,1189
2019-05-07,Supramax,761
2019-05-08,Capesize,1159
2019-05-08,Handysize,382
2019-05-08,Panamax,1188
2019-05-08,Supramax,770
2019-05-09,Capesize,1270
2019-05-09,Handysize,382
2019-05-09,Panamax,1193
2019-05-09,Supramax,776
2019-05-10,Capesize,1371
2019-05-10,Handysize,382
2019-05-10,Panamax,1198
2019-05-10,Supramax,779
2019-05-13,Capesize,1405
2019-05-13,Handysize,382
2019-05-13,Panamax,1211
2019-05-13,Supramax,782
2019-05-14,Capesize,1462
2019-05-14,Handysize,381
2019-05-14,Panamax,1229
2019-05-14,Supramax,783
2019-05-15,Capesize,1417
2019-05-15,Handysize,381
2019-05-15,Panamax,1243
2019-05-15,Supramax,784
2019-05-16,Capesize,1428
2019-05-16,Handysize,383
2019-05-16,Panamax,1252
2019-05-16,Supramax,783
2019-05-17,Capesize,1463
2019-05-17,Handysize,385
2019-05-17,Panamax,1255
2019-05-17,Supramax,780
2019-05-20,Capesize,1470
2019-05-20,Handysize,386
2019-05-20,Panamax,1256
2019-05-20,Supramax,778
2019-05-21,Capesize,1501
2019-05-21,Handysize,388
2019-05-21,Panamax,1258
2019-05-21,Supramax,777
2019-05-22,Capesize,1537
2019-05-22,Handysize,389
2019-05-22,Panamax,1268
2019-05-22,Supramax,778
2019-05-23,Capesize,1558
2019-05-23,Handysize,391
2019-05-23,Panamax,1287
2019-05-23,Supramax,779
2019-05-24,Capesize,1545
2019-05-24,Handysize,393
2019-05-24,Panamax,1304
2019-05-24,Supramax,778
2019-05-28,Capesize,1585
2019-05-28,Handysize,394
2019-05-28,Panamax,1322
2019-05-28,Supramax,771
2019-05-29,Capesize,1659
2019-05-29,Handysize,395
2019-05-29,Panamax,1337
2019-05-29,Supramax,763
2019-05-30,Capesize,1623
2019-05-30,Handysize,397
2019-05-30,Panamax,1340
2019-05-30,Supramax,756
2019-05-31,Capesize,1620
2019-05-31,Handysize,398
2019-05-31,Panamax,1335
2019-05-31,Supramax,752
2019-06-03,Capesize,1650
2019-06-03,Handysize,401
2019-06-03,Panamax,1325
2019-06-03,Supramax,748
2019-06-04,Capesize,1739
2019-06-04,Handysize,403
2019-06-04,Panamax,1304
2019-06-04,Supramax,739
2019-06-05,Capesize,1806
2019-06-05,Handysize,405
2019-06-05,Panamax,1285
2019-06-05,Supramax,731
2019-06-06,Capesize,1826
2019-06-06,Handysize,408
2019-06-06,Panamax,1246
2019-06-06,Supramax,726
2019-06-07,Capesize,1862
2019-06-07,Handysize,412
2019-06-07,Panamax,1213
2019-06-07,Supramax,719
2019-06-10,Capesize,1848
2019-06-10,Handysize,411
2019-06-10,Panamax,1187
2019-06-10,Supramax,717
2019-06-11,Capesize,1798
2019-06-11,Handysize,414
2019-06-11,Panamax,1166
2019-06-11,Supramax,714
2019-06-12,Capesize,1746
2019-06-12,Handysize,416
2019-06-12,Panamax,1149
2019-06-12,Supramax,712
2019-06-13,Capesize,1718
2019-06-13,Handysize,419
2019-06-13,Panamax,1137
2019-06-13,Supramax,710
2019-06-14,Capesize,1800
2019-06-14,Handysize,420
2019-06-14,Panamax,1131
2019-06-14,Supramax,716
2019-06-17,Capesize,1826
2019-06-17,Handysize,422
2019-06-17,Panamax,1125
2019-06-17,Supramax,720
2019-06-18,Capesize,1956
2019-06-18,Handysize,428
2019-06-18,Panamax,1117
2019-06-18,Supramax,728
2019-06-19,Capesize,2051
2019-06-19,Handysize,432
2019-06-19,Panamax,1110
2019-06-19,Supramax,736
2019-06-20,Capesize,2080
2019-06-20,Handysize,437
2019-06-20,Panamax,1101
2019-06-20,Supramax,743
2019-06-21,Capesize,2278
2019-06-21,Handysize,440
2019-06-21,Panamax,1096
2019-06-21,Supramax,751
2019-06-24,Capesize,2363
2019-06-24,Handysize,442
2019-06-24,Panamax,1111
2019-06-24,Supramax,756
2019-06-25,Capesize,2389
2019-06-25,Handysize,442
2019-06-25,Panamax,1150
2019-06-25,Supramax,765
2019-06-26,Capesize,2440
2019-06-26,Handysize,442
2019-06-26,Panamax,1191
2019-06-26,Supramax,774
2019-06-27,Capesize,2465
2019-06-27,Handysize,443
2019-06-27,Panamax,1243
2019-06-27,Supramax,783
2019-06-28,Capesize,2488
2019-06-28,Handysize,442
2019-06-28,Panamax,1286
2019-06-28,Supramax,787
2019-07-01,Capesize,2557
2019-07-01,Handysize,441
2019-07-01,Panamax,1317
2019-07-01,Supramax,792
2019-07-02,Capesize,2717
2019-07-02,Handysize,439
2019-07-02,Panamax,1370
2019-07-02,Supramax,796
2019-07-03,Capesize,2939
2019-07-03,Handysize,440
2019-07-03,Panamax,1433
2019-07-03,Supramax,803
2019-07-04,Capesize,3298
2019-07-04,Handysize,443
2019-07-04,Panamax,1569
2019-07-04,Supramax,814
2019-07-05,Capesize,3346
2019-07-05,Handysize,448
2019-07-05,Panamax,1665
2019-07-05,Supramax,820
2019-07-08,Capesize,3260
2019-07-08,Handysize,454
2019-07-08,Panamax,1695
2019-07-08,Supramax,829
2019-07-09,Capesize,3343
2019-07-09,Handysize,458
2019-07-09,Panamax,1739
2019-07-09,Supramax,835
2019-07-10,Capesize,3361
2019-07-10,Handysize,463
2019-07-10,Panamax,1791
2019-07-10,Supramax,845
2019-07-11,Capesize,3416
2019-07-11,Handysize,468
2019-07-11,Panamax,1881
2019-07-11,Supramax,860
2019-07-12,Capesize,3541
2019-07-12,Handysize,472
2019-07-12,Panamax,1945
2019-07-12,Supramax,879
2019-07-15,Capesize,3724
2019-07-15,Handysize,472
2019-07-15,Panamax,1992
2019-07-15,Supramax,888
2019-07-16,Capesize,3968
2019-07-16,Handysize,477
2019-07-16,Panamax,2052
2019-07-16,Supramax,905
2019-07-17,Capesize,4095
2019-07-17,Handysize,481
2019-07-17,Panamax,2085
2019-07-17,Supramax,928
2019-07-18,Capesize,4256
2019-07-18,Handysize,486
2019-07-18,Panamax,2134
2019-07-18,Supramax,953
2019-07-19,Capesize,4379
2019-07-19,Handysize,492
2019-07-19,Panamax,2170
2019-07-19,Supramax,982
2019-07-22,Capesize,4438
2019-07-22,Handysize,497
2019-07-22,Panamax,2201
2019-07-22,Supramax,1002
2019-07-23,Capesize,4315
2019-07-23,Handysize,503
2019-07-23,Panamax,2219
2019-07-23,Supramax,1017
2019-07-24,Capesize,3808
2019-07-24,Handysize,506
2019-07-24,Panamax,2209
2019-07-24,Supramax,1019
2019-07-25,Capesize,3609
2019-07-25,Handysize,512
2019-07-25,Panamax,2180
2019-07-25,Supramax,1012
2019-07-26,Capesize,3647
2019-07-26,Handysize,515
2019-07-26,Panamax,2109
2019-07-26,Supramax,1005
2019-07-29,Capesize,3660
2019-07-29,Handysize,516
2019-07-29,Panamax,2050
2019-07-29,Supramax,996
2019-07-30,Capesize,3664
2019-07-30,Handysize,516
2019-07-30,Panamax,1969
2019-07-30,Supramax,988
2019-07-31,Capesize,3657
2019-07-31,Handysize,516
2019-07-31,Panamax,1891
2019-07-31,Supramax,982
